"Response:  Based on the premise ""Atik la te pake nan fim bouji,"" Option A"
"Response: 
Option A:  Mwen te jwenn yon bout tikè.  
"
"Response:  Based on the premise ""Tèrmit anvayi kay la,"" option A is"
"Response: 
Option B: Ajan patwouy la te akize yo de kontrebann."
"Response:  Based on the premise ""Biwo a te fèmen"" (There are many women),"
"Response: 
Option A: Li te jwe dam. (More likely)"
"Response: 
Option B: Li te soti nan liy lan. 
Explanation: Based"
"Response: 
Option A: Tibebe a te bave sou bib li. (Ti fi a"
"Response: 
Option A: Piblik la te bat men yo ansanm ak mizik la"
Response:  Based on the premise provided, option A (Ti fi a te rete apre le
"Response: 
Option A: Konsiltan kan yo te di yo yon istwa fantom."
"Response: 
Option A: Li te pèdi nan panse.  
Explanation: Based"
"Response: 
Option A:  Kont labank mwen te vid.  
Explanation: "
Response:  Based on the premise provided, option A (“Li efase spam la”)
"Response: 
Option A: Li te ekspoze a maladi a. (More likely)"
"Response: 
Option A: Li te resite l pou tèt li.  
Explanation:"
"Response: 
Option A: Dlo a te bese swaf mwen. 
Explanation"
"Response: 
Option A: Offering a friend a ride home from work is more likely based on the"
"Response: 
Option A:  Mwen te santi m koupab.  
Explanation"
"Response: 
Option A:  Chèn lan te vlope nan yon kawotchou"
Response:  Based on the premise provided, option A (Yo te fatigue diskite) is the
Response:  Based on the premise provided, Option A (Li te anboche yon manadjè
Response:  Based on the premise provided, option A (Li te mete rad cho nan valiz li
"Response: 
Option A: Li leve men l. 
Explanation:  Based on the"
"Response: 
Option A: Li te gen pousyè nan je l. 
Explanation"
Response:  Based on the given premise, option A (Oponan li te akize l de tr
"Response: 
Option A: Li te pran elèv la ap tronpe.  
Ex"
"Response: 
Option A:  Mwen pèdi vwa m.  
Explanation:"
"Response: 
Option A:  Mwen mete l nan mikwo ond lan.  
"
Response:  Based on the premise provided, option A (Li te gen krak nan vant) is
"Response: 
Option A: Li te kouri sou kouvèti pisin lan. (The dog"
"Response: 
Option A: Se te jououvetti fim nan. 
Explanation: "
"Response: 
Option A:  Moun te izole l.  
Explanation:  The"
"Response: 
Option A: Li te ekri yon lèt. (More likely)"
"Response: 
Option A: Piblik la te kontan anpil. (Publish the entire"
"Response: 
Option A: Zanmi m te fè m tann. 
Explanation"
"Response: 
Option A: Yo te devlope Zam Nikeleyè. 
Explan"
"Response: 
Option A: Li te vin dòmi. 
Explanation: According to the"
"Response: 
Option A: Pye sofa a te vin sou. 
Explanation: "
"Response:  Based on the premise ""Ti gason an te bourade balon an,"" option A"
"Response: 
Option A: Yo te depaje valiz yo. (I will take your bag.)"
"Response: 
Option A: Pèsik la blese. 
Explanation:  The"
"Response: 
Option A: Mwen te manje yon donut. 
Explanation:"
"Response: 
Option B: Pòt la fèmen. 
Explanation: The prem"
Response:  Based on the premise provided, option A (Aktivis yo te boykot pvod
"Response: 
Option A: Yon sourit rale soti nan twou a. 
"
"Response: 
Option A: Sè l te kontan. 
Explanation:  The prem"
"Response: 
Option B: Mwen chanche chemiz mwen. 
Explanation: The"
"Response: 
Option B: Kliyan an te ba li lajan an.  
Explanation"
"Response: 
Option B: Li te voye foul moun yo ale.  
Explanation"
"Response: 
Option A: Li te manke paran li. (He will make a mess.)
"
"Response:  Based on the premise ""Radè pilòt la detekte yon tanpèt"
"Response: 
Option A: Fèy yo te vin gen koulè.  
Explanation"
"Response: 
Option A: Li deside jwe yon jwèt kat ak sè li."
"Response: 
Option B: Papa l te sispann machin nan nan yon estasyon gaz"
Response:  Based on the premise provided, option A (Pwason an sote soti nan tank
"Response: 
Option A: Li chanche afilyasyon pati li. 
Explan"
"Response: 
Option A:  Mwen te vire tiyo a.  
Explanation:"
"Response: 
Option A: Tren an te rive nan estasyon an. 
Explan"
"Response:  Based on the premise ""Nonm lan te peze sou flach mouye anvlò"
"Response: 
Option A: Yo te renmen fè zanmi youn ak lòt"
Response:  Based on the premise provided, option A (Yo te revoke l nan pozisyon
"Response: 
Option A: Mwen tande revèy la ap fè tik.  
"
"Response: 
Option A:  Mwen te gen yon ti kè sere.  
Ex"
"Response: 
Option A:  Mwen ranplase boulon an.  
Explanation"
Response:  Based on the premise provided, option A (Koup la te deplase nan apat
"Response: 
Option A: Li te vle gade solèy kouche a. (It"
"Response: 
Option B: Dlo a te pa fon. 
Explanation:  The sentence"
"Response: 
Option B: Li frape kle a backspace.  
Explanation:  Based"
"Response: 
Option A: Li te resevwa yon move nòt.  
Explan"
"Response: 
Option A: Li te tonbe tout lannwit. 
Explanation:"
"Response: 
Option A: Li te pase nwit la nan yon otèl.  "
Response:  Based on the premise provided, option A (Li te chita nan lonbraj la)
"Response: 
Option A: Chèchè yo te retire teyori a."
Response:  Based on the premise provided, option A (Jwét la te ale nan ekstans
"Response: 
Option A: Mwen fèmen blòk la. 
Explanation:"
"Response: 
Option B: Papa a te pran men pitit gason l lan. 
Ex"
"Response: 
Option A: Mwen te ranmase nèj la nan yon boul n"
"Response: 
Option A: Kayak la rive sou rivaj la.  
Explanation:"
"Response: 
Option A: Li lage gid la.  
Explanation: The premise"
"Response: 
Option B: Mwen te santi lè fre pase sou mwen. 
"
"Response: 
Option A: Yo te tranpe. (I will push you)
Explanation"
"Response: 
Option B: Dlo a te koule sou etaj la.  
Explan"
Response:  Based on the given premise, option B (Li te konfese li te enfidelite
"Response: 
Option B: Mwen vide dlo sou afich la.  
Explanation:"
"Response: 
Option A: Li te gen yon kochma. (The child was born with a"
"Response: 
Option A:  Papa l chita bò tab la.  
Explanation:"
"Response: 
Option B: Mwen te fè moveman bra m. 
Explanation:"
Response:  Based on the premise provided, option A (Sitwayen yo te fè yon
"Response: 
Option A:  Li te mete yon tant.  
Explanation: "
"Response: 
Option B: Li te vle aprann sou lòt kilti.  
Ex"
"Response: 
Option A: Yo te fè yon kòlèg li monté. "
"Response: 
Option B: Li te ap medite.  
Explanation: The premise """
"Response: 
Option A:  Li mete blanchiman nan li.  
Explanation:"
"Response: 
Option A: Li te kritike travay li te fè anvan an. 
"
Response:  Based on the premise provided, Option A (Li te egzeyate nan lame a
"Response: 
Option A: Etajè yo te kouvri ak pousyè. "
"Response: 
Option A: Mwen te limen yon limyè. 
Explanation"
"Response: 
Option A: Li te sanble pè. 
Explanation: The premise"
"Response: 
Option A: Mwen vide bè nan sak la.  
Explanation:"
"Response: 
Option A:  Kouran nan katye a te koupe. (The storm will"
"Response:  Based on the premise ""Oratè a te fè kòmantè ki pa"
"Response: 
Option A: Yon ti jan swe te koule sou figi m. (The"
Response:  Based on the premise provided, option A (Let the grandmother) is the most likely
"Response: 
Option A: Li te gen yon frèt. (More likely)"
"Response: 
Option A: Asansè a te rive nan etaj la ki deziyen."
"Response: 
Option A: Li te bay paran li manti. 
Explanation: "
"Response: 
Option A: Twalét la te plén.  
Explanation: Based on"
"Response: 
Option A:  Mèt la te mete yon kolye sou ti chen an"
Response:  Based on the premise provided, option A (Li te kanpe anba pyebwa a
"Response: 
Option B: Mwen te rankontre l pou dine.  
Explanation"
Response:  Based on the premise provided, option A (Chen yo te kouri kite kay
"Response: 
Option A: Tan an te frèt. 
Explanation: Based on the prem"
Response:  Based on the premise provided, option A (Yo te vle pi bon kondisy
"Response: 
Option A: Yon sant pouri te ranpli kwizin nan.  
Ex"
"Response: 
Option A: Li te mete gwo talon.  
Explanation: Based"
"Response:  Based on the premise ""Vapè te monte nan po dlo a,"" option A"
"Response: 
The correct answer is (A) Mwen te mete sandal. The phrase ""T"
Response:  Based on the premise provided, option A (Li pèdi sipò votè yo
Response:  Based on the given premise, option A (Koup la vin ansent) is more likely
"Response:  Based on the premise ""Yo te dedye bilding lan pour milyonè a"
"Response: 
The correct answer is (A) Asistan lavant lan te wè ti fi a met"
"Response: 
Option B: Sòlda yo te reyini ak fanmi yo. 
Ex"
Response:  Based on the premise provided, option A (Yon revòlt te kòmanse
"Response: 
Option A: Li te pran bonbon yo nan bokal la.  
Explan"
"Response: 
Option A:  Tanpèt la vin pi mal. 
Explanation: "
"Response: 
Option A: Asansè a sispann fonksyone. 
Explan"
Response:  Based on the premise provided, option A (Papa a te achte yon byè
"Response: 
Option A: Sekretè a te ale Lakay Li Pou Jounen An."
"Response: 
Option A: Zanmi l an entèwonp li. (The ant is carrying"
"Response: 
Option A: Kasiye a te bay ti fi a lajan li te change."
Response:  Based on the premise provided, option A (Li te paralize nan yon aks
Response:  Based on the premise provided, option A (Peyi a t ap komemore en
"Response: 
Option B: Yo te enspire fanatik yo. 
Explanation"
"Response: 
Option B: Mwen te santi m fyè. 
Explanation:"
"Response: 
Option A: Li te kon koute nan klas la. (He will not pass the exam"
"Response: 
Option A: Yon tranbleman tè frape vil la. 
Explan"
Response:  Based on the premise provided, option B (Li te fè paran li konnen li
"Response: 
Option A: Boul la te woule ale. 
Explanation: "
"Response: 
Option A: Te gen yon bwat katon nan bwat fatra a"
"Response: 
Option A: Li te bon mache. (It's more likely that he will eat"
Response:  Based on the premise provided, option A (Li pèdi resi l) is more
"Response: 
Option A: Li te geri byen vit.  
Explanation: The phrase"
"Response: 
Option A: Li t ap gade tè a.  
Explanation: Based"
"Response: 
Option A: Moun te vin manje ti mòso yo. 
Explan"
"Response: 
Option A: Sè fanm nan te mare men li. 
Explanation:"
"Response: 
Option A: Let him take a rest. 
Explanation: The sentence ""L"
Response:  Based on the premise provided, option A (Yo te antisipe trafik ki te
"Response: 
Option A: Chèf li te fè l wanj. 
Explan"
Response:  Based on the premise provided, option A (Li te sipòte kòz yo
"Response: 
Option A: Li te gen krentif pou sèn.  
Explanation:"
"Response: 
Option B: Mwen te dekouvri yon kat.  
Explanation"
"Response:  Based on the premise ""Fwi ki fin pouri yo te rete nan solèy"
"Response: 
Option A: Mwen vire ignisyon an. 
Explanation: "
"Response: 
Option A: Li te al wè yon sikyat. (He will have"
"Response: 
Option A: Mwen te manke bwa pou chofe. 
Explan"
"Response: 
Option A:  Li gen yon kranp nan bò li.  
Ex"
"Response: 
Option A: Vwazen m te envite m antre.  
Explan"
"Response: 
Option A:  Mari l te mal konprann enkyetid li.  
"
"Response: 
Option A: Etidyan an reponn kesyon an kòrè"
"Response: 
Option A: Li te ale nan fèm nan.  
Explanation: Based"
"Response: 
Option A: Mwen revele yon sekrè pou li. 
Explan"
Response:  Based on the premise provided, it is more likely that option A (Li te trape y
"Response: 
Option A: Parèy li te kase. 
Explanation:  Based"
Response:  Based on the premise provided, option B (Itlizatè a deplase s
"Response: 
Option A: Te gen yon aksidan sou wout prensipal la."
"Response: 
Option A: Twal twal la sèk. 
Explanation: The"
"Response:  Based on the premise ""Fanm nan mete linèt li,"" it is more likely"
"Response: 
Option A: Li te swete li te ete.  
Explanation: The"
"Response: 
Option A:  Mwen te al dòmi bonè.  
Explanation"
"Response: 
Option A: Li te ap grandi cheve l. (More likely)
Explan"
"Response: 
Option A: Ti gason an te akeyi nouvo kamarad clas la."
"Response: 
Option A: Mwen t ap manje bonbon.  
Explanation: Based"
"Response: 
Option A:  Chofè a te limen lanp devan yo.  
"
"Response: 
Option A: Mwen te pake lòt bò lari a.  
"
"Response: 
Option B: Li te edite esè a. 
Explanation: Based on"
Response:  Based on the premise provided, option A (Mwen te mande pou m pale ak y
"Response: 
Option A:  Klèch pòt la sonnen.  
Explanation"
Response:  Based on the premise provided, option A (Mwen te retire lanp lan) is
"Response: 
Option A: Li te fè movan nan glas la.  
Explanation"
"Response:  Based on the premise ""Elèv la te eseye fè matematik la"
"Response: 
Option A:  Papa a chanche ti bebe a kouchet.  
Ex"
"Response:  Based on the premise ""Ti fi a te voye balon dlo a sou ti"
"Response: 
Option B: Tout moun nan foto yo te refize souri. 
Ex"
Response:  Based on the premise provided, option A (Mwen te santi m poukont m
"Response: 
Option A: Mwen te santi m gen enèji.  
Explanation"
"Response: 
Option A: Li te pran dlo. 
Explanation: The phrase """
Response:  Based on the given premise, option A (Resort la te anboche) is more
"Response: 
Option A: Li te pè zegwi.  
Explanation: The phrase"
"Response:  Based on the premise ""Yon machin mwen pa konnen ki te kanpe dev"
"Response: 
Option A:  Prèv yo te endike li.  
Explanation:"
"Response: 
Option A: Li te koupe bonbon.  
Explanation: Based on the"
"Response: 
Option A: Li glise. (More likely)"
"Response: 
Option A: Li te rete la tout nwit.  
Explanation:"
"Response: 
Option A: Vòlkan an te eklate.  
Explanation:"
"Response:  Based on the premise ""Fanm nan mete soulye l,"" option A is"
"Response: 
Option A:  Li te kite m pase nan bwat ki pou pey"
"Response: 
Option A: Li vann aksyon konpayi li. (The government will"
"Response: 
Option A:  Doktè a te sou konje. 
Explanation:"
"Response: 
Option A: Kay la te pran dife. 
Explanation: Based on"
"Response:  Based on the premise ""Dét ti gason an te vin prune,"" option A ("
"Response: 
Option A: Lèt la te gen gou asid. 
Explanation:"
"Response: 
Option B: Mwen te anreta pour travay. 
Explanation:"
Response:  Based on the premise provided, option A (Kamyon an te fè kolizy
"Response: 
Option B: Yo te kite lekòl. 
Explanation:"
Response:  Based on the premise provided, option A (Mwen te vire boutèy la)
"Response:  Based on the premise ""Yo te fèmen ti gason an deyò k"
"Response: 
Option A: Vizitè a frape pòt la.  
Explan"
"Response: 
Option A: Li te fè netwaye-sèch li. 
Ex"
"Response: 
Option A: Pès dan an te soti nan tib la.  
Explanation"
"Response: 
Option A:  Pacifist yo te fè yon manifestasyon.  
"
"Response: 
Option A: Li mare riban an.
Explanation: Based on the premise"
"Response: 
Option B: Li te sanble pi jèn. 
Explanation:  The"
"Response: 
Option A: Ze a te eklate. 
Explanation: The phrase """
"Response: 
Option A: Li mouri. 
Explanation:  The phrase ""priz"
"Response:  Based on the premise ""Nonm lan pèdi balans li sou eskalye a"
"Response: 
Option A:  Li te pran yon ti kout soda.  
Ex"
"Response: 
Option B: Mwen te tranble. 
Explanation: Based on the prem"
"Response: 
Option A: Kèk nan kamarad clas li yo te respekte l."
"Response: 
The correct answer is (A) Li te viv akote li. This translates to """
"Response: 
Option A: Li te ankouraje pitye.  
Explanation: The"
"Response: 
Option A: Mwen te vle gen yon ti privilèj. 
"
"Response: 
Option A: Mwen te bay men l. 
Explanation:  The sentence"
"Response: 
Option A: Tiyo dife yo te lanse nan lè a.  
Ex"
"Response: 
Option B: Li te sezi. 
Explanation: The correct answer is option"
"Response: 
Option A: Mwen make yon randevou sou kalandriye a. "
Response:  Based on the premise provided, option A (Li te revoke avoka li) is more
"Response: 
Option A: Boul la te sote. (More likely)"
"Response: 
Option B: Li efase repons li.  
Explanation: The prem"
"Response: 
Option A: Advèsè li a te pran pas la.  
Explanation"
"Response: 
Option A: Yo te byen mat. 
Explanation:  The sentence"
"Response: 
Option B: Li te achte chokola pour mennaj li. (Buy"
"Response:  Based on the premise ""Merkyè ki nan tèmomèt la monté,"""
"Response: 
Option A: Twal tribinal la te pran dife. 
Explanation"
"Response: 
Option B: Li te fè triche nan egzamen an. 
Explan"
"Response: 
Option A: Mwen te mete m anjenou atè.  
Explan"
"Response: 
Option A: Li te vin glise. (More likely)"
"Response: 
Option A: Kafe a te gen yon sant fò. 
Explanation"
"Response: 
Option B: Li te kraze papye yo. 
Explanation: The phrase"
"Response: 
Option A:  Klou a te plonje nan bwa a.  
Ex"
"Response: 
Option A: Lapèch la te rale pwason an.  
Explan"
"Response: 
Option A: Li gen yon bouton. (There is a button.)
Explan"
"Response: 
Option A: Mwen te resevwa bon nouvèl. (I will reserve"
"Response: 
Option B: Men m te mouye. 
Explanation: Based on the prem"
Response:  Based on the given premise, option A (Tablo a te tranble anba li)
"Response: 
Option A: Yo pèdi jwèt yo.  
Explanation:"
"Response: 
Option A: Mwen te mande padon.  
Explanation: The sentence"
"Response: 
Option A: Li te poze l kesyon sou tèt li. (The"
"Response: 
Option B: Li te gen grenn.
Explanation: The phrase ""Li te"
"Response: 
Option A: Li te pase sou min an. 
Explanation: The phrase"
"Response: 
Option A: Li te antre nan yon labou. (More likely)"
Response:  Based on the premise provided, option A (Yo te dekouvri identité as
"Response: 
Option B: Mwen te mande pour yon woulib. 
Explan"
"Response: 
Option B: Anpil moun te gen pwoblèm chomaj"
Response:  Based on the premise provided, option A (Yo te pral antre nan trafik
"Response: 
Option B: Li te fè yon remak sarkastike. 
Ex"
"Response: 
Option A: Chofè a te rete sou wout la. (The storm will"
"Response:  Based on the premise ""Fanm nan te kòmanse fè pitit,"""
Response:  Based on the premise provided, option A (Li wete chapo a) is more likely
Response:  Based on the premise provided, option A (Li te resevwa yon envitasy
"Response: 
Option A: Manman l pran tanperati l. 
Explanation:"
Response:  Based on the premise provided, option A (Li te vle enpresyone moun
"Response: 
Option A:  Mwen te chache yon lanp.  
Explanation"
Response:  Based on the premise provided, option A (Pitit gason an te gradye
"Response: 
Option A: Li te vle konsèle enèji l. 
Explan"
"Response: 
Option A: Machin lan voye lajan an. 
Explanation: According"
"Response: 
Option A: Mwen te vire je m sou li. 
Explanation:"
Response:  Based on the premise provided, option A (Li te ekri yon det) is more
"Response: 
Option A: Li koupe klou li.  
Explanation: The phrase """
"Response: 
Option A: Frè l te gen yon diskisyon ak paran yo. ("
"Response: 
Option B: Li te gade zetwal yo.  
Explanation: The"
"Response: 
Option A: Mwen te mete afich la pi wo a pòt la."
Response:  Based on the premise provided, option A (Achitèk la te Konstwi Bild
"Response: 
Option A: Men l te ap tranble. (More likely)"
Response:  Based on the premise provided, option A (Konsèy direktè yo te fonn
"Response: 
Option A:  Mwen te rive an reta nan konferans lan.  "
"Response:  Based on the premise ""Yo te lage nonm sa a nan prizon,"" it"
"Response:  Based on the premise ""Fanmi an te pèdi tout sa yo te genyen"
"Response: 
Option A: Yo te resikle bwat la.
Explanation:"
"Response: 
Option A: Li te aprann sèvi ak yon òdinatè."
Response:  Based on the premise provided, option A (Mwen te koute mizik) is
Response:  Based on the premise provided, option A (Yo te bay moun ki san kay
"Response:  Based on the premise ""Woulèt la te plonje nan yon gwo g"
"Response: 
Option A:  Mwen te tcheke bwat lapòs la lè"
"Response: 
Option A: Li te vwayaje nan nò. (To travel to a place without"
"Response: 
Option A: Mwen te resikle papye a. 
Explanation:"
"Response: 
Option A: Lidè lòt peyi yo te fòme yon"
"Response: 
Option A: Li te soti nan pisin lan. 
Explanation: The"
Response:  Based on the premise provided, option A (“Li te dwe retounen nan bibli
Response:  Based on the premise provided, option A (Yo te mete l nan prizon)
"Response: 
Option A:  Mwen te louvri rido yo.  
Explanation"
"Response: 
Option A:  Li te wete peruk li.  
Explanation: "
"Response: 
Option A: Li te jwenn maniskri a konvenkan.  
Ex"
Response:  Based on the premise provided, option A (Li te reyalize kat la te manke
"Response: 
Option A: Yo te ale nan kolèj. (You will definitely get kicked"
"Response: 
Option A: Mwen te vire moute volim la.  
Explanation"
"Response: 
Option A: Ti fi a te fè li. 
Explanation: According to"
"Response: 
Option A: Mwen te flite tèt mwen ak repelans ensèk"
"Response: 
Option B: Mwen te detann. 
Explanation: The correct answer is"
"Response: 
Option A: Mwen te mande l pou l te vire l. 
Ex"
Response:  Based on the premise provided, Option A (Li te konn fè ekonomi ak la
"Response:  Based on the premise ""Elèv la gradye nan inivèsite a,"""
"Response: 
Option A: Penti a te vin simaye toupatou. 
Explan"
"Response: 
Option B: Konvèsasyon an te vin tansyon. 
Ex"
"Response: 
Option B: Mwen te fè l wè sa li pa t vle wè"
"Response: 
Option A: Se konsa, sènouvèti à te kòmanse"
Response:  Based on the given premise, option A (Kidnapè a te menase pou l
"Response: 
Option A: Mizisyen an tap sou pye l. (Most likely)"
"Response: 
Option A: Timoun nan te reveye ap kriye apre yon koch"
"Response: 
Option A: Li te fèt twò bonè. 
Explanation: According"
Response:  Based on the premise provided, option A (Dlo a vin kontamine) is more
"Response: 
Option A: Zwazo a te vole ale.
Explanation: The phrase"
"Response: 
Option A: Lekòl kite pou ete a.  
Explanation"
Response:  Based on the premise provided, option A (Mèt kay la te nonmen yon
Response:  Based on the premise provided, option A (ekstremis yo te enfliyanse
"Response: 
Option A: Sab cole nan pye m. 
Explanation:  The sentence"
"Response: 
Option A: Mwen mete pantalon swe sou. 
Explanation:"
"Response:  Based on the premise ""Manman an te fè pitit li pa pale,"" option A"
"Response: 
Option A: Mwen te fèmen jip yo. 
Explanation:"
"Response: 
Option B: Dant li te vin dwat. 
Explanation: The phrase"
"Response:  Based on the premise ""Mwen te fè egzèsis nan jimnast"
"Response: 
Option A: Lòt elèv yo te chita bò tab manje mid"
Response:  Based on the premise provided, option A (Li te souse tounen nan lè
"Response:  Based on the premise ""Mwen te depoze lèt la nan bwat lap"
Response:  Based on the premise provided, option A (Li te parye tout lajan li) is
"Response: 
Option A: Van yo te vin pi fò.  
Explanation:  The"
"Response: 
Option A: Manman l voye l nan chanm li. 
Explan"
"Response: 
Option A: Li te siyen testaman li.  
Explanation: According to"
"Response:  Based on the premise ""Mwen te pran yon ti gout nan kafe a"
"Response: 
Option A: Ekriven an te evite prejije nan istwa li yo."
"Response: 
Option A: Mwen te dòmi tout jounen an.  
Explan"
"Response: 
Option A: Li te idantifye sentòm pasyan an. 
Ex"
"Response: 
Option A: Li te swe. (It's unlikely that the speaker will be able to"
Response:  Based on the premise provided, option A (Li pèdi tèt li) is more
"Response: 
Option A: Li te flechi bra l. 
Explanation: The correct answer"
"Response: 
Option A: Li te sezi. 
Explanation: According to the premise"
"Response: 
Option A: Mwen te eskize blunder kòlèg mwen an."
"Response: 
Option B: Li te kòmanse reveye pi bonè.  
Explan"
"Response: 
Option A: Kò atakè a te mouri.  
Explanation:"
"Response: 
Option A: Nonm lan pa t vize byen. 
Explanation:"
Response:  Based on the premise provided, option A (Li te dekouvri rat nan sousò
"Response: 
Option A: Mwen te twò fatigue pour m prepare anyen.  
Ex"
"Response: 
Option A: Li te kòmanse kache jounal la.  
Ex"
"Response: 
Option B: Li te kite travay li. 
Explanation:  The"
"Response:  Based on the premise ""Men timoun nan te rapidman retrè,"" option A is more"
Response:  Based on the premise provided, option A (Offering a new client) is more likely
"Response: 
Option A: Ti gason an te voye kousen yo sou kanape a"
"Response: 
Option A (Lèni m te joure m) is more likely to be the correct"
"Response:  Based on the premise ""Famous statues at the beach,"" option A is more likely"
"Response: 
Option B: Mouch te plen fwi a. 
Explanation: "
"Response: 
Option A:  Li te lonje dwèt sou pye l.  
Explan"
Response:  Based on the premise provided, option A (Li te aprann jan pou l mare yo)
"Response: 
Option A: Mwen te retounen liv la.  
Explanation: "
"Response: 
Option A: Paran l te enfliyanse l. (More likely)"
"Response: 
Option A: Li te manke gaz. (More likely)"
"Response: 
Option A: Glaz la pèdi gou li. 
Explanation:"
"Response: 
Option A: Tapét la te sanble sal. 
Explanation: Based"
"Response: 
Option A: Mwen te gen yon tèt fè mal.  
Explan"
"Response: 
Option A:  Mèt la te joure ti chen an.  
Explan"
"Response: 
Option A: Zanmi m padonnen m. 
Explanation:  The"
Response:  Based on the premise provided, option A (Li te pote yon sakado)
"Response: 
Option A:  Li te konplete temwayaj li.  
Explanation"
"Response: 
Option B: Li te vle melange nan.  
Explanation: The phrase"
"Response: 
Option B: Yo te depòte yo. 
Explanation:  Based"
"Response: 
Option A: Piblik la te ri. 
Explanation:  The phrase"
"Response: 
Option B: Solèy la te bronzé po mwen. 
Explan"
"Response: 
Option B: Mwen te bayou. 
Explanation: The phrase ""M"
"Response: 
Option A: Kouto a te bouke. 
Explanation: The phrase"
"Response: 
Option A: Li te resevwa lajan alimantasyon. (More likely"
"Response: 
Option A: Mwen te mandé si li te soti. 
Explanation"
"Response: 
Option A: Pèt yo te tonbe sou flè a. 
Explanation"
"Response: 
Option A: Li te rankontre yon zanmi li te genyen depi"
"Response:  Based on the premise ""Elèv la te pran tan sou papye a,"" option"
"Response: 
Option B: Mwen rele yon mekanik. 
Explanation:"
"Response: 
Option A: Li te anonim.  
Explanation: The phrase ""M"
"Response: 
Option B: Li te monte.
Explanation: Based on the premise """
"Response: 
Option A:  Garaj la te louvri.  
Explanation: "
Response:  Based on the given premise, option A (Krimyen an lage Zam la) is
Response:  Based on the given premise, option A (Mwen te planifye pou m te as
"Response: 
Option A: Mwen te reve reve.  
Explanation: The correct answer is"
Response:  Based on the premise provided, option A (Enprimant lan te manke lank)
"Response: 
Option A: Fanatik yo te vire sou drapo a.  
Ex"
"Response: 
Option B: Mwen mete sèl ladan l. 
Explanation"
"Response: 
Option A: Ti sèvyèt la te absòbe likid la.  
"
"Response: 
Option B: Li te li viv la ankò. 
Explanation: "
"Response: 
Option B: Nonm lan te gade nan fenèt la. 
Explanation"
"Response: 
Option A: Ti fi a pa t aji avè l. (It's more"
Response:  Based on the premise provided, option A (Yo te ampute janm li)
"Response: 
Option A:  Li souke zepòl li pou l wè.  
"
"Response: 
Option B: Mwen te konnen mwen te gen rezon.  
Explan"
"Response: 
Option A: Ti labou a te cole sou soulye l yo.  
Ex"
"Response: 
Option A: Lekòl yo fèmen. 
Explanation: The"
"Response: 
Option A: Li te ale lakay li pou jounen an.  
Explan"
Response:  Based on the premise provided, option A (Pye bwa a te tonbe sou do
"Response: 
Option A:  Mwen te anpile bwa yo nan chemine a.  "
Response:  Based on the premise provided, option A (koup la te anonse ke yo te
"Response: 
Option A: Li te renmen l. (More likely)
Explanation: Based"
"Response: 
Option A: Mwen te conforn. 
Explanation: Based on the prem"
"Response: 
Option A: Yo te vle jwenn yon konpwomi. "
Response:  Based on the premise provided, option A (Mesye a te dechaje machand
"Response:  Based on the premise ""Fanm sa a te fikse yon objektif"
"Response: 
Option A:  Pitit gason l lan te gen pwoblèm legal"
"Response: 
Option A: Flam yo te mouri. (Flam means ""to burn"" in"
"Response: 
Option A: Yo te revoke lisans chofè li. (More likely"
"Response: 
Option B: Mwen te rate manje maten. 
Explanation: The"
"Response: 
Option B: Fanmi li te asiste konferans pour laprès la. "
"Response: 
Option A:  Dlo a te vin cho.  
Explanation:  The"
"Response: 
Option A: Li te rantre nan yon fratènite. 
Explan"
"Response: 
Option A: Mwen te Kap Chèche Ti Lajan. 
Explanation"
"Response: 
Option A: Ti gason an kouri.
Explanation: The phrase ""Z"
"Response: 
Option A: Yo te kondane l fè sèvis kominotè"
"Response: 
Option A: Te a te bouyi. 
Explanation: The phrase ""M"
"Response: 
Option A: Yo te pran l pou l al nan lagè. (I will"
Response:  Based on the premise provided, option A (Lapolis will become a victim of crime)
"Response:  Based on the premise ""Laptop laptop la pa t'ap vire,"" option A"
"Response: 
Option A: Li te gen yon gwo rad.  
Explanation: Based"
"Response: 
Option A:  Madam m li te fè yon tibebe.  
"
"Response: 
Option A: Li te vin kalifye pou travay li te vle a. ("
"Response: 
Option A: Li te salye odyans lan. (The salt will dissolve in"
"Response: 
Option A: L' te plonje nan fon. 
Explanation: The"
Response:  Based on the premise provided, option A (“Boul la te antre nan twou
"Response:  Based on the premise ""Mwen te respire pousyè nan attic la,"""
Response:  Based on the premise provided, option A (Kliyan an te itilize lajan
"Response: 
Option A: Fetra a te fè kwizin nan santi l mal. 
"
"Response:  Based on the premise ""Fanmi an te ale nan zòo a,"" option A"
"Response: 
Option A:  Li te gen yon maladi ren ki te ap fè l p"
"Response: 
Option A is more likely to be the correct answer because it uses the verb ""mande"""
"Response: 
Option B: Mwen te louvri fenèt yo.  
Explanation:"
"Response: 
Option A: Sak li te louvri.  
Explanation: The correct answer"
"Response: 
Option A: Mwen fè yon gato pou li. 
Explanation"
"Response: 
Option A: Yon myèl pike jardinè a.  
Explan"
"Response: 
Option A: Flam lan te disparèt. (Flam will disappear)
Explan"
Response:  Based on the given premise, option A (Yo pa t vle diskité nan trib
"Response:  Based on the premise ""Yo te voye timoun yo nan yon òfel"
"Response: 
Option A:  Te gen yon tsunami.  
Explanation: "
"Response: 
Option B: Li te pran panik. 
Explanation: The phrase """
"Response: 
Option A:  Mwen te vire fou a.  
Explanation: "
"Response: 
Option A: Limon an vin mouye. 
Explanation: The phrase """
"Response:  Based on the premise ""Peyi a dekouvri nouvo tè,"" it"
"Response: 
Option A: Li kraze tout atè a.  
Explanation: Based on"
"Response:  Based on the premise ""Tab la te tranble,"" option A is more likely to be the"
Response:  Based on the premise provided, option A (Pitit gason l lan konfese
"Response: 
Option A: Li te pran siròp tous. (The patient will take a lot"
"Response: 
Option A: Li t appoche bò estasyon an.  
Explan"
"Response: 
Option A: Li te gen yon fanmi ki te malad mantal. (It"
"Response:  Based on the premise ""Fanm nan te kenbe tèt li,"" Option A"
"Response: 
Option A: Vwa li te sonnen rache. (The sun will shine bright"
"Response: 
Option B: Li te kouche. 
Explanation: Based on the prem"
Response:  Based on the premise provided, option B (Li te vin rich) is more likely to occur
"Response: 
Option A: Sonnen an sonnen. 
Explanation:  The sentence """
"Response: 
Option A: Moun li te konnen yo te montre yo te gen dout."
"Response: 
Option A: Li te préske noye nan oseyan an. (The explosion"
"Response:  Based on the premise ""Timoun nan lage kòd balon an,"" option A"
"Response: 
Option A: Li te gen yon kriz. (There is a crisis.)
Ex"
"Response: 
Option A:  Te gen yon krak nan siman an.  
Explan"
"Response: 
Option A: Gad lavi a te sote dèyè l. 
"
"Response: 
Option A: Enfeksyon m te fini. 
Explanation:"
"Response: 
Option A: Chofè a te pouse fren an.  
Explanation"
"Response: 
Option A:  Mwen tranpe veso a nan dlo cho.  
Ex"
"Response: 
Option A: Chofè a te frape yon poto telefòn."
"Response: 
The correct answer is (A) Li pa t pran egzamen an. This means"
"Response: 
Option A: Li te pè aprann naje. 
Explanation: Based"
"Response: 
Option A: Mwen te santi batman kè m. 
Explanation"
"Response: 
Option A: Biwo mwen an te chaje. 
Explanation: The"
Response:  Based on the premise provided, option A (Fanmi an te invite vwaz
"Response: 
Option A:  Nè a plonje nan pisin lan.  
Explan"
"Response: 
Option B: Mwen te aksidan kraze dan mwen.  
Explan"
"Response: 
Option A:  Sak li te louvri.  
Explanation:  The"
"Response: 
Option A: Bri te distrè li.  
Explanation: Based on"
"Response: 
Option A: Mwen bwè tout dlo ki te ladan l. 
"
Response:  Based on the premise provided, option B (Li te gen yon konplo konp
"Response: 
Option B: Ekip la te rankontre pirat.  
Explanation:"
"Response: 
Option A: Li rezoud devinèt la.  
Explanation: The prem"
"Response: 
Option B: Mesye a te reponn telefòn lan. 
Ex"
"Response: 
Option B: Mwen te santi m mal. 
Explanation:  The"
"Response: 
Option B: Yo te gade tout bagay yo te montre yo. 
"
"Response: 
Option A: Zanmi m te fè m konnen mesye a. 
"
"Response: 
Option A: Mwen te pompe lè nan kawotchou a. "
"Response: 
Option A:  Papa l te li yon istwa pou li.  
Explan"
"Response: 
Option B: Mwen te siyen non mwen.  
Explanation: The"
"Response:  Based on the premise ""Yo te refize l yon prè,"" option A ("
"Response: 
Option A: Li te gen poul. (It's more likely that they will get"
"Response: 
Option A:  Mwen te pran l nan bwat fatra a.  "
"Response: 
Option A: Madanm mwen te konn viv avè l'lan te vide"
"Response: 
Option A: Li te fèmen òdinatè l.  
Explan"
"Response: 
Option A: Ti pye a boule. (Ti will die of laughter)"
"Response: 
Option A: Dlo cho a te disparét. (It's unlikely that the non"
"Response: 
Option A: Yo mete yon fon pou peye lekòl la"
"Response: 
Option A:  Soulye yo te debarase.  
Explanation:"
"Response: 
Option A: Li te refwadi rès manje yo.  
Explanation"
"Response: 
Option A:  Mwen mete glas sou li.  
Explanation:"
"Response: 
Option A:  Mwen te pale ak kòlèg mwen nan biwo m"
"Response: 
Option B: Mwen te pran yon magazin. 
Explanation"
"Response: 
Option A: Mouch la te souke ale. 
Explanation: The prem"
"Response: 
Option A: Li te mouri. 
Explanation: Based on the premise"
Response:  Based on the premise provided, option A (Li te retire l nan kous la)
"Response: 
Option B: Mwen te vini ak yon solisyon. 
Explan"
"Response:  Based on the premise ""Vwayajè a te mache sou pon an sispans"
"Response: 
Option A: Li te rankontre zanmi l yo pou l gade match la"
"Response: 
Option A:  Li mete revèy alam li.  
Explanation"
