"   Based on the given premise ""Toode oli pakitud mullipakendis,"" it"
"   Based on the given premise ""Ma tühjendasin taskud,"" it is more"
   Based on the given premise, option A (Termitid kadusid majast)
   Based on the given premise, Option B (Patrullagend süüdis t
"   Based on the given premise ""Kontor oli suletud,"" it is more likely"
   Based on the given premise, option A (Take mengis dami) is more likely
   Based on the given premise, option A (Järjest rohkem inimesi ast
   Based on the given premise, option A (Laps sülges oma salli pe
   Based on the given premise, option A (Publik plaksutas koos muus
   Based on the given premise, option A (Tüdruk jäi pärast
   Based on the given premise, option A (Nende laagrijuht rää
"   Based on the given premise ""Mees lõi pea ära,"" option A is"
"   Based on the given premise ""Minu tšekk ei tulnud"","
   Based on the given premise, option A (Ta kustutas rämpspost
"   Based on the given premise ""Meremees oli karantiinis"", option A is"
   Based on the given premise, option A (Ta lausus seda endale)
"   Based on the given premise ""Ma valasin klaasi vett"", option A is"
   Based on the given premise, option A (Ta tahtis oma sõp
""
"   Based on the given premise ""Ketas läks lahti"", option A is more"
   Based on the premise provided, option A (Nad väsisid vaidlemast
   Based on the given premise, option B (Ta tunnistas kohtus) is
"   Based on the given premise, it is more likely that option A will occur - ""Ta"
 According to
   Based on the given premise, option A (Tolm läks ta silmadesse
   Based on the given premise, option B (Tema vastane kahetses teda
   Based on the given premise, option A (Ta tabas õpilast pet
"   Based on the given premise ""Ma lõpetasin rääkimise,"" option"
   Based on the given information, option A (Panin selle mikrolaineahju)
   Based on the given premise, option A (Tal olid kõhukramb
"   Based on the given premise ""Tüdruk maandus basseini,"" option A"
   Based on the given information, option A (See oli filmi avapäev) is
"   Based on the given premise ""Mees kaotas kaalu,"" option A is the correct"
   Based on the given premise, option B (Ta ronis köie peale)
   Based on the given premise, option B (Akrobat tõusis trape
"   Based on the given premise ""Ma kaotasin oma kannatlikkuse,"""
   Based on the given premise, option A (Nad arendasid tuumarelvi
   Based on the given premise, option B (Tal oli palavik) is more
"   Based on the given premise ""Naine kukkus diivanisse"", it is more"
"   Based on the given premise ""Poiss surus õhupalli"", option A"
   Based on the given premise, it is more likely that Nad will pack their own bags rather
"   Based on the given premise ""Ma hammustasin persikut,"" it is more"
   Based on the given premise, option B (Mul oli magus hammas)
"   Based on the given premise ""Ma surusin ukse,"" option A (Uks av"
   Based on the given premise, option A (Tooteid kontrolliti kvaliteedi
"   Based on the given premise ""Ma puurisin seina auku,"" it is more"
   Based on the given premise, it is more likely that the cause of the noise was Option B
"   Based on the given premise ""Ma valasin oma särgile veini,"""
"   Based on the given premise ""Kassa avas kassa,"" it is more likely that option"
   Based on the given premise, option B (Ta saatis rahva ära)
   Based on the given premise, option A (Ta igatses oma vanemaid
   Based on the given premise, option B (Piloot lendas tormi lä
   Based on the given premise, option A (Lehed muutusid värviliseks
"   Based on the given premise ""Poiss oli õel tuju"", option B is"
   Based on the given premise, option A (Isa andis talle limonaadi)
   Based on the given premise, option A (Kala hüppas akvaariumist
   Based on the given premise, option B (Ta osales protesti) is more likely
   Based on the given premise, option A (Ma lülitasin kraani sisse)
   Based on the given premise, it is more likely that option A (rong saabus ja
   Based on the given premise, it is more likely that Mees will get a headache from
   Based on the given premise, it is more likely that the lack of contact (Option A)
   Based on the given premise, option B (Ta läks rasedus- ja s
"   Based on the given premise ""Ma vaatasin kella,"" it is more likely that"
   Based on the given premise, option B (Mina ja mu naine hoidsime k
"   Based on the given premise ""Pöört tõmbas kinni"", option A is"
   Based on the given premise, option A (Paar kolis korterisse) is more
   Based on the given premise, option A (Ta tahtis päikeseloo
   Based on the given premise, option B (Vesi oli madala) is a more
   Based on the given premise, option B (Ta vajutas tagasi lül
   Based on the given premise, option A (Tal oli halb hinne) is
"   Based on the given premise ""Aed oli mudaga"", option A ""Üleö"
"   Based on the given premise ""Naine jäi magama"", option B is more likely"
"   Based on the given premise ""Mees pani päikesekaitsekreimi"
   Based on the given premise, option A (Tähisted tühitasid teooria
"   Based on the given premise ""Fännid mängus huidasid,"" option A"
   Based on the given premise, option A (Ma sulgesin luku) is more likely
   Based on the given premise, option A (Isa andis pojale raha) is
"   Based on the given premise ""Lumi oli auto ette,"" it is more likely that"
   Based on the given premise, option A (Kajak jõudis kaldale
   Based on the given premise, option B (Ta kukkus aia vastu
   Based on the given premise, option A (Vesi pritsis mu nahka) is
"   Based on the given premise ""Surferid naasid randa,"" it is more likely"
"   Based on the given premise ""Ma tõmbasin vanni välja,"" it"
"   Based on the given premise, option B is more likely to occur. The sentence ""Mees"
"   Based on the given premise, option B is a more likely cause. The sentence ""Ma val"
   Based on the given premise, it is more likely that the dog's barking caused
"   Based on the given premise ""Poiss pani oma jalad lauale"", it"
   Based on the given premise, option A (My car broke down) is a more plaus
   Based on the given premise, option A (Kodanikud korraldasid ü
"   Based on the given premise ""Poiss oli metsas eksinud,"" it"
   Based on the given premise, option A (Ta tahtis õppida jo
   Based on the given premise, option A (Tema Kolleeg sai edutam
"   Based on the given premise ""Mees Nägi Tulnukad"", option A (T"
   Based on the given premise, option B (Ta pani sinna ðampo
   Based on the given premise, option A (Ta kritiseeris oma eelm
   Based on the given premise, option A (Take lasti sõjaväest väl
   Based on the given premise, option A (Riived olid tolmuga kaet
"   Based on the given premise ""Minu maja elekter katkestus,"" option A is"
   Based on the given premise, option A (See tundus hirmutav) is
   Based on the given premise, option A (Ma valasin võile kotti)
   Based on the given premise, option A (Naabrusesläks elekter väl
"   Based on the given premise, it is more likely that option A will occur - ""Ta"
"   Based on the given premise ""Ma pistsin end nõelaga,"" option A is"
"   Based on the premise ""Kala ujus akvaariumi pinnal,"" it is"
   Based on the given premise, option A (Tal olikilm) is a more
   Based on the given information, option A (Lift jõudis määratud
   Based on the given premise, option B (Ta vanemad andsid talle
"   Based on the given premise ""Vannituba on üleujitatud,"" option A"
   Based on the given premise, it is more likely that option A (Omanik pani
"   Based on the given premise ""Mees nägi peegeldust,"" option A is more"
   Based on the given premise, option A (Ma helistasin talle tagasi) is
"   Based on the given premise ""Perekond otsis naabruskonda,"" it"
"   Based on the given premise ""Ma Nägin Oma Hingeohku, Kui V"
   Based on the given premise, option A (Nad tahtsid paremaid tö
   Based on the given premise, it is more likely that the woman's hair was affected by
   Based on the given premise, option A (Ta kandis korghoobaseid
"   Based on the given premise ""Vesipaagist tõusis auru,"""
"   Based on the given premise, it is more likely that ""Ma kandsin saapaid"
"   Based on the premise ""Politik argumenti peeti absurdiks,"" it is more"
   Based on the given premise, it is more likely that option A (Paar jäi
   Based on the given premise, option A (Miljonär tahtis hoone maha
   Based on the given premise, option A (Müügipartner nägi tüdru
   Based on the given premise, option A (Sõdurid saadeti völ
"   Based on the given premise ""Kohus kinnitas vaidlusaluse ots"
   Based on the given premise, option A (Ta võttis küpsisted
"   Based on the given premise ""Vihm oli valju,"" it is more likely that"
   Based on the given information, option A (Lift ei tööta enam) is
"   Based on the given premise, option B is more likely. The phrase ""Isa visk"
   Based on the given information, option A (Sekretär läks koju) is
   Based on the given premise, option A (Tema sõber katkestas ta
   Based on the given premise, option A (Kassa andis tüdrukule v
   Based on the given premise, option A (Naine pandi ratastooli) is
   Based on the given premise, option A (Riik tähistas oma isese
   Based on the given premise, it is more likely that the person will be inspired to take action
   Based on the given premise, option A (Mul oli piinlik) is more
   Based on the given premise, option A (Ta oli loengus tähe
   Based on the given premise, option B (Kuritegevuse tase linn
   Based on the given premise, option A (Ta anus teda tagasi võ
   Based on the given premise, option A (Pall rullitab minema) is
   Based on the given premise, option A (Prügikastis oli papist)
"   Based on the given premise ""Poiss teravtab pliiatsit,"" option A"
   Based on the given premise, option A (Ta kaotas oma kviutton
"   Based on the given premise ""Mu naha kriimustus oli süg"
   Based on the given premise, option A (Ta vaatas maad) is a
"   Based on the given premise, option B is more likely to occur. The phrase ""laps p"
   Based on the given premise, option A (Naise õde sulges käed
   Based on the given premise, option A (Ta huuled olid lõh
   Based on the given premise, option B (Nad said teatrisse suunda) is
   Based on the given premise, option A (Tema ülemus kiitis teda)
   Based on the given premise, option A (Take toetas nende eesmär
   Based on the given premise, option A (Tal oli lavalöögi)
"   Based on the given premise ""Ma olin eksinud,"" it is more likely that"
   Based on the given premise, it is more likely that the pea was roasted (Option
   Based on the given premise, it is more likely that the cat got stuck in a tree (
"   Based on the given premise ""Mees vigastas selga"" (You are feeling sad"
"   Based on the given premise ""Ma tegin tuld kaminas,"" option A is the"
   Based on the given premise, option A (Tal on kramp küljel) is more
"   Based on the given premise ""Ma koputasin naabri uksele,"" option"
   Based on the given premise, option B is a more plausible explanation for why naine
 Õpilane vastas küsimusele õigesti
   Based on the given premise, option A (Ta läks farmille) is more likely
"   Based on the given premise ""Ma kohtusin vana sõbraga"""
   Based on the given premise, option A (Ta püüdis kala) is
   Based on the given premise, option A (Tema vihmavarju oli kat
   Based on the given premise, option A (the user clicks the cursor) is more likely to
   Based on the given premise, option A (Peamaal toimus õnnet
   Based on the given premise, option A (Linad kuivasid) is a more
"   Based on the given premise ""Naine pani prillid pähe,"" it is"
"   Based on the given premise ""Mees vaatas öösel taevasse,"""
   Based on the given premise, option A (Ma läksin vara magama) is
   Based on the given premise, option A (Take kasvas oma juuksed
   Based on the given premise, option A (Poiss tervitas uut klassikaas
"   Based on the given premise ""Ma tahtsin klaasi piima,"" it is more"
   Based on the given premise, option B (Autojuht keeras autot tagurpid
"   Based on the given premise ""Hoone parkla oli tühi"", it is"
   Based on the given premise, option A (Tal was blocking Kirjaniku) is a
   Based on the given premise, option A (Ma palusin rääkida o
   Based on the given premise, option A (Uksekell helises) is more
"   Based on the given premise ""Minu maja elekter katkestus,"" it is more"
"   Based on the given premise ""Kaaluhõstja möirutas"", it"
 The phrase
"   Based on the given premise ""Laps jäi magama,"" it is more likely that"
   Based on the given premise, it is more likely that option A (Poiss sai aj
   Based on the given premise, option B (All photos deleted) is more likely to occur.
   Based on the given premise, option A (Ma olin üksildane) is a
"   Based on the given premise ""Ma tegin trenni,"" it is more likely that option A"
"   Based on the given premise ""Ma surusin niiske seep"", option A is the"
   Based on the given premise, it is more likely that option A (Kuuriort was
   Based on the given premise, option A (Ta kartis nõelaid)
   Based on the given premise, option A (Ma hakkasin kahtlustama
   Based on the given premise, option A (Tõendid tõid ta sü
"   Based on the given premise, it is more likely that option A will occur - ""Ta"
"   Based on the given premise ""Tüdruk astus jääle,"" option A"
   Based on the given premise, option B (Ta pani oma poja magama
"   Based on the given premise ""Vulkaanist voolab laava,"" it is"
"   Based on the given premise ""Naine pani kingad jalga,"" it is more"
   Based on the given premise, option A (Ta lasi mullä bi tollbo
   Based on the given premise, it is more likely that option A (Take your parents' shares
"   Based on the given premise ""Meesläks arsti juurde,"" option A"
   Based on the given premise, it is more likely that option A (Maja põles
   Based on the given premise, option A (Take a deep breath) is the most likely cause
"   Based on the given premise ""Ma sülitan piima välja"", option A is"
"   Based on the given premise ""Ma jäin bussi maha,"" option B is more"
   Based on the given premise, option B (Auto sai katki) is more likely to
   Based on the given premise, it is more likely that Nad jätsid kooli
   Based on the given premise, option A (Ma pöörasin pudeli ü
"   Based on the given premise ""Poiss oli lukus oma maja,"" it is"
   Based on the given premise, option A (Külaline coputas uksele
   Based on the given premise, option B (Ta riputas selle oma k
"   Based on the given premise, option B is more likely to occur. The word ""tüd"
   Based on the given premise, it is more likely that people will start to value their free time
   Based on the given premise, option B (Linna oli nagu laps) is
"   Based on the given premise ""Mees tegi plastikoperatsiooni,"""
"   Based on the given premise ""Munast tuli välja kanapoeg,"""
"   Based on the given premise ""Vang suri nälga,"" option A (Ta"
   Based on the given premise, option B (Ta kukkus redelilt alla
"   Based on the given premise ""Laps röksutas,"" it is more likely that"
   Based on the given premise, option A (Ma lõdvestusin) is more
" Tema klassikaaslased aitasid teda. 
Ex"
   Based on the given premise, option A (Ta elas tema naabrina)
   Based on the given premise, option A (Ta õhutas haletsust
   Based on the given premise, option A (I want to keep my money) is a more
"   Based on the given premise ""Mees sirutas mulle kätt"", option A """
"   Based on the given premise ""Ma põgenesin,"" it is more likely that option"
"   Based on the given premise ""Tüdruk hammustas küüned,"""
   Based on the given information, option A (Märkasin kalendrisse koht
   Based on the given premise, option B (Ta taotles lahutust)
"   Based on the given premise ""Tüdruk pillas kummipalli maha"
   Based on the given premise, option A (Ta arvas vastuse ära) is
   Based on the given premise, option B (Tema vastane kukkus maha
   Based on the given premise, it is more likely that option A (Nad olid k
"   Based on the given premise, option B is more likely to occur. The phrase ""Mees"
   Based on the given premise, option A (Ma lasin termomeetri maha)
   Based on the given premise, it is more likely that the tornado has caused damage to buildings
 The word
   Based on the given premise, option A (Ma põlvitasin põrandale
"   Based on the given premise ""Ma poleerisin kivi"" (My rock is heavy"
   Based on the given premise, it is more likely that option A (Kohv lõ
"   Based on the given premise, option B is more likely to occur. The sentence ""Mees"
"   Based on the given premise ""Ma lõin küünal haamriga,"""
"   Based on the given premise ""Kala hammustas köit,"" option A is more"
   Based on the given premise, option A (Tal is a nosy neighbor) is more
   Based on the given premise, option A (Sain häid uudiseid)
   Based on the given premise, option A (Käterätik oli märja)
   Based on the given premise, option A (Ta oli kõndinud)
   Based on the given premise, it is more likely that option A (Nad kaotas
   Based on the given premise, option A (Ma kahetsesin oma viga
   Based on the given premise, option A (Ta küsis temalt küsim
   Based on the given premise, option A (Ta põsed punastusid)
   Based on the given premise, option A (See láks úle kaevanduse
"   Based on the given premise ""Mees tegi endale jala punktuuri"
   Based on the given premise, option B (Nad leidsid relv kuriteop
   Based on the given premise, option B (Ma palusin sõidut) is
"   Based on the premise ""Rahva majandus langes,"" it is more likely that"
   Based on the given premise, option A (Nad olid teel vastamisi t
"   Based on the given premise ""Ma keerasin oma sõbrale"" (My"
   Based on the given premise, option A (Autojuht jäi teele kinni
   Based on the given premise, option A (Laps sündis) is more likely to
   Based on the given premise, option A (Ta võttis mütsi era
   Based on the given premise, option A (Ta sai kutse) is more
"   Based on the given premise ""Poisi otsa oli kuum"", it is"
   Based on the given premise, option A (Ta tahtis oma kohting
"   Based on the given premise ""Maja elekter katkestus,"" it is more likely"
   Based on the given premise, option A (Poeg lõpetas keskkool
   Based on the given premise, option A (Ta tahtis oma energiat
   Based on the given premise, option A (Machine breaks down) is more likely to be the
"   Based on the given premise ""Mu sõbra koer suri,"" it is more"
   Based on the given premise, option B (Ta maksis sularahas)
   Based on the given premise, option A (Ta lõikas oma kü
   Based on the given premise, option A (Tema vend oli nende vanemateg
   Based on the given premise, option B (Ta vaatas tähtedesse
"   Based on the given premise ""Plakat jäi seinale"", it is more likely"
   Based on the given premise, option B is more likely to occur. The client has already h
"   Based on the given premise ""Mees pillas lusika maha"", option A is"
   Based on the given premise, option A (Juhatus lahutas ettev
   Based on the given premise, option A (Ma istusin tagajärjekorras
   Based on the given premise, option A (Tema pere maksis ta kaut
   Based on the given premise, it is more likely that option A (Nad müüs
   Based on the given premise, it is more likely that Option A (the dog was ringless
   Based on the given premise, option A (Ta õppis arvutit
"   Based on the given premise ""Mu tuju paranes,"" it is more likely that option"
"   Based on the given premise, it is more likely that option A will occur - ""Nad"
"   Based on the given premise ""Mägiratt kukkus järsult alla"
   Based on the given premise, option A (Ma kontrollisin postkasti,
   Based on the given premise, option A (Ta sõitis põhja)
"   Based on the given premise ""Ma panin paber kokku,"" option A is"
   Based on the given premise, option B (Teiste riikide juhid saats
   Based on the given premise, option A (Ta ronis basseinist väl
   Based on the given premise, option A (See pidi raamatukokku tag
   Based on the given premise, it is more likely that option A (Ta pandi
"   Based on the given premise ""Päikesevalgus tungis tuppa,"""
   Based on the given premise, option A (Ta parukas tuli ära)
   Based on the given premise, option B (Ta pidas lause ebaselget
   Based on the given premise, it is more likely that option A (the card has expired
   Based on the given premise, it is more likely that Mees will not go to college (
   Based on the given premise, option B is more likely. The speaker mentions that they wrote their
   Based on the given premise, option A (Tüdruk tegi selle seg
   Based on the given premise, option A (Ma pihustasin ennast put
"   Based on the given premise ""Ma avasin silmad,"" option A, ""Ma är"
   Based on the given premise, option A (I will not listen to music) is more likely
   Based on the given premise, option A (Ta oli oma sissetulek
""
"   Based on the given premise, option B is more likely. The word ""segas"" means"
   Based on the given premise, option B (Suhtlus muutus pingeliseks
"   Based on the given premise, option B is more likely to occur. The phrase ""Mu"
   Based on the given premise, option A (Näituse avastsenaali algus
   Based on the given premise, option A (Röövel ähvardas pant
   Based on the given premise, option B (Muusik lööb trum
   Based on the given premise, option A (Laps ärkas õudusun
   Based on the given premise, option A (Ta sündis enneaegselt
"   Based on the given premise ""Piirkonnas oli põud,"" it is more"
"   Based on the given premise ""Kass jahtis lindu,"" option A is more likely"
"   Based on the given premise ""Tüdruk vahetas kooli,"" it"
   Based on the given premise, option B (Töötajad hakkasid
   Based on the given premise, it is more likely that option A (extremists took over
   Based on the given premise, option A (Liiv jäi mu jalgadele
   Based on the given premise, option A (Panin oma turniiri püks
"   Based on the given premise ""Ema vaitustas oma poja,"" it is"
   Based on the given premise, it is more likely that option A (Ma lukustas
"   Based on the premise ""Poiss kandis selgroogu,"" option A is more likely"
   Based on the given premise, it is more likely that Ma arekasin täna
   Based on the given premise, option B is more likely. The sentence suggests that there are two
"   Based on the given premise ""Laps maandus trambolli peale,"" it"
"   Based on the given premise, it is more likely that Option A will occur - ""Postk"
   Based on the given premise, option B (Ta läks koju laiali)
"   Based on the given premise ""Metsatulekahju levis,"" it is more"
"   Based on the given premise ""Laps raputas põlve,"" option A is"
   Based on the given premise, option B (Talle tehti elundi siird
   Based on the given premise, option B (Ma põletasin oma keele
   Based on the given premise, option A (Kirjanik vältis oma lug
"   Based on the given premise ""Ma tundsin end väsinuna"", option A is the"
   Based on the given premise, option A (Ta tuvastas patsiendi s
"   Based on the given premise ""Ma kriimustasin oma nahka,"" it"
   Based on the given premise, option A (Ta kaotas oma eneseval
   Based on the given premise, option A (Ta tõmbas oma kä
"   Based on the given premise ""Mees tõstis kulmud üles"","
   Based on the given premise, option B (Ma uskusin, et tema teab
   Based on the given premise, option B (Ta hakkas varem árk
   Based on the given premise, option A (Ründaja keha jäi elut
   Based on the given premise, option A (Mees oli vale sihtimises)
   Based on the given premise, option A (Ta avastas keldris rotte
   Based on the given premise, option B (Mu külaline jäi üle
   Based on the given premise, option B (Tal on uus päevik)
   Based on the given premise, option B (Ta lahkus töölt)
   Based on the given premise, option A (Ta puudutas kuumast
   Based on the given premise, option A (Nad pakkusid uuele k
   Based on the given premise, option A (Poiss viskas diivanilt padj
"   Based on the given premise ""Ma kaitsesin oma Nägu"" (My head"
"   Based on the given premise ""Kuulus kuju põles maha,"" option"
"   Based on the given premise, it is more likely that option A will occur - ""Pu"
"   Based on the premise ""Ballerina rebis sideme,"" option A (Ta nä"
   Based on the given premise, option A (Ta õppis neid siduma
"   Based on the given premise ""See raamat võitis mu"", option A is more"
   Based on the given premise, option A (Tema vanemad mõjutas
   Based on the given premise, option A (Benzine got oil) is more likely to
   Based on the given premise, option A (Jäätis kaotas oma ma
"   Based on the given premise ""Ma riputasin toas kunsti,"" option A is"
   Based on the given premise, option A (Mul oli peavalu) is a
   Based on the given premise, option A (Omanik karjus kutsikat)
   Based on the given premise, option A (Mu sõber andestas mulle
   Based on the given premise, it is more likely that option A (Ta kandis sel
   Based on the given premise, option B (Teda süüdistati valetunn
   Based on the given premise, option A (Ta tahtis uut välimust
   Based on the given premise, option B (Nad saadeti välja) is
"   Based on the given premise ""Rääkija tegi nalja,"" it"
"   Based on the given premise ""Ma vaatasin päikese poole"", option"
"   Based on the given premise ""Mul oli igav,"" it is more likely that option"
"   Based on the given premise ""See liha oli raske lõigata,"" option"
"   Based on the given premise ""Naine kuulutas pankroti,"" it"
"   Based on the given premise, option B is more likely to occur. The sentence ""Ots"
"   Based on the given premise ""Ma panin lilli oma nina alla"", option A"
"   Based on the given premise ""Naine tundis nostalgiat,"" it is more"
   Based on the given premise, option B (Ta esitas töö lõputult
   Based on the given premise, it is more likely that Ma will get a headache (option
"   Based on the given premise ""Ma viskasin kirja ära,"" it is more"
   Based on the given premise, option A (See pani munad) is more likely
   Based on the given premise, it is more likely that the car was broken into (option A
   Based on the given premise, option A (Kurjategija pani relva ma
   Based on the given premise, it is more likely that option A (Ma plaanisin
   Based on the given premise, it is more likely that option A (Ma unistasin)
   Based on the given premise, it is more likely that option A (the printer was out of
   Based on the given premise, option A (Fännid pöördusid lipu
"   Based on the given premise ""Dip oli leebe maitsega,"" option"
   Based on the given premise, option A (Käterätik imes vedeliku)
   Based on the given premise, option B (Ta luges raamatu uuesti
"   Based on the given premise ""Lennuk sattus turbulentsesse,"" option A"
"   Based on the given premise ""Poiss põrkus,"" it is more likely that"
   Based on the given premise, option A (Nad amputeerisid ta j
   Based on the given premise, option A (Ta tõstis tema vastu 
   Based on the given premise, option B (Ma teadsin, et mul on õ
"   Based on the premise ""Poiss astus muda,"" option A (Liim jä"
"   Based on the given premise ""Linn sai mitu tolli lund,"" option"
   Based on the given premise, option B (Ta ähvardas tööst loob
"   Based on the given premise ""Puu kahjustas maja,"" it is more likely"
"   Based on the given premise ""Puit jagunes kaheks"", option A is the"
"   Based on the given premise ""Perekond õnnitles abielupaari"
"   Based on the given premise ""Tüdruk saatis poisile valentini,"""
   Based on the given premise, option B (Ma olin temaga nõus) is
   Based on the given premise, option A (Nad tahtsid leida komprom
   Based on the given premise, option A (Mees lasti toidukauplused
   Based on the given premise, option A (Ta lõdvestus) is more
"   Based on the given premise ""Rikas mees suri vanadusse,"" option"
"   Based on the given premise ""Naine astus leekide peale,"" it is more"
   Based on the given premise, option A (Tema juhiluba tühistati
   Based on the given premise, option A (Ma tegin hommikusöögi)
   Based on the given premise, option B (Tema pere osales pressikonverents
"   Based on the given premise ""Naine jäi vannis,"" it is more likely"
   Based on the given premise, it is more likely that the teacher will have a negative impact (
"   Based on the given premise ""Ma tõstsin diivanid üles,"" it is"
"   Based on the premise ""See oas lendas poosi poole,"" it is more"
   Based on the given premise, option B (Ta pandi surmakarja
"   Based on the given premise ""Ma segasin suhkrut kuuma teed"
   Based on the given premise, it is more likely that option A (Ta kutsuti
"   Based on the given premise, it is more likely that option A will occur - ""Polit"
"   Based on the given premise ""Laptop ei käivitu,"" it is more"
   Based on the given premise, option A (Ta omandas suure garderoobi)
"   Based on the given premise ""Mees oli murtud,"" it is more likely that"
"   Based on the given premise ""Mees sai kraadi"", it is more likely that option"
   Based on the given premise, option B (ta rääkis mikrof
"   Based on the given premise ""Ma viskasin mündi veealusse,"""
"   Based on the given premise, option B is more likely. The word ""mängija"""
"   Based on the given premise ""Hingasin pööningul tolmu s"
   Based on the given premise, option A (Klient kasutas võlts
   Based on the given premise, option A (Jäätmed tekitasid köög
   Based on the given premise, option A (lapsed imetlesid loomi) is more
   Based on the given premise, option A (Tema neerud olid ebaõ
   Based on the given premise, option B (Küsin oma sõbralt,
   Based on the given premise, it is more likely that option A (Maja did not take
   Based on the given premise, it is more likely that the cause of the sea level rise was
"   Based on the given premise ""Ostsin oma emale kingituse,"" it is"
   Based on the given premise, option A (Puutardaja on mesilase pool
"   Based on the given premise ""Ma tegin selle ära,"" option A (Leek"
   Based on the given premise, option A (Nad ei tahtnud koht
   Based on the given premise, option A (Nende vanemad on surnud)
"   Based on the given premise ""Meteoriit maandus ookeani,"" or """
"   Based on the given premise ""Mägironija kohtas mürgist mad"
"   Based on the given premise ""Ahju läks kuumaks,"" it is more likely"
"   Based on the given premise ""Ma pigistasin sidruniküve,"" option A"
"   Based on the given premise ""Riik avastas uue maa,"" it is"
"   Based on the given premise, option B is more likely to occur. The phrase ""Kla"
   Based on the given premise, option A (Põrand oli ebaregulaar
"   Based on the given premise ""Isa püüdis poega valetamas,"""
   Based on the given premise, option A (Ta võttis Köha siir
"   Based on the given premise ""Rong aeglustas,"" option A is more likely"
   Based on the given premise, option A (Tema perekonnas on psüüh
"   Based on the given premise ""Naine haaras teda kõrist"", option A is"
"   Based on the given premise ""Naisel oli kurguvalu,"" it is more"
"   Based on the given premise, it is more likely that option A will occur - ""See s"
   Based on the given premise, option B (Ta sai rikkaks) is more
   Based on the given premise, option A (Kella helises) is more likely to be
   Based on the given premise, option B (Tema tuttavad olid temaga
"   Based on the given premise ""Mees kaotas kuulmise,"" it is"
"   Based on the given premise, option B is more likely. The word ""laps"" in Est"
"   Based on the given premise ""Mees kaotas kõnevõime"", option"
   Based on the given premise, option A (Sementis was angry) is a more pla
   Based on the given premise, option A (Päästja hüppas talle
   Based on the given premise, it is more likely that the patient's infection has been
"   Based on the given premise, it is more likely that Option A will occur - ""Ju"
   Based on the given information, it is more likely that option A (Ma kastsin selle
"   Based on the given premise ""Auto sai mähkme,"" it is more likely that"
"   Based on the premise ""Poiss õppis terve öö,"" option A ("
   Based on the given premise, option A (Take cartoons to learn) is a more
   Based on the given premise, option A (Ma tundsin oma sudame looki
   Based on the given premise, it is more likely that option A (Mu kontoris o
   Based on the given premise, option A (Perekond kutsus naabrid 
"   Based on the given premise ""Vesi piserdab basseinist,"" it is more likely"
"   Based on the given premise ""Ma hammustasin veepõhja"" ("
   Based on the given premise, option A (Tema Jakk oli lukust la
   Based on the given premise, option B (Ta tegi kõrvad lä
"   Based on the given premise ""Ma täitsin oma veepudel,"" it"
   Based on the given information, option A (See sisaldas vulgaarset keelt
"   Based on the premise ""Laev purunes,"" it is more likely that option A will"
   Based on the given premise, option A (Ta lahendas mõistat
   Based on the given premise, option A (Mees pani toru kinni) is
"   Based on the given premise ""Naine vaatas mind,"" it is more likely that option"
   Based on the given premise, option A (Nad võtsid eksponaat
"   Based on the given premise ""Mees hakkas minuga vaidlema,"" option"
   Based on the given premise, option A (Pumpisin rehvi õh
"   Based on the given premise ""Tüdruk oli kahvatu,"" it is"
"   Based on the given premise ""Pillil sai tindi otsa,"" option B"
"   Based on the given premise ""Mees sai laenu tagasilükkamise"
   Based on the given premise, option A (Tal oli tuulerõuged)
"   Based on the given premise ""Prügikott oli täis,"" it is more"
"   Based on the given premise ""Ma tolmuimega vaiba,"" option A is more"
   Based on the given premise, option A (Ta lülitas oma arvuti
   Based on the given premise, option A (Tüvi põles) is more likely
"   Based on the given premise ""Mees tuli dušist välja,"" it is"
   Based on the given premise, option B is more likely. The fact that the parents are considering
"   Based on the given premise ""Mees avas oma kingad,"" it is more likely"
   Based on the given premise, it is more likely that option A (Ta kilmutes
"   Based on the given premise, option B is more likely to occur. The word ""paistes"
   Based on the given premise, option A (“I will take my colleague’s laptop
   Based on the given premise, option A (Ma võtsin istet) is more
"   Based on the given premise, option A is more likely to occur. The sentence ""Mees"
"   Based on the given premise ""Mees kirjutas testamendi,"" it is more"
   Based on the given premise, option B (Ta kiirendas oma sammu
   Based on the given premise, option B (Mul on lahendus) is more
   Based on the given premise, it is more likely that the person had a heart attack. Therefore
   Based on the given premise, option B (Ta tegi oma sõp
   Based on the given premise, option B (Ta loendas lambaid) is
