  أخترت بين الخيارين A وB;
"  أخر 

The story is about a man who loves playing the role of Bob";
 Lita poured the water while watching;
  أكثر النهايات للقصة هي;
  أي نهاية للقصة هي الخي;
 (Hector) starts buying more;
  أكثر النهايات للقصة هي;
  أكثر الاحتمالاً للنهاية;
  أي نهاية للقصة هي الأك;
  أكثر احتمالاً للخيار B;
 Bob loved the seafood so much;
  أكثر النهايات للقصة هي;
  أكثر احتمالاً للخيار A;
 Bablo loves eating dum;
 She was better off without the money.;
 (Glenn) decided to stop;
  أكثر النهايات للقصة هي;
  أخترت بين الخيارين A و B;
  أكثر الاحتمالاً للنهاية;
 In the end of the year, he;
  أكثر احتمالاً للخيار B;
  أي نهاية للقصة هي الخي;
  أي نهاية للقصة هي الأك;
 Bob was proud of his work and felt;
" ""She received awards for their policies.""";
" We all fell under the car.

";
 She becomes obsessed with the film and;
 He tried to kick the ball but missed;
  أخترت بين الخيارين B.;
 The couple will be happy to learn that;
 Kathrin started training every day and became;
"  
B) قرر (فرانسيس) أنّ";
  أي نهاية للقصة هي الأك;
  أكثر النهاية للقصة هي ال;
  أكثر الاحتمالاً للنهاية;
  ب B;
 (Laurs) fell in love with;
 You managed to fix it with the;
 Then Rayan found the ball;
" ""She laughed and said";I
  أكثر النهايات للقصة هي;
 I let the dog enter the house.;
" ""He decided to go to the ca";
  أكثر الاحتمالاً للنهاية;
" Frank got a new game.

";
 Timmy went to the leadership field on;
 أخبر (دريك) المضيف ;
  أكثر النهايات للقصة هي;
"  
The most likely ending to the story is option A, ""Jak will continue to enjoy the";
  أي نهاية للقصة هي الأك;
   (B) لقد كنت مسرورة ح;
  أي نهاية للقصة هي الخي;
 He felt compelled to return to work;
"  
The most likely ending to the story is option A, ""Bob uses an old trash";
" ""Jo drew a picture of the fan";
 She was able to stop drinking by;
  أكثر الاحتمالاً للنهاية;
" ""كان (روب";
" Jo wanted more crackers.

";
" ""أصدقاء ";
 سام أجاب عل;
  أكثر النهايات للقصة هي;
  أخيراً;
 Becky was proud of Ashley.;
" ""I decided to launch the dog into";
 She loved every one of her teachers.;
  أكثر احتمالاً للنهاية;
  أي نهاية للقصة هي الخي;
" I am not married.

Ex";
  أكثر الاحتمالاً للنهاية;
  أكثر احتمالاً للنهاية;
" ""She ignored her fall and continued walking";
  أكثر النهايات للقصة هي;
 (Jim) sees his;
  أي نهاية للقصة هي الخي;
 Genie went crazy and started cutting;
 Leyla was sad because her beautiful tree;
 (Biter) thinks he will be;
 everyone enjoys the meat and bread.;
  أكثر الاحتمالاً للخيار B;
 The team stopped and sat on their ben;
  أي نهاية للقصة هي الخي;
  أكثر احتمالاً للخيار B;
  أكثر الاحتمالاً للنهاية;
 Julie took all of her savings;
 (Emi) thought the garden was;
" (Sтив) was happy.
";
  أكثر النهايات هي الخيار B;
"  
The most likely ending to the story is option A, where Bob's profits from s";
  أخترت بين الخيارين A و B;
  أكثر الاحتمالاً للنهاية;
" ""والد (سام";
  ب D) Both A and B are possible endings, as the story is open-ended.;
  أكثر الاحتمالاً للنهاية;
 (Beith) decided to play s;
 She regretted buying the new;
" Markos then fainted.

";
  أي نهاية للقصة هي الخي;
 Tashk was happy to be back;
 During his thinking, (Sitty;
;
  أكثر احتمالاً للخيار A;
  أي نهاية للقصة هي الأك;
" The teacher was scared.

";
"  ب

The story is about a man who celebrated his birthday last night and invited his friends";
  أكثر الاحتمالاً للنهاية;
  أي نهاية للقصة هي الأك;
  أكثر الاحتمالاً للنهاية;
 Marry Ann died from eating too;
  أكثر النهايات للقصة هي;
  أخترت بين الخيارين A و B;
 She played soccer with her friends during;
  أي نهاية للقصة هي الخي;
 وجدت (سا;
 Mark's colleague said he wouldn;
 Lola closed the washing machine and;
  أكثر النهايات للقصة هي;
" agreed.
Terry's";
 Marry happy with selling her;
 (Bry) was sad because her;
 Tim went back to buy more wood.;
  أكثر النهايات للقصة هي;
  أي نهاية للقصة هي الأك;
  أي نهاية للقصة هي الأك;
  أكثر احتمالاً للنهاية;
" ""Ibn's son was happy because";
" ""The team finally made it into the";
 Kili was able to climb up;
  أكثر الاحتمالاً للنهاية;
  أكثر احتمالاً للخيار B;
 (إلين) felt rel;
  أخت (بيرل) كانت تبحث ;
 (آنا) observed the marine;
 (Briana) loved the mar;
 (Shay) felt a strong sense;
   (B) في الصباح التالي وجد ;
  أي نهاية للقصة هي الخي;
  أكثر النهايات للقصة هي;
  أكثر النهايات للقصة هي;
 He woke up and took his;
  أي نهاية للقصة هي الخي;
  أكثر احتمالاً للخيار A;
  أي نهاية للقصة هي الخي;
 They had already met at the house.;
 Then he started making marshm;
   (ديانا) تنظف مباني الم;
 (Jeson's friend);
"  
B. قررت ألا تتحدث م";
  أكثر النهايات للقصة هي;
   (كيلي) وأصدقائها قرر;
 This shows that girls can say anything at;
 The school remained open for a longer period;
 (Lary) was excited about the;
 She was happy that no one had forgotten her;
 You went for an interview and were happy;
  أكثر النهايات للقصة هي;
" ""She finally managed to get in.""";
 (Alice) believes that the;
 She was excited to see the exhibition.;
" ""She bought her a new dress.""";
 Tom closed his shutters to prevent the;
" ""معجبو الر";
 (Iffy) finished her project;
  أي نهاية للقصة هي الخي;
  أي نهاية للقصة هي الخي;
  أيام الثلاثاء هي أيام ال;
" He was disappointed.

Ex";
 They were successful in buying the tick;
  ب A;
  أكثر احتمالاً للنهاية;
  أكثر النهايات للقصة هي;
" Sam was not satisfied.

Ex";
  أكثر احتمالاً للخيار B;
 As time passed, the weather became col;
  أكثر النهايات للقصة هي;
 The girl rejected Andro's request;
  80% يشكل B نهاية القصة.;
  أكثر الاحتمالاً للنهاية;
  أكثر الاحتمال للنهاية الأ;
"  
The most likely ending to the story is (B) The cat decided to catch a mouse.";
  نيل وجد الرحلة محفزة .;
  أكثر احتمالاً للنهاية;
 Jenna and her brother spent a great;
  أكثر النهاية للقصة هي ال;
 Arnold loves his;
"  
A) ليا) طردت
B) (ليا";
  أي نهاية للقصة هي الخي;
  أكثر النهاية للقصة هي ال;
 I started dancing without any hesitation;
  أكثر النهاية للقصة هي ال;
 (Geoff) was happy when he;
 Jawi realizes that all of;
  أكثر النهايات للقصة هي;
" ""He decided to pay all the b";
"  
The most likely ending to the story is option A, ""Now I can ride a bike";
  أكثر النهايات للقصة هي;
 كنت واث;
 Salim decides to confront her b;
  أكثر الاستماع للخيار B (;
 (Wayl) wanted to be;
  أكثر النهايات للقصة هي;
  أكثر الاحتمال إلى الخيار B;
  أي نهاية للقصة هي الأك;
  أي نهاية للقصة هي الأك;
" ""I thought Jack was a kind person";
 He had already built the desk.;
" ""Rick decided to embrace his";
 The interviewer scheduled a meeting with;
 إيميل obtained a;
  أي نهاية للقصة هي الخي;
  أي نهاية للقصة هي الخي;
 (Julian) decided to follow the;
 (Harry) was happy to be;
  أكثر الاحتمالاً للخيار B;
  أي نهاية للقصة هي الخي;
" ""والدا (جي";
 (Juliet) felt dizzy;
"  
The most likely ending to the story is option A, where Rob leaves again to spend time with";
  أكثر النهايات للقصة هي;
 Tajir's song became very;
  أكثر الاحتمالاً للنهاية;
 The doctor said she was healthier than;
 Bob took some time to recover from;
"  
The most likely ending for the story is option A, ""Sozan was annoyed by";
 The goldfish was happy and healthy;
  أكثر النهايات للقصة هي;
 (Effie's father);
" The orchids will be beautiful.
";
   (B) وبدأ في الضحك بشكل;
" Tomi had bad friends.

";
  أكثر احتمالاً للخيار B;
  أي نهاية للقصة هي الخي;
  أكثر النهايات للقصة هي;
 She didn't want to eat.;
 The children suffered from the computer labs;
" I scored a goal.

Ex";
 The boy is proud of himself.;
 The child hugged the dog directly;
  أي نهاية للقصة هي الأك;
" She changed her password.

Ex";
"  ريان) طُرد) 
The story is about a man named";
 The man continued driving for a while;
 (Jozia) will run;
  أي نهاية للقصة هي الخي;
  أي نهاية للقصة هي الخي;
" ""مات"" and (L";
" She was happy.

Explan";
  أي نهاية للقصة هي الأك;
  أكثر الاحتمالاً للنهاية;
 We crashed on the ground and w;
" She bought a new phone.
Ex";
  أي نهاية للقصة هي الخي;
  أي نهاية للقصة هي الخي;
 She had already spent several hours disin;
 Mark has a court date next week.;
  ب (B) ولكن بعد لحظة، ;
  أكثر النهايات للقصة هي;
"  
The most likely ending to the story is (B) She failed in the examination.
";
 The picture was the best for us in;
  أي نهاية للقصة هي الخي;
 He slept through the night;
  أكثر الاستمتاع بالخيار B;
 (Todd) feels;
" Maji wanted to be alone.
";
  أي نهاية للقصة هي الخي;
  أخترت بين الخيارين A و B;
  بوبي كان يشعر بالملل;
  ب B;
 (آل) felt a sense of;
  أخترت بين الخيارين A و B;
  أكثر احتمالاً للخيار B;
  بين الخيارين A و B;
 (Genie) decided to burn down;
 Sythe will think it's a;
  أكثر النهايات للقصة هي;
 Rod was proud of what he had done;
" (Barry) votes.

";
 John was happy because he had a flat;
  أكثر احتمالاً للخيار B;
  أي نهاية للقصة هي الخي;
 (ماي) and (ك;
 Monica was happy to see her friend;
 No one noticed Al-Mashrab;
 The boy and girl are happy that they;
  أي نهاية للقصة هي الخي;
"  
The most likely ending to the story is option A, ""Jake spent a fun day playing";
  أي نهاية للقصة هي الأك;
 (Emi) started going;
 (Sitti's wife);
  أي نهاية للقصة هي الخي;
  أكثر الاحتمالاً للخيار B;
  أكثر النهايات للقصة هي;
" ""He became a successful businessman.""";
 Torrey had to rush to the;
  أكثر الاحتمالاً للنهاية;
 Rofos is happy to have a;
  أي نهاية للقصة هي الخي;
 I launched a fireball at the dark;
 He found a better way to make his;
  أكثر النهاية للقصة هي ال;
" Tayler was relieved.
";
  أكثر الاحتمالاً للنهاية;
  أكثر النهايات للقصة هي;
  أي نهاية للقصة هي الخي;
  أكثر الاحتمالاً للقصة الت;
 (bats) feels sad and de;
 (Greg) decided on a race;
  أكثر النهايات للقصة هي;
  أكثر النهايات للقصة هي;
 Salim thought his sister was joking;
 He had a box of candy.;
 Lorraly chose to get the bra;
" I had escaped from the bat.
";
  أكثر احتمالاً للخيار B;
  أكثر الناس يريدون أن ي;
  أكثر النهايات للقصة هي;
" Bill felt relieved.
Reason";
  أكثر احتمالاً للنهاية;
  أي نهاية للقصة هي الأك;
 The carpet was newly cleaned and;
 Lexi had already eaten all the don;
  أكثر احتمالاً للخيار B;
  أي نهاية للقصة هي الخي;
 When the plane suddenly changed direction, (;
" ""Joe felt sad because his father";
 John decided to redesign the exhib;
  أكثر الاحتمالاً للنهاية;
  أكثر الاحتمالاً للنهاية;
  أكثر احتمالاً للخيار B;
  أكثر النهايات للقصة هي;
  جيل وجدت وظيفة جيدة ;
  أكثر الاحتمالاً للنهاية;
 Kayl thought Superman was a design;
 Francin was happy because she had successfully;
  أكثر الناس يريدون أن ي;
 Raytchel took it to a;
  أكثر الاحتمالاً للخيار B;
 She felt a sense of relief in her;
  أكثر النهايات للقصة هي;
" ""We planted our apple tree.""";
  أكثر الاحتمالاً للنهاية;
" ""She remembered him when she saw the";
 They decided to visit the football club in;
 Clarissa helped her mother as soon as;
  أي نهاية للقصة هي الأك;
  80% يتم تحديد الخيار B (;
 The man wanted to lose his bet.;
 (Shay) had a wonderful time;
;
 I left the spill and made a;
  أكثر النهايات للقصة هي;
  ب) حَلقتْ هستر رأسَه;
  أي نهاية للقصة هي الأك;
 (Jayden) saved;
  أكثر النهايات للقصة هي;
" ""Koenin was happy that";
 The chef decided to remake the p;
  أكثر احتمالاً للخيار B;
  أي نهاية للقصة هي الخي;
 Jeyl became better at video games;
  أي نهاية للقصة هي الخي;
"  
The most likely ending to the story is option A, ""Dro wants to always follow the";
" ""She ate all of them.""";
  أكثر النهايات للقصة هي;
 The hare is happy because all his;
  أكثر احتمالاً للخيار B;
 Tareb stops eating the dates;
 حاولت (آنجي) مناق;
  أي نهاية للقصة هي الأك;
 Andi's father taught him how;
  أكثر الاحتمالاً للنهاية;
  أكثر الاحتمالاً للنهاية;
 (Sibastian) feels a;
" He was a quiet neighbor.

";
  أكثر الاحتمالاً للخيار B;
 I bought the vase and took it;
 I have already achieved the promotion that I;
  ماجي كانت حزينة ووحي;
  أكثر النهايات للقصة هي;
  أكثر النهاية للقصة هي ال;
 The man decides to move to Kentucky;
" Tim was feeling very anxious.

";
"  
B";
 I fainted and fell on my face;
  أكثر الاحتمال للنهاية الأ;
  جو;
 (Joan) felt a sense of;
  أخترت بين الخيارين A و B;
  أكثر النهايات للقصة هي;
 The doorman did not allow us;
 I loved the way the glass looked now;
" ""They decided they didn't need";
  أي نهاية للقصة هي الخي;
 Sibastan was happy that his training;
  أكثر النهايات للقصة هي;
" ""All were happy because John had finally";
 She felt proud of herself.;
  أكثر النهاية للقصة هي ال;
 (Mark) was excited and eager.;
"   The most likely ending for the story is option A, ""She found it easy to make a decision";
 He did not think about it again.;
 Mat died and his friends went home without;
"  
The most likely ending to the story is option A, ""Everyone had a great time.""";
 (Taylor) makes a quick escape;
 Tomas's doctor was happy with;
  أكثر النهايات للقصة هي;
 STEFANY did not w;
 (Ray) decided to get rid;
  ب) اتصل بوالديه و أها;
 Jeyl and her friends were having;
 The woman was happy to find a par;
  أي نهاية للقصة هي الخي;
 Tim found a bird and they both enjoyed;
  أكثر النهايات للقصة هي;
  أكثر النهاية للقصة هي ال;
  أكثر النهايات للقصة هي;
  أكثر احتمالاً للخيار B;
 (وستن);
" Jo was excited.

Explan";
 (Today) opens the dra;
" Tim was not confident enough.
Ex";
 The person apologized to Henry.;
 All the players were good, but she;
  أكثر النهايات للقصة هي;
 (Sтив) asked if he could;
" ""أشكرك ع";
  ب.;
 She was not able to lose weight.;
  أي نهاية للقصة هي الأك;
 He decided to go and;
 Instead of laughing, everyone was shock;
" ""His eyes lit up with excitement";
  أي نهاية للقصة هي الخي;
 Mary continued driving and drank.;
  أكثر الاحتمالاً للنهاية;
  أكثر النهايات للقصة هي;
" ""Koonton was happy.""";
 Iygor took a cold shower;
" Tara was a girl.

";
  أكثر النهاية للقصة هي ال;
  أي نهاية للقصة هي الأك;
" She became more confident.

Ex";
" He was happy at the end.
";
  أي نهاية للقصة هي الأك;
 They all enjoyed their meal together.;
 Racko decided to quit his job;
 John told the teacher that he was color;
" Tim was happy.

Explan";
 (Jay) was happy that he;
 (Eila) became a famous typ;
 He had already bought it and;
" ""She had a cold and her nose";
 (Dro) was forced to start;
  سا;
" ""She decided to put a rug on";
  أكثر النهايات للقصة هي;
" ""كان على ";
" The little boy was a girl.
";
  أكثر احتمالاً للخيار B;
  أكثر الاحتمالاً للنهاية;
 (Eli) was ready to learn;
 Don had compiled a collection of his favorite;
" ""Arnold took a warm bath";
 (Anna Bill) agreed and was;
  أي نهاية للقصة هي الخي;
  أكثر النهايات للقصة هي;
" They ate the bread.

";
 (جودي) and (;
  أكثر الاحتمالاً للنهاية;
 Rye and Jack both became musicians;
  أكثر الاحتمالاً للنهاية;
"  أخر 

The story is about a girl named Emily who went to the beach";
 Kay used the sawdust and wood;
 Max failed in his attempt to;
  أكثر الاحتمالاً للنهاية;
" She went to sleep.
B";
  أكثر الاحتمالاً للنهاية;
  أي نهاية للقصة هي الخي;
   (B) ليزي احتاجت المساع;
  أي نهاية للقصة هي الأك;
  أكثر النهايات للقصة هي;
 Tony killed Mark.;
 The boys suggested that they sell the c;
 She went home and ate 3;
  أكثر الاحتمالاً للخيار A;
  أي نهاية للقصة هي الأك;
  بيل يعتقد انه كان الرج;
 Neil decided to enjoy his visit to Trans;
  أكثر احتمالاً للخيار B;
" The man was happy.

Ex";
 (Bamiela) decided to;
  أكثر الاحتمالاً للنهاية;
  أي نهاية للقصة هي الخي;
  أكثر الاحتمالاً للنهاية;
  أي نهاية للقصة هي الأك;
  أكثر النهايات للقصة هي;
  أي نهاية للقصة هي الخي;
 Klarra felt a strong sense of;
;
 Jenna was tired of always being bul;
  أكثر الاحتمالاً للنهاية;
 Nillly's breathing became;
  أكثر النهايات للقصة هي;
  أكثر الاحتمالاً للنهاية;
  أكثر الاحتمالاً للقصة الت;
 (إيمي) was designed;
 Tina joined the dance club in the;
 Salim baked her bread and a;
 (إيمي) was disappoint;
  جينيفر لم تأخذ أي در;
 (Fred) woke up with;
" Ronny had already quit.

";
 (Burk) likes to play;
 He stopped to check his condition and found;
 Barin was a talented and am;
  أكثر احتمالاً للخيار A;
  أي نهاية للقصة هي الأك;
 Tya used the blender to make;
  أي نهاية للقصة هي الأك;
"  بات سعيد 
The story is about a student who has been studying";
" Mariam was happy.

Ex";
 Salim thinks that his name may not;
  أي نهاية للقصة هي الخي;
  أكثر النهايات للقصة هي;
 The client was satisfied with the service.;
 (Systey) informed the police;
 They agreed to go their separate ways.;
  بعد ذلك، أعطيناها وع;
" ""In the end, the mouse became";
 Salim wanted to inform his family about;
  بين الخيارين A و B;
" Neil hated his trip.

";
 The man went under the bridge.;
"  ب

The story is about a person who waited for hours in the cinema to watch a movie";
" I loved the new job.

";
  أكثر الاحتمالاً للخيار B;
 (Adam) was not able to;
  أكثر الاحتمالاً للنهاية;
 Soon, Tim will learn;
  أخترت بين الخيارين A و B;
 Kenny needs to go to the hospital;
 She was bored and watched Chinese mov;
 صلصة التو;
 She spent a wonderful time with her children;
 (Mike) decides to make;
  أكثر الاحتمال للنهاية الأ;
  أكثر احتمالاً للخيار B;
 (آيس) was;
" He gave her money.

Ex";
  أي نهاية للقصة هي الأك;
  أي نهاية للقصة هي الخي;
 Tid realized that his passion for games;
 Tami learned a valuable lesson.;
 (Abigail) managed to get;
 Idi likes his new friend better;
" ""He laughed loudly.""

";
 When they returned, they found that their;
  أكثر الاحتمالاً للنهاية;
  أي نهاية للقصة هي الأك;
 He was able to buy a small me;
 Kily realized that she had missed her;
  أكثر النهايات للقصة هي;
 (كانديس);
 Them (Tony) went back;
  أكثر النهايات للقصة هي;
  أخيراً وصل إلى وزنه ال;
  أكثر الاحتمالاً للنهاية;
  أخترت خيار B (حصلت على;
 (Sindy) was afraid.;
  أكثر الاحتمالاً للنهاية;
  أكثر النهايات للقصة هي;
  أكثر النهايات للقصة هي;
  أي نهاية للقصة هي الخي;
 Kylie used the money for good;
  أكثر الاحتمالاً للنهاية;
  أي نهاية للقصة هي الأك;
   (B) قررت أن تعطيها ف;
" He sold his car.

Ex";
 The group arrived at Las Vegas without;
 After that, (Brand;
" Randi bought the scarf.
";
  أكثر النهايات للقصة هي;
  أي نهاية للقصة هي الخي;
 The family was happy that Sinamon;
  أي نهاية للقصة هي الخي;
  أكثر النهايات للقصة هي;
  بين الخيارين A و B;
  أكثر النهايات للقصة هي;
 The girl left the room and went back;
 We stopped at the appropriate time to see;
 (آشلي) decided to;
" Sam stopped the mail truck.
";
  أي نهاية للقصة هي الأك;
 She had mixed up the ingredients;
" Meriam became a successful lawyer.
";
  أي نهاية للقصة هي الخي;
  أي نهاية للقصة هي الخي;
  أكثر النهايات للقصة هي;
 She helped Ali ease his boredom;
  أي نهاية للقصة هي الخي;
 This additional training will improve (August';
  أكثر النهاية للقصة هي ال;
  أي نهاية للقصة هي الأك;
 (Jim) joins the basketball team;
"  
The most likely ending to the story is option A, ""Marry managed to withdraw her money";
 John will submit his homework tomorrow;
 Tom decided to take all the money.;
" Torie felt better after that.
";
  أكثر الاحتمالاً للنهاية;
  أي نهاية للقصة هي الخي;
 Sally was happy to see her father;
  أكثر النهايات للقصة هي;
  أكثر الاحتمالاً للنهاية;
" (Id) won the match.
";
" ""Lary was happy and content.""";
  أكثر الاحتمال للنهاية الم;
 Nik decided to take his dog to a;
 Irena's daughter adds herself;
" All of them escaped safely.

";
  أكثر الفئرات يتعين على;
 Then he threw the sandwich away.;
 She put the small bat in a jar;
" ""Matthew's training was";
" Sawsy was disappointed.
";
  أكثر النهايات للقصة هي;
 (Branddon) was feeling very;
 (Karra) left for (V;
  أخترت بين الخيارين A و B;
" Lorraine happy.

Explan";
 The poem made Lily's mother;
  أي نهاية للقصة هي الأك;
 Many people saw Jack's performance and;
  أكثر النهاية للقصة هي ال;
" They will never return.
";
" ""He put most of his money in";
  أي نهاية للقصة هي الأك;
 (Dinis) did not win;
"  
The most likely ending to the story is option A, ""In the next year, his garden";
 (Joe) started eating the;
" ""Then he threw the flashlight in";
"  ب

The story is about Mary who wanted to plan a surprise party for her husband's";
 (Jim) was afraid of starting;
" ""I have already retracted my";
 (خوانيت;
 (Jodi) became a manager and;
  أكثر احتمالاً للخيار B;
 She got angry and threw him out.;
 She had already prepared a meal and;
"  
B - مارسي توقفت عن الت";
 Sharon did not wait and went after;
" ""He kicked the cat with high";
  أكثر النهايات للقصة هي;
" They had a baby boy.

";
" Chris felt remorseful.
";
 Reni decided to play video games instead;
  ب A;
" (Emy) was happy.
";
  أكثر النهايات للقصة هي;
" ""He decided to take matters into his";
 (Torres) was happy with;
" ""He went downstairs and accident";
 Neil felt a sense of relief as he;
  أكثر النهايات للقصة هي;
 Then I took off my shoes and;
 Gracie was happy about the cold;
  أكثر احتمالاً للنهاية;
  أكثر احتمالاً للخيار A;
;
  أكثر النهايات للقصة هي;
 جوس) أخبرت ;
  أكثر احتمالاً للخيار B;
  أخترت بين الخيارين A وB;
" They were already asleep.
Ex";
  أكثر الاحتمالاً للنهاية;
  ب C) لم يقود تحت تأثي;
  أصبح (فرانسيسكو) متزل;
" Saleem felt happy.

";
 The friends found a treasure chest;
 She had already found her cat when she;
 The team decided to continue playing despite their;
" Bill lost the match.

Ex";
  أكثر النهايات للقصة هي;
 The squirrel started to run towards;
 She quickly learned how to ride a horse;
 Jenna was worried that her father;
 They moved to their new home;
  أكثر النهايات للقصة هي;
 I liked the new umbrella that;
  أي نهاية للقصة هي الخي;
 Ray laughed and hugged his daughter;
  أكثر النهايات للقصة هي;
  أي نهاية للقصة هي الخي;
" ""Al-Walid gave his";
  أكثر النهايات للقصة هي;
  أكثر الاحتمالاً للقصة ه;
 (Beit) decided that the time;
 Farid was happy that he had overcome;
 The company gave Wendy a full ref;
  أكثر احتمالاً للنهاية;
 The crane was not able to fly;
  أي نهاية للقصة هي الأك;
  أكثر النهاية للقصة هي ال;
 He decided to do something about his g;
  أكثر الاحتمالاً للنهاية;
" ""And his mother, who was tired";
 Tine sat on the couch and;
 You managed to catch him and set fire;
 20 دقيقة لإ;
"  
A. جيم طلب من لين م";
 Rayli stopped being friends with her because;
" ""She realized she was not pregn";
  أخترت بين الخيارين A و B;
   (B) أبواه طردوه من الم;
 (Anna) went to the night;
" He was very depressed.
";
" They bought a beautiful new home.
";
 Most people preferred the cover with the title;
  أكثر النهايات للقصة هي;
  أكثر احتمالاً للخيار B;
 The guards stole the ball from;
  أي نهاية للقصة هي الأك;
  أخترت بين الخيارين A و B;
  أكثر الاحتمالاً للخيار A;
  أكثر احتمالاً للخيار B;
  ب A;
 Niya decided to eat something else.;
  أكثر الاحتمالاً للنهاية;
" ""كان المنظ";
" She went outside to play.

";
  أخترت بين الخيارين A و B;
 Liza gained a degree in business administration;
  أكثر النهايات للقصة هي;
  أكثر الاحتمالاً للنهاية;
 The man built the tower and was amaz;
 Lorien and his sisters had taken;
  أكثر الاحتمالاً للنهاية;
 Mark was in a hurry for work;
"  
B. أيمي أظهرت اهتما";
 (Bryan) decided to buy;
  أكثر النهايات للقصة هي;
 Kim was overjoyed when she received;
 Karin felt disappointed after hearing the;
 Kayla told the therapist that;
 Rikki was relieved when he;
" The husband was disappointed.

";
  أوني فاز بمسابقة الموا;
 Ralf was surprised when his mother gave;
  أي نهاية للقصة هي الأك;
  أكثر احتمالاً للخيار B;
 Then, she was elected by the country;
 Charlie had become so fed up with the;
" ""Kalban's dog feels";
" ""They will say to him";
" ""She took the exam again and passed.""";
  أكثر الاحتمالاً للنهاية;
"  
The most likely ending to the story is option A, ""Bin will ask his father when";
 (Amilya) She;
 The boy ran away without letting Santa take;
  أكثر النهايات للقصة هي;
  أي نهاية للقصة هي الأك;
  أكثر الاستمتاع بين الخيا;
 (Johnny) was scared and;
  أكثر الاحتمالاً للنهاية;
 Tim feels fear when he rides his;
" ""وندي اس";
  أكثر احتمالاً للخيار B;
 He went to buy a new mobile phone;
 He was able to change his oil in;
  أكل البيتزا (B);
" ""Already has a variety of fish";
  أكثر النهايات للقصة هي;
  أكثر الاحتمالاً للنهاية;
"  
The most likely ending for the story is option A, ""Jamal gave him a personal";
  أكثر الاحتمالاً للنهاية;
  أي نهاية للقصة هي الأك;
  أكثر النهايات للقصة هي;
 (Bin) was happy after receiving;
 The listener did not understand (Kris;
  أي نهاية للقصة هي الخي;
" He realized he needed a job.
";
  أكثر الاحتمالاً للنهاية;
 (Mia) dreamed of being;
"  
The most likely ending for the story is option A, where the boss gives Frida a";
  أي نهاية للقصة هي الخي;
 (Fiktor) realizes he;
  أكثر الاحتمالاً للنهاية;
 She drove her car to the mechanic;
  أكثر الاحتمال للنهاية ه;
  أكثر النهايات للقصة هي;
  أكثر النهايات للقصة هي;
" ""Farid was happy.""
";
 (Genie) won the talent show;
 Kiley was afraid of being alone.;
 She managed to return home safely;
  أي نهاية للقصة هي الأك;
 (Elin) was feeling relieved;
 (Khosi) had broken his;
 (Mike) suffered a brain free;
  أيه.إيه).;
  أي نهاية للقصة هي الخي;
 This was the best new restaurant in town;
  ب. كانت راضية عن النتا;
  أي نهاية للقصة هي الأك;
  أكثر الاحتمالاً للنهاية;
  بين الخيارين A و B;
  أكثر النهاية للقصة هي ال;
" ""She was attacked by a swarm";
  أي نهاية للقصة هي الأك;
 Kiley graduated with good grades.;
  أكثر النهايات للقصة هي;
" ""She was expecting a call soon.""";
  أكثر النهايات للقصة هي;
  أكثر النهايات للقصة هي;
" ""Mia won the big prize.""";
 She was happy with her choice;
   (B) أندرو) كان مرتاح;
   (B) لقد تعلم أن الصدق ;
"  
The most likely ending to the story is (B). The speaker has decided to take one bath";
 (Barry) decided to quit playing;
" ""Even though we couldn't";
  أكثر الاحتمالاً للنهاية;
 They adopted a cat.;
 Many people were left behind, waiting for;
  أي نهاية للقصة هي الأك;
 إريك stops exercis;
 After finishing her studies, Sally gathered;
  أي نهاية للقصة هي الخي;
 I hated the noise of the fans;
 (Tirey) still remained a;
  أكثر النهايات للقصة هي;
  أكثر احتمالاً للخيار B;
 Kili was tired of being beaten;
 After leaving the hospital, he went back;
   (B) وجدت أفضل الأماكن ;
" ""He felt like his stomach";
  أي نهاية للقصة هي الخي;
 Amanda enjoys learning about;
 Tiree gives up on learning how;
 (Biter) grows up to become;
 Kayli and James got married in;
" ""You will receive a call tomorrow";
  أي نهاية للقصة هي الخي;
"  
The most likely ending to the story is option A, ""Bob was happier than he had";
  أكثر احتمالاً للخيار B;
  أكثر النهايات للقصة هي;
 The children bought toys with their allow;
  أي نهاية للقصة هي الخي;
  أكثر النهايات للقصة هي;
 I had watched a new TV program before;
  أكثر الاحتمال للنهاية ه;
;
 (Trennt) brought two j;
  أخبر الشرطة.;
  أكثر النهايات للقصة هي;
 (Kamiron) came to;
 Ronald found and tied his shoel;
" Sarra took a pillow.
";
  أكثر النهايات للقصة هي;
  أكثر النهايات للقصة هي;
  أكثر احتمالاً للخيار B;
  أي نهاية للقصة هي الخي;
  80% يتم تمكين المرأة ب;
  أكثر الاحتمالاً للنهاية;
 and the American army came to her.;
 Jenna felt a sense of unity.;
  أي نهاية للقصة هي الخي;
 He opened it with just a touch.;
 They have already spent all their money on;
"   (B) لحسن الحظ 

The story is about a woman";
  ب) نيل أنفق كل أمواله;
" Jesika was happy.
B";
"  
The most likely ending for the story is option A, where Tim decides to stay at home";
 Sandy rented a new car.;
  أخترت بين الخيارين A و B;
  أكثر النهايات للقصة هي;
" ""Neil was getting tired and decided";
" ""أم (جين)";
  أكثر النهايات للقصة هي;
" She was a librarian.
";
 (Joe) went back to work;
 She did not respond to his letter;
 Jackie was feeling saddened.;
  أكثر احتمالاً للخيار B;
  أي نهاية للقصة هي الأك;
  أكثر احتمالاً للخيار B;
 (Ghrayta) was sad;
  بين الخيارين A و B;
"  
B - في عيد الميلاد، حص";
 كانت لد;
  أكثر الاحتمالاً للنهاية;
  أي نهاية للقصة هي الأك;
 Kiran was proud of her new job;
" ""the teacher"" launches a surprise";
 He decided not to go to;
  أكثر النهايات للقصة هي;
  أي نهاية للقصة هي الخي;
" ثم فشلت.

Ex";
  أكثر الاحتمالاً للنهاية;
"  
The most likely ending for the story is option A, ""They had a great time."" This";
 The couple decided to order some food and;
 Kay was able to buy more things for;
" The girls were happy.

Ex";
" Vinny continued to walk.
";
  أكثر النهايات للقصة هي;
 All the mice (Sami);
" ""Zara traveled to Europe";
 Joys was happy with her new perf;
  أكثر احتمالاً للنهاية;
" ""Sara smiled and nodded,";
  أي نهاية للقصة هي الخي;
" They save the world.

Ex";
" ""He had a lot of fun playing";
 (Evelyn) felt a;
   (B) عندما انتهت من الت;
" Bayteesy was angry.
";
 Morien now shares her passion for bi;
 (Corinne) cut the board;
  أكثر الاحتمالاً للنهاية;
 Jim won the race in his car (;
  أكثر الاحتمالاً للنهاية;
  أكثر النهايات للقصة هي;
  أكثر النهايات للقصة هي;
  أي نهاية للقصة هي الأك;
  أكثر الاحتمالاً للنهاية;
 The teacher was impressed by Heidi;
 Jim bought the gemstone for $1;
" Kael and Tyd lost.
";
  أكثر احتمالاً للنهاية;
  أكثر النهايات للقصة هي;
 Tashk decided to leave the school;
 I died from dehydration;
  أكثر الاحتمالاً للنهاية;
 His battles in the arena were;
  أكثر احتمالاً للخيار B;
 Tom asked the tall man about the problem;
 She had already lost weight before she faint;
 Genie got into an accident with her;
" (Il) was responsible.

";
 قال الميكانيكي لـ (ج;
  أكثر الاحتمالاً للنهاية;
 Donkey laughs at the experience;
 I gave him my dog.;
  أي نهاية للقصة هي الأك;
  أكثر النهايات للقصة هي;
  أكثر النهاية للقصة هي ال;
  أكره طعام النمط البيسترو;
  أكل الكلب السلطة بسعادة.;
  أي نهاية للقصة هي الأك;
  بعد الضوضاء الأولية (لوني;
 Bob decided to go to the beach instead;
 إيفا took a plane;
"  
The most likely ending for the story is option A, ""Sharon left and started a new";
 Nita was happy that she had won;
  أكثر الاحتمالاً للنهاية;
 Neel was happy to see Taj;
" Mark and Frank apologized frequently.
";
" ""They all went out of their minds";
 Vinnsel rammed the zeb;
 (Nied's skills have improved;
 كان باك غ;
 (Josh) swallows the;
  أي نهاية للقصة هي الخي;
" ""Farid agreed.""

";
  أكثر الاحتمالاً للنهاية;
  أكثر النهايات للقصة هي;
 My new shipment of tinned fish;
 He was publicly humiliated.;
 (Josh) used the money to;
 Ethan decided not to create any more;
  أكثر النهاية للقصة هي ال;
  أكثر الاحتمالاً للنهاية;
 She swam away quickly, not wanting;
 The man was very disappointed with;
"  
B. سار (خايمي) إليه ";
  أي نهاية للقصة هي الأك;
 (آنا) didn't;
" ""والدة سال";
  أي نهاية للقصة هي الخي;
  مات) بين الخيارين A و B ;
  أكثر النهايات للقصة هي;
 Darlin' got a job as an;
" ""We will go together to the d";
  أيضاً، والنهاية الأكثر ;
 Tonny preferred the bread with cheese;
" Seline left for the market.
";
  أكثر النهاية للقصة هي ال;
;
 While he was sleeping, a bird;
  أكثر احتمالاً للخيار B;
  ب) جين) ، جعلت الشرطة ;
 (Logan) and (Maria;
 Sam learned from the man's advice;
  أكثر النهايات للقصة هي;
  أكثر النهايات للقصة هي;
 Kait was feeling proud of herself.;
 (Roberts) stopped trying and;
 John informed his friends that he would arrive;
"  
The most likely ending to the story is option A, ""Samantha likes the sm";
  أكثر احتمالاً للنهاية;
  أي نهاية للقصة هي الأك;
 Jozy likes the snail.;
" Then Nik kept the money.

";
  أكثر الاحتمالاً للنهاية;
  أن الخيار B (أعتقد أن الإر;
  أي نهاية للقصة هي الخي;
" ""The brain was happy.""

";
 James went home with the car door open;
 Jenna chose to always wear a mask;
"  
The most likely ending for the story is option A, ""Kol's thoughts were consum";
  أكثر النهايات للقصة هي;
 The microwave was able to complete;
  أكثر الاستمتاع بالخيار B;
  أكثر النهايات للقصة هي;
  أكثر النهايات للقصة هي;
  أكثر النهايات للقصة هي;
  أكثر النهايات للقصة هي;
  أكثر النهاية للقصة هي ال;
 He delayed his treatment for weeks in the;
   (B) لقد كان سعيداً;
  أكثر الاحتمالاً للنهاية;
 John realized that his university major was not;
  أي نهاية للقصة هي الخي;
 Emily loved the red dress;
  أكثر احتمالاً للخيار B;
  أكثر الاحتمالاً للنهاية;
  أي نهاية للقصة هي الخي;
" She stayed outside until sunset.
";
  أكثر الاحتمالاً للنهاية;
 (Genie) had a natural talent;
 Tim decided to ask for food.;
  بين الخيارين A و B;
  أكثر النهايات للقصة هي;
" Jasper becomes happy.

Ex";
 (Jane) was disappointed with;
 (Emi) was disappointed.;
 Bayj is now free from addiction;
 Jenna suffered from a severe allerg;
 Ray was happy to be the center of;
 Kristin decided not to go to the;
" ""Become a manager in the restaurant";
 (Lary) did not;
 (Immy) decided to buy water;
 (Rayba) was like her;
 The family agreed to sell their home.;
 Jib fell in love with a;
  بين الخيارين A و B;
  أي نهاية للقصة هي الأك;
  ب) شعرت أنه كان مقدر;
  أكثر النهاية للقصة هي ال;
 جاي) كان يتمنّى ;
  أكثر النهايات للقصة هي;
 Jo was hoping that the rocks would have;
 Robart decided to get a new dog;
 Lola paid 25 years of;
" Tirezra was happy.
";
 (Sali) discovered that;
  أكثر النهايات للقصة هي;
"  
The most likely ending for the story is option B, ""He became proficient in using";
  أكثر النهايات للقصة هي;
  أكلت الفطائر (A);
 I reassured Kiery that;
  أكثر النهايات للقصة هي;
  أخبرت (إريكا) أستاذها;
  أكثر الناس يريدون أن ي;
" ""Ran saw Tom and thought he";
 Barry was happy with his new ball;
" The family had a terrible day.
";
  براد يقرر الذهاب إلى ح;
 After graduating, she was offered a;
 (Dot) was already a great;
  أكثر احتمالاً للخيار B;
" I decided to break my phone.
";
 Bobi leaves the snow and goes back;
"  
The most likely ending to the story is option A, ""If (Gary) did not";
" ""Evian was happy.""
";
" John felt proud.

Explan";
 (إيفا) was over;
 (Harry) and his friends spent;
 Danie tried to make the small c;
 Megan decided to quit her job.;
" They decided to forgive him.
";
  بوب عمل بجد و أخيراً;
 Tim forgot about his friend's birth;
  أي نهاية للقصة هي الأك;
  أكثر الاحتمالاً للقصة الت;
  ب B (وقبل أن تنتهي قرر;
  أكثر النهايات للقصة هي;
 شعرت بال;
" He laughed while crossing the bridge.
";
 Jeff hates spending time with his;
" The cat died cleanly.

";
  أخترت بين الخيارين A و B;
 Hombert will continue to fart on;
 (Tammy) felt uneasy;
 (His hand was paralyz;
 Janet realized she had a fear of;
 Nayit laughed with his friends about;
 She had already found a complete;
" ""عرفت (جا";
 (John) felt embarrassed because;
  أكثر النهايات للقصة هي;
  أكثر النهايات للقصة هي;
  أكثر الاحتمالاً للنهاية;
  أكثر النهايات للقصة هي;
 The plane took off and (Karm;
  أكثر احتمالاً للنهاية;
 (Koontin) prefers;
 I was disappointed and decided to buy;
 (Dan) made a deal with the;
 Franky is happy that he will visit;
  أكثر النهايات للقصة هي;
  أي نهاية للقصة هي الخي;
  أي نهاية للقصة هي الأك;
" Don't know.

Ex";
 (Dal) took a;
  أكثر النهايات للقصة هي;
  أكثر الاحتمالاً للنهاية;
  أي نهاية للقصة هي الخي;
  أكثر النهايات للقصة هي;
 (Jenny) returned the books;
  أكثر احتمالاً للخيار B;
 (Jeff) will get peace and;
  أي نهاية للقصة هي الخي;
 I did not tell my wife about the;
"  
B. لكن التجربة لم تكن";
 She felt regret after buying the expensive;
  أكثر النهايات للقصة هي;
  أي نهاية للقصة هي الخي;
  أخترت الخيار A (كان أفضل;
  أكثر النهايات للقصة هي;
  أخترت بين الخيارين A و B;
  أكثر احتمالاً للخيار A;
 Tina's friends were surprised because;
 Tyd was reluctant to become;
  أكثر النهايات للقصة هي;
 They decided not to see each other again;
 (MARKO) is happy;
 Tim decided to start his journey by foot;
  أكثر احتمالاً للخيار A;
"  أخر 

The story is about a man named Fred who loves reading detective";
" Tia was happy.

Ex";
  أكثر احتمالاً للخيار B;
 Jib was feeling upset and fr;
   (B) كان جيف يشعر بالم;
  ب) داني تعرفت على وال;
 لذا أصبحت سعيدة ;
  أكثر النهاية للقصة هي ال;
  أكثر النهايات للقصة هي;
  أكثر النهايات للقصة هي;
  أكثر النهايات للقصة هي;
"  
B. The party was great, but there was something missing...

The story is about";
"  
The most likely ending for the story is option A, ""He chose a tree that suited";
  أكثر الاحتمالاً للخيار A;
 (Dirk) loved his voice.;
 إيفا managed to escape;
  أيضاً ، أندي كره الشاط;
  أي نهاية للقصة هي الأك;
 I planned to cut them into shapes.;
 Tashas ran away from home.;
 Renny was happy that she had decided;
  أكثر النهايات للقصة هي;
 We were happy after the internet and alco;
  أكثر احتمالاً للخيار B;
 Alex decided not to give the cat medicine;
 (Hayley) felt proud and;
  أكثر الاحتمالاً للنهاية;
 (Katy) drank it and;
  أكثر احتمالاً للخيار B;
 They decided to buy a new furniture;
 The teacher became angry and scolded;
" Sam feels hopeless.

Ex";
  أكثر الاحتمالاً للنهاية;
 دارين) أغلق;
" ""I bought them all.""

";
"  ب

The story is about Harry, who wants to play in the local soccer team (";
 Saw the little girl got on the;
  أكثر النهايات للقصة هي;
 (Jim) suddenly felt a sharp;
  أكثر النهاية للقصة هي ال;
" James did not cook again.

";
" ""أمّ (لي)";
 Geniver stormed into her boss;
" Lorraine was disappointed.

Ex";
 They decided to keep the secrets for;
 Then, after about an hour, the;
" The beautiful view changed his mind.
";
 (Layla) felt relieved;
  أي نهاية للقصة هي الأك;
 (Katy) was disappointed that;
  أكثر الاحتمالاً للنهاية;
 Lorali was planning to make that c;
 (Mylena) found the movie;
  أكثر النهايات للقصة هي;
 She had a record of good leadership.;
" Layla recovered from cancer.
";
  أكثر النهايات للقصة هي;
 Jawis loved her children more than;
 He decided not to eat any;
 Tom found the cat and brought it back;
 She had a headache and was unable;
" John won the race.
Reason";
 (Bin) had withdrawn;
 كنت غاض;
  أكثر الاستماع للخيار A.;
  أكثر النهايات للقصة هي;
   (B) طبيبها أكد أنه ص;
 Zoey changed her name when she turned;
 Meranda was happy with her newfound;
  أكثر احتمالاً للخيار B;
" ""Loni remembers his dream and";
  أكثر النهاية للقصة هي ال;
  أكثر النهاية للقصة هي ال;
  أكثر النهايات للقصة هي;
 (Jeremy) enjoys being;
 Everyone was pleased with Tire';
  أكثر الاحتمالاً للنهاية;
  أخترت بين الخيارين A و B;
 He finally reached his limit and ended up;
 لقد استرخوا طوال ال;
 (Karl) went to see a;
 The man was happy to have received a;
 (Jenny) is now an;
  إي;
" (Beith) was silent.
";
" He then got a job.

";
 Bob was so excited about reading the book;
" ""And now, I don't";
  أكثر النهايات للقصة هي;
  أكثر النهايات للقصة هي;
  أكثر احتمالاً للخيار B;
  أي نهاية للقصة هي الخي;
  أكثر الاحتمالاً للنهاية;
 When he comes out of the bathroom;
  مات بدأ يضحك;
 Mike and Barry tie the knot.;
 She continued washing her clothes until the;
  أكثر النهاية للقصة هي ال;
  أكثر احتمالاً للنهاية;
 Rofo finds his hat in the;
 Alexia fell in love with;
  أكثر النهايات للقصة هي;
  أكثر الاحتمالاً للقصة الت;
 (Jayne) was so excited;
 (خوسيه) will;
  أكثر صلابة.;
  أي نهاية للقصة هي الخي;
  أكثر الاحتمالاً للقصة ه;
  أكثر النهايات للقصة هي;
  أكثر النهاية للقصة هي ال;
 Tailor decided to buy a;
 (Zek) decided to wear a;
 (ganit) I felt relieved;
  أكثر النهاية للقصة هي ال;
" ""Rozie waited patiently for";
 Rick gave the ticket to the taxi;
  أي نهاية للقصة هي الأك;
 Sam and his wife spent a wonderful time;
 The children left without their father;
  أكثر الاحتمالاً للنهاية;
 Then he went home after a beautiful day;
  أكثر النهاية للقصة هي ال;
  أي نهاية للقصة هي الخي;
  أي نهاية للقصة هي الخي;
 You decided to give the new social media;
  أكثر احتمالاً للنهاية;
" I hated school.

Ex";
  أي نهاية للقصة هي الأك;
  أي نهاية للقصة هي الخي;
  أكثر الاستمتاع بين الخيا;
  ب (B) لم نستطع رؤية ;
 They decided to go to (;
 She had a wonderful day shopping.;
  أكثر احتمالاً للخيار B;
 (Shone) put on some clothes;
" Nikki laughed all night long.
";
  أخترت بين الخيارين A و B;
  أكثر الاحتمالاً للنهاية;
  أي نهاية للقصة هي الخي;
  ماجي أحب اللون الوردي .;
  أكثر النهاية للقصة هي ال;
  أكثر الاحتمالاً للنهاية;
  أكثر النهايات للقصة هي;
  أكثر الاحتمالاً للنهاية;
  أي نهاية للقصة هي الخي;
  أكثر النهايات للقصة هي;
" John had a great evening.

";
"  جيني) إلتقطت السترة) 
";
  أكثر النهايات للقصة هي;
  أكثر احتمالاً للنهاية;
  جوني يبكي لساعة;
" ""Mike ate a healthy";
  أخترت بين الخيارين A و B;
  أكثر النهايات للقصة هي;
  أكثر الاحتمالاً للنهاية;
 (Jimbo) submits a;
" She asked him to marry her.
";
  أي نهاية للقصة هي الأك;
  أكثر النهايات للقصة هي;
 After the cat finished eating, it;
 Witty doesn't sleep well;
 (إيمي) left to;
  أكثر النهاية للقصة هي ال;
" ""Beit was happy.""

";
 (Mia) was amazed by;
  أي نهاية للقصة هي الخي;
" ""Gary was very upset and";
 Jack fell asleep after drinking the;
 I decided to listen to my heart and;
 Jaw tried his best and was accepted;
 بوني حصلت ع;
 The ambulance took her;
  أكثر احتمالاً للنهاية;
 (David) regresses;
 He did not approach the cats again;
 (Skye) obtained glasses;
 Ray asked his brother's name.;
  أكثر النهايات للقصة هي;
 The letter said they would not receive any;
" ""I informed the doctor that I will";
" ""Kristerian enters the team";
" ""Tim cleaned the pool for Gen";
  أكثر الاحتمالاً للنهاية;
  أكثر احتمالاً للنهاية;
  أي نهاية للقصة هي الخي;
"  جينا وجدت هاتفها 

The";
 Sarra got the job and was confident;
  أكثر النهايات للقصة هي;
 The smaller mice learned Moris';
" ""And despite that, Ron was happy";
  أكثر النهايات للقصة هي;
  أي نهاية للقصة هي الأك;
" You asked for cola again.
";
  أكثر النهايات للقصة هي;
  أكثر النهاية للقصة هي ال;
 Jo was successful in making the old man;
 (Arnold) kept his TV.;
" ""Irek) enjoyed himself (sm";
 Ilia found a new passion and moved;
  أخترت بين الخيارين A و B;
  أي نهاية للقصة هي الأك;
 Markus realized that he could fly by;
  أكثر النهايات للقصة هي;
  أكثر الاحتمالاً للنهاية;
  أكثر الاحتمالاً للنهاية;
  أي نهاية للقصة هي الخي;
  أكثر الاحتمالاً للنهاية;
  أي نهاية للقصة هي الأك;
  أي نهاية للقصة هي الأك;
 Shaqir felt sorry for the;
 We suggested watching a different movie each night;
   (80%) لقد كان معها طو;
" John was nervous.

Ex";
  أكثر الاحتمالاً للنهاية;
 (آلي) was excited to;
  بين الخيارين A و B;
 They were overwhelmed by their;
  بين الخيارين A و B;
  بالنّسبة للقصة، أي نه;
  أي نهاية للقصة هي الأك;
" ""For both of them, it was";
  أكثر الاحتمالاً للنهاية;
  أي نهاية للقصة هي الأك;
 (Meg) lost her memory and;
  أكثر النهايات للقصة هي;
 All the shops he visited were empty;
  أكثر النهايات للقصة هي;
  أكثر النهايات للقصة هي;
" Fiana works every day.
Re";
" ""In the end, we couldn'";
 They went back to their old hab;
" ""لينا جع";
  أي نهاية للقصة هي الأك;
" I decided not to eat again.
";
  أكثر النهايات للقصة هي;
 The father went to look for;
 Discover (Alex) that;
  أكثر النهايات للقصة هي;
" The girls had a fight.

";
  أكثر الاحتمالاً للنهاية;
  أكثر ثقة و حصلوا على;
  أكثر الاحتمالاً للنهاية;
" He had a wonderful dog.

";
 (Beith) was a skilled;
  أكثر النهايات للقصة هي;
  بيف كره الأفلام الغربية ;
  ب D) Both A and B;
  أكثر النهايات للقصة هي;
  أكره السباغيتي (B);
" She bought a dog.

Ex";
" Kayli was excited.
Explan";
  نيل كان بائس (80%);
  أكثر احتمالاً للخيار B;
 I will play the frisbee;
  أي نهاية للقصة هي الخي;
  أكثر النهايات للقصة هي;
 The mother was concerned about Brad';
 He suddenly found thousands of dollars in his;
 He helped his friends to the beach.;
" He went back to the store.
";
  أكثر النهايات للقصة هي;
" ""زوجة (جي";
  أكثر النهاية للقصة هي ال;
 She had a good experience in the work;
"  
The most likely ending to the story is option A, where Tammy tried to comfort Jenna";
 Moraghan was happy because the water;
  أكثر الاحتمالاً للنهاية;
  أكثر الاحتمالاً للنهاية;
  أكثر النهاية للقصة هي ال;
 (Eida) was happy that she;
 The storm raged on for several minutes;
  أي نهاية للقصة هي الأك;
  أي نهاية للقصة هي الأك;
  أكثر الاحتمالاً للنهاية;
  أي نهاية للقصة هي الأك;
  أخترت بين الخيارين A و B;
 Jack then showed up on the internet and;
  أي نهاية للقصة هي الأك;
  أكثر النهايات للقصة هي;
  أكثر النهايات للقصة هي;
 Jamie burst into tears.;
  أكثر النهايات للقصة هي;
  أكثر احتمالاً للخيار B;
" ""مايك يع";
 (Grant) will lend (;
  أكثر الاحتمالاً للنهاية;
"  
The most likely ending to the story is option A, ""Rakiish's stom";
"  ب

The story is about a person who learned leadership for the first time and made a mistake";
  أكثر النهايات للقصة هي;
  أي نهاية للقصة هي الخي;
 (Brad) ate;
" ""Bawlo felt proud of his";
  أي نهاية للقصة هي الأك;
  أكثر الاحتمالاً للنهاية;
  أي نهاية للقصة هي الخي;
  80% يشعر بالاحتمال بالخ;
  أكثر الاحتمالاً للنهاية;
 Max regrets his decision and wants to;
  أكثر النهايات للقصة هي;
  أكثر احتمالاً للخيار B;
" ""He went back to his house after";
" The cat was rescued.
";
  أخترت (آفا) كل مياه الح;
 You went back to the same cinema again;
  أكثر النهايات للقصة هي;
  أي نهاية للقصة هي الأك;
  أي نهاية للقصة هي الخي;
 The owner of the dog gave (M;
 Micky was startled by the children;
  أخترت بين الخيارين A و B;
  أي نهاية للقصة هي الأك;
  أي نهاية للقصة هي الأك;
" Sam was happy with his new computer.
";
  أكثر الاستمتاع بالخيار A;
  أكثر الاحتمال إلى خيار B;
 after returning home, Carlos decides;
  أكثر الاحتمالاً للنهاية;
  أكثر النهاية للقصة هي ال;
 Maria was proud of herself for learning a;
 After two weeks, the rescue team arrived;
 He ended his job as a teacher and;
 (TyeD) decides to;
   (B) في المرة القادمة عند;
  أي نهاية للقصة هي الأك;
" Bob was always forgetful.

";
"  
The most likely ending for the story is option A, where Carl decides to give his father";
  أكثر الاحتمالاً للنهاية;
  أكثر الاحتمال للنهاية ه;
   (B) أعطت جولي باري ع;
 James finally managed to overcome his fear and;
  أي نهاية للقصة هي الخي;
  أي نهاية للقصة هي الأك;
  أكثر النهايات للقصة هي;
 I had fun chatting with the controller;
  أي نهاية للقصة هي الخي;
 (Mark) became famous and earned a;
 (Rex) won';
  أكثر النهايات للقصة هي;
  أكثر الفئرات يتعلقون ب;
   (B) كان لديهم نزهة ر;
 Sandra was frustrated because her;
  أكثر احتمالاً للنهاية;
  أصبح (فرانسيسكو) محاس;
  أكثر الاحتمالاً للنهاية;
  أكثر النهايات للقصة هي;
  أكثر الاحتمالاً للنهاية;
  أكثر النهاية للقصة هي ال;
 Genia did not cheat on her;
  جيل كانت سعيدة لأنها;
  أيضاً، ورأيت أنه كان;
  أكثر النهايات للقصة هي;
 (Bat) thinks he has been;
;
 John was annoyed because his roomm;
  أكثر الاحتمالاً للنهاية;
" ""Klarer regretted that";
  أكثر الاحتمالاً للنهاية;
  أكثر الاحتمالاً للنهاية;
"  
The most likely ending to the story is option A, where Harry quickly fixes Amelia's";
 أ;
 Kief was very happy to see;
  أكثر النهايات للقصة هي;
 The coming week will be a disaster;
 We decided to return to our country instead;
  أكثر النجاحاً كانت محا;
 (تشاد) سجل هدف بع;
 His wife, who was aware of his;
  أي نهاية للقصة هي الأك;
 She relied on her friends for support;
  أكثر النهاية للقصة هي ال;
 The man liked the cat's singing;
 Maggie was relieved that the wait;
