  Размислимо корак по корак. Џанет не иде донесе 16 јаја дневно. Она иде у просеку 3 јаја дневно (три за доручак + четири маффина). Они супротно, она продаје 8 јајима дневно (двоструко више него што иде донесе). Тада можемо рећи да она зарађује $ 2 x 8 = $ 16 дневно на тржишту.
 1 м³ + 0,25 м³ = 1,25 м³.
 Профит = Нова вредност - Стара вредност = $195.000 - $130.000 = $65.000. Овде је профит $65.000.
  Размислимо корак по корак. Џејмс трчи 3 трке недељно, то значи укупно 3 x 60 = 180 метара недељно.
  Размислимо корак по корак.  Венди има 20 пилића, тако да јој треба давати укупно 60 чаша хране дневно (3 x 20 = 60).  Ујутро, Венди даје свом стаду 15 шоља хране, што значи да јој остаје 45 чаша хране за послеполучног оброка (60 - 15 = 45).  Затим, у послеполучном оброку, Венди даје још 25 чаша хране, па укупно треба да да њеним пилићима 70 чаша хране на дан (45 + 25 = 70).
  Размислимо корак по корак.  Килар жели да купи 16 чаша. Свака чаша кошта 5 долара, па би он морао да плати 16 x 5 = 80 долара за све чаше. Али, свака друга чаша кошта само 60% цене, па би она коштала 60% од 5 долара = 3 долара. Тада би Килар морао да плати 80 долара + 3 долара = 83 долара за све 16 чаша.
 Total number of chickens = 60 + 160 = 220. Therefore, there are 220 chickens in Toulouse, 60 chickens in Charleston, and 20 chickens in Seattle.
 x GB = 0,8 x 2 GB = 1,6 GB 3. Одатле видимо да Карла мора да преузме око 1,6 GB датотеке у току 20 минута.
 на краju 4 сата, Џон је било 80 миља од куће.
  Размислимо корак по корак.  Елиза плаћа по 10 долара на сат за првих 40 сати рада сваке недеље, тако да за 40 сати рада она изгуби 40 x 10 = 400 долара. Остатак времена (45 - 40) сати Елиза ради за 1,2 пута више од уобичајеног сатне плате, па добија 1,2 x 10 = 12 долара по сату. Укупна зарада Езе за ову недељу је тад 400 + 12 = 412 долара.
 у свим решавањима, broj preuzimanja у првом месецу се означава са x, a broj preuzimanja у другом и трећем месецу се означава са y и z, респективно.
 $ 794
  * Number of lemons = 7 $/lemon x 7 lemons = $21  * Cost of planting and maintenance = $3 = -$18 (-64%) As
  Размислимо корак по корак.  Мелани је продала трећину прахоспирача у зеленој кући, то су били 3/4 прахоспирача. Она је такође продала још два прахоспирача у црвеној кући, па их укупно имала 3 + 2 = 5 прахоспирача у овом насељу. У портокаловој кући, Мелани је остала са 1/2 прахоспирача (после продаје друге половине). Тако да Мелани почела са 5 прахоспирача у целом насељу.
  Размислимо корак по корак.  У класи плеса су била 20 ученика.  20% ученика се уписује у савремени плес, тако да их у овом случају има 4 ученика (20% x 20 = 4)...
" 
| Продукт | Цена после мesečnog раста | Профит | 
| --- | --- | --- |
| Накит | 5.037,50 долара | 217,50 долара |
| Електронска уређaja | 7.960 долара | 478,40 долара |
| Оба продукта | 12.997,50 долара | 695,90 долара |
Тачно када трговац жели да максимизира профит, он ће бити бољи да купи електронску уређaju, јер ће она у будућности цени више него накит. У том случају, профит би био највећи ако би трговац купио електронску уређaju."
  Воз А путује 160 mi (257 km) у другој недељи, а воз Б путује 160 mi (257 km) у другој недељи.
 1000 + 1500 = 2500 долара.
 36 x 28 = 1008 омела.
  Размислимо корак по корак.  У првом делу стазе, Марја се креће у времену од 1 сата и пролази 4 миље. Ово значи да јој је брзина била 4/1 = 4 миље на сат.  Затим, у другом делу стазе, Марја се креће у времену од 2 сата и пролази 8 миљи. Ово значи да јоj је брзина била 8/2 = 4 миље на сат.  На крају, Марја мораће да прође још 6 миља до циља. Ако јоj је брзина била 4 миље на сат током целе стазе, она ће потребити 6/4 = 3 сата да заврши стазу.  
 55 - 1 = 54 liters
  Размислимо корак по корак.  Рејмонд је рођен 6 година пре Саманте, тако да је Саманта рођена у току година.  Рејмонд је имао сина када је имао 23 године, тако да је тадашњи добарац Рејмондов синова био у току година.  Ако је Саманта сада 31 година, онда је она рођена у току година.  Такође, ако је Рејмондов син рођен у току година, онда је он тренутно у току година.  Зато можемо рећи да је размак између рођења Саманте и рођења Рејмондова сина била година.  Уз помоћ овога знања, могуће је наћи разлику између година рођења Саманте и броја година које су прошли од рођења Рејмондововог сина.  На пример, ако је Саманта рођена у , а Рејмондов син рођен у , онда је размак између њихових година рођења година.  Такође, ако је Саманта рођена у , а Рејмондов син рођен у , онда је размак између њихових година рожењења година.  У овом случају, Саманта је рођена у , па је размак између њеног и Рејмондововог синове годинама рождења година.  Због тога, ако је Саманта сада 31 година, онда је Рејмондов син рођен у .
  Размислимо корак по корак. Његови први 3 купци су купили по један ДВД, тако да их укупно има 3 ДВД-а. Затим, његови следећи 5 купцима су купили по 2 ДВД-а, па за њима још 5 ДВД-а. На крају, његови последња три купаца нису купила ниједног ДВД-а, па им се број ДВД-а одузима. Тада остаје укупно 10 ДВД-а које је Били проdat у уторку.
  Размислимо корак по корак.  Свеча може да гори укупно 4 сата (60 минута)...
  Размислимо корак по корак.  Firstly, we know that Kyle bought the best-selling book last year for $19.50. So, the sale price of the book was $19.50 - $4.75 (25% discount) = $14.75. Therefore, the original price of the book was $14.75.
  Number of cups = Total cost / Cost per cup  Number of cups = 50 dollars / 8.50 dollars per cup  Number of cups = 6 cups  So, Mar ordered 6 cups of pie.
 Add up the costs of all three items = $16.50 + $22.50 + $42.00 = $80.00 Therefore, Miška has spent a total of $80.00 on clothing.
  Размислимо корак по корак.  Синтија ужива једну порцију сладоледа сваке ноћи, тако да она укупно конзумира 30 порција сладоледа у току месеца (30 дana).  Стога, ако купи кутију сладоледа са 15 порција сладоледа по кутији, тада ће она укупно конзумира 450 портикасладоледа (30 x 15 = 450).  Ако цена једне кутије сладоледа износи 4 долара, тада ће Синтија укупно потрошити 1800 долара на сладолед у току 60 дана (4 x 450 = 1800).
 Distance = Total distance - Distance traveled before stopping = 60 miles - 20 miles = 40 miles = 64 km
 The first pair costs $33 dollars, so its price is $33. The second pair costs twice as much as the first one, so its price is $2 \* $33 = $66. Therefore, the price of the shoes is x = $100.
  Размислимо корак по корак.  Дарелову се данас године 53, а Аленову 43. Укупна стара...
 Просечно, пријатељима иде 160 желе боба у те тегли.
  Размислимо корак по корак. Џон има 10 pasa, а сваки пас троши 0,5 сата дневно на бриду. Као што је речено у питању, они шећу и воде рачуна о својим пословима. Ово значи да Џон може бити заузет са бридом пса током 20 сати дневно (10 псов / 0,5 сата/пас x 24 часа). Такође, може бити заузет са бридом пса током 10 сати недељно (20 сати/дневно x 7 дана у недељи). Укупно, Џон може бити заузет са бридом пса током 140 сати недељно (20 сати/дневно x 7 дана у недељи).
 Gold coins = 70 - 30 = 40 So, Grethe has 40 gold coins.
  Размислимо корак по корак. 1. Арон има 5 више драгуља него пола Рајмонових драгуља. Ово значи да Арон има укупно 5 + (пола Рајмонових драгуља) = 9 драгуља.  2. Арон има два бижута мање од Арона. Ово значи да Арон има укупно 9 + 2 = 11 бижута.  3. Аaron has more diamonds than Shawn. This means that Aaron has a total of 9 + 2 = 11 diamonds. Therefore, Shawn has x - 11 = 9 diamonds. Since Reymond has 40 necklaces, and each necklace contains 4 diamonds, Shawn has 40 / 4 = 10 necklaces. So the answer is 10.
  Размислимо корак по корак.  У првим 20 минута, Мајк је постигао 4 поена, тако да укупно понашао 4 + 4 = 8 поена.  Затим, у наредних 20 минута, он је постигао 25% више поена, што значи да је постигао још 25/100 = 0,25 поена. Ово би рачунато након 8 поena, па би укупино било 8 + 0,25 = 8,25 поена.   Therefore, the total number of points scored by Mike is 8 + 8,25 = 16,25 points.
 2 j...
  Размислимо корак по корак. Џон је продао 13 лего сетова и за то је добио 13 x 15 = 195 долара. Он је тада купио 8 видео игара и за то је platio 8 x 20 = 160 долара. Остало му је 195 - 160 = 35 долара. Таким чином, Џон још увек има 35 лего сетова.
  Размислимо корак по корак. Џон трчи 60 миље недељно, што значи да трчи 2 миље дневно. Он трчи три дана недељно, па трчи укупно 6 миљи током те недеље. Овај број можемо поделити на временску размак између трећег и четвртог дана, како бисмо открили колико се Џон попео током другог дана. Ако он трчи 3 сата првог дана и пола таквог времена у другим two данима, онда ће он укупно трчати 4,5 сата у другом дану. Такође, он ће укупно трчати 108 миља у периоду од једне неделе. На крају, он трчи брзином od 108/7 = 15 миља у времену од 7 дана.
 t = 3 Therefore, Dana runs for 3 hours and walks for 3 + (6 - 3) = 5 hours. So, he covers 4x = 16t + (1/2)(20(6 - t)) = 16(3) + (1/2)(20(5)) = 48 miles in total.
  Размислимо корак по корак.  Брендов Ајфон је четири пута старији од Беновог Ајфона, тако да Брендов Ајфон може бити увек .  Бенов Ајфон је два пута старији од Сузијевог Ајфона, па Сузијин Ајфон може бити .  Укупно, Брендов Ајфон је година старији од Сузијевог Ајфона.  
 Distance = Speed x Time + Distance = 3 x (Distance thrown by ordinary spear) + Distance = 3 x 400 meters + Distance = 1200 meters Therefore, if Polly stood at a distance of 1200 meters from the dragon while holding the sapphire stone, she would be able to catch it with her golden spear.
  Размислимо корак по корак.  Баба Џонс је испекла 5 пирога од јабука, а сваки пир осам комада. Такође, она је поставила пет пита на сто за госте да се сами сервирају. Ово значи да гости су узели укупно 5 x 8 = 40 комада пирога. Међутим, на крају вечере, остало је 14 комада пирога, па се може конcluder да гости нису узели све пироге. Уз помоћ математике, можемо рећи да су гости узели колико је остало пирога - 14 комада = 7 co...
  Размислимо корак по корак. 1. Као што нас informs that a serving of chips is 50 grams, we know that the total weight of the bag is 300 grams / 5 servings = 60 grams per serving. 2. Since you have already eaten 5 portions (5 x 60 grams = 300 grams), and your daily calorie goal is 2000 calories, you can eat an additional 70 grams of chips (2000 - 1800 = 200 calories remaining). Therefore, you can eat up to 40 grams more (70 grams - 30 grams already eaten = 40 grams).
 Net Loss = 20 x (-$ 3) = -$ 60 Therefore, Charlie's net profit is -$ 60 if he makes and sells 20 candles.
" 2 чланака x 4 сате = 8 сати  
Таким применом добијамо укупно 40 сати."
 80 + 16 = 96. Therefore, there were 23 whiteboards left over from the original package.
 200 = 0,5x + 0,5((x/2)) = 100 На основу тога, можемо рећи да је Џон потрошио укупно 100 долара на кравате.
  Размислимо корак по корак. 4 стопе = 4 x 0,3 м (височина корака) = 1,2 м (височина капије). Одатле видимо да је капија била висока 1,2 м.  Затим, ако је врт био дуг 100 м, онда је требало да биљке расту у висини од 1,2 м. Укупно ће биљке расти у висини од 100 м x 1,2 м = 120 м².   Такође, ако је вила била исечена на парцеље дугих 15 центиметара, тада ће бити укупно 100 м x 1,2 м = 120 м² парчеа. Ово значи да ће Трејси добити 120 м² парчеа.
  Размислимо корак по корак.  У згради су 15 спратова, и сваки спрат има 8 јединица. Затим, 3/4 зgrade je zauzeta, што значи да су одувек 6 спратова незаузетих (3/4 x 15 = 10, а 10 - 6 = 4). Такође, количина незавшених јединица на сваком спрату је 8, па их укупно било 32 незавшене јединице у згради (4 x 8 = 32).   Therefore, there are 32 unoccupied units in the building.
 Total earnings = Number of eggs produced per day x Number of days in a week x Price per egg Total earnings = 252 eggs/day x 7 days/week x $2/dozen = $1,504 per week.
  Размислимо корак по корак.  Брод иде у правцу истока на висини од 10 миља на сат током 4 часа (13-16)...
  Размислимо корак по корак.  Уријевtorba за књиге садржи 15 килограма књига. Ако он избацује 15 килограма, то ће му остати 15 - 15 = 0 килограма у torbi.   Стрипови теже по килограму него играчка, па ако избацује 30 стрипova, то ће му остати 30 x 1 kg = 30 килограма у torbi.   Иако је у torbi за књиге остао 0 килограма, на основу броја стрипова може се рећи да су они теже од играчких.
 6 гума камиона поправљено су за $ 60 = $ 360, а 4 гуме аутомобила поправљено су за $ 40 = $ 160. Укупно, механичар је зарадио $ 520 ($ 360 + $ 160).
  Размислимо корак по корак.  Firstly, we know that Patty has three times as many adopted cats as her mother does. So if Patty's mother has two adopted cats, then Patty has 3 x 2 = 6 adopted cats. Secondly, we know that Trixie has 12 adopted cats. Therefore, the total number of adopted cats in the Duftfaier family is 6 + 12 = 18 adopted cats.
  Размислимо корак по корак. Џин има 30 лебдица. Он једе два ледачића, тако да остаје 28 лебдица. Затим, он жели да у пакету стави два лебдица, тако да на крају остаје 26 лебдица.
 $42 / $14 = 3 times per week. So, Peter can go to the movies three times this week.
 The truck can carry a total of 3755 pounds (weight of the driver and empty truck), so we can put 3755 / 15 = 250 boxes on it. Then we can add another 150 boxes, because the truck can carry them without exceeding the weight limit of the bridge.
 50 + 4 = 54 долара. Такође, Стивен је платио 3 долара за испоруку, па укупна цena намирница за њега износи 54 - 3 = 51 долар.
 120 плодова + 67 појединачних плодова = 187 плодова... ...то су укупно 187 малина у грми!
  Размислимо корак по корак. 1) Укупно има 25 портокала у кошници.  2) Od 25 portokala, 1 je loš (лоша)...
  Размислимо корак по корак. Џанет плаћа 500 долара за материјале за израду, па онда још 800 долара накитнику за изградњу. Укупно, она плаћа 1300 долара (500 + 800). Затим, она плаћа 10% од укупне вредности, што је 130 долара (10% od 1300 = 130). Таким чином, Џанет је укупно платила 1430 долара (1300 + 130).
 $2,100,000 / 10 years = $210,000 Per year, Mars would receive a pension of $210,000 after leaving her job after 30 years of service.
 140 долара + 138 долара = 278 долара.
 Distance = Total distance traveled / Amount of gasoline remaining = 160 km / 4 gal = 40 miles So, Sophia can travel approximately 40 miles on one gallon of gasoline.
 12 hours/month x 4 months = 48 hours on TV and 6 hours/month x 4 months = 24 hours on reading. Therefore, over the course of 4 weeks, Jim spends a total of 48 hours on TV and 24 hours on reading.
 4 x 5 = 20 играча.  Таким чином, укупно је било 40 играча (20 играчица + 20 играча) који су послати из свих четири школе на кошаркашки турнир.
 x + y = 175 (since there are 175 gems in total) and 2x + y = 35 (since there are 35 rubies). Can you solve for x and y now?
 Number of teachers = Total number of students / Number of students per teacher = 120 boys + 60 girls x 5 = 700 students / 5 = 140 teachers. Hence, there are 140 teachers in the school.
  0 + 40 = 40 долара.  Therefore, the answer is $40.
  Размислимо корак по корак. Џуди предаје 5 часовa дневно, тако да током недеље можеће предати укупно 30 часова (5 х 6 дана). Ако сваки клас има 15 ученика, тада Џуди може зарадити укупно 450 долара (15 x 30 = 450).
 Kellyann has two recipes for preparing meals, one with 20 instructions and the other with twice as many instructions as the first. To prepare both meals, Kellyann needs to read How many instructions in total?   Total number of instructions = Number of instructions in the first recipe + Number of instructions in the second recipe x 2 = 20 + (Number of instructions in the second recipe / 2) x 2 = 20 + (Number of instructions in the second recipe / 2) x 2 = 40 + (Number of instructions in the second recipe / 2) x 2 = 80 + (Number of instructions in the second recipe / 2) x 2 = 160 + (Number of instructions in the second recipe / 2) x 2 = 320 + (Number of instructions in the second recipe / 2) x 2 = 640 + (Number of instructions in the second recipe / 2) x 2 = 1280 + (Number of instructions in the second recipe / 2) x 2 = 2560 + (Number of instructions in the second recipe / 2) x 2 = 5120 + (Number of instructions in the second recipe / 2) x 2 = 10240 + (Number of instructions in the second recipe / 2) x 2 = 20480 + (Number of instructions in the second recipe / 2) x 2 = 40960 + (Number of instructions in the second recipe / 2) x 2 = 81920 + (Number of instructions in the second recipe / 2) x 2 = 163840 + (Number of instructions in the second recipe / 2) x 2 = 327680 + (Number of instructions in the second recipe / 2) x 2 = 655360 + (Number of instructions in the second recipe / 2) x 2 = 1310720 + (Number of instructions in the second recipe / 2) x 2 = 262144
  Размислимо корак по корак. 1. Томи је продат 43 колачића, тако да он их укупно има 43 x $ 3 = $ 130. 2. Он је продат и 23 комада колача од сира, тако да он их укупно има 23 x $ 4 = $ 92. Укупно, Томи је прикупио $ 130 + $ 92 = $ 222 новца.
  Размислимо корак по корак.  Шиела је купила пет мобилних телефона, тако да јој треба платити укупно 5 x 150 = 750 долара за први месец. Када се узима у обзир да се наплаћа 2% каматна стопа, то значи да ће Шиела бити дужник 750 x 1,02 = 765 долара за други месец. А за трећи месец, она ће бити дужник још 765 x 1,02 = 781 долар. Укупно, Шиела ће платити 765 + 781 + 765 = 2,911 долара за три месеца.
 $ 32,88 + $ 16,53 + $ 35,04 = $ 84,45
$$ \text {average area } = \frac{16}{5} = 3.2 $$Therefore, the answer is $3.2$.
  Размислимо корак по корак.  У првој години, према ветеринарима, Сесилија мора да храни штене са по 1 шољици хране за псе сваког дана током првих 180 дана. Ово значи да ће она користити укупно 180 x 1 = 180 врећица хране за псе у првој години.   Затим, касније у питању се наводи да Сесилија мора да храни штене два чаша хране за псе сваки дан до краја свог живота. Ово значи да ће она користити укупно 2 x 365 = 730 врећица хране за псе у целој година.  Таким обрачуном, Сесилија ће користити укупно 180 + 730 = 910 врећица хране за псе у првој години.
  Размислимо корак по корак.  Ако Сара праје 400 фунти веша, тада она праје 400/4 = 100 фунти веша више него Дејavid.  Ако Рејмонд праје пола већег броја веша него Сара, тада он праје 2х100 = 200 фунти веша више него Дејavid.  Зато разлика у количини веша које Рејмонд и Дејвид прају је 200 - (100 + 40) = 160 фунти.
 $$ 7,50 - $ 4 = $ 3,50. Тада се види да је куповина 18 цвећа по бољоj цени уштедела $ 3,50 у односу на куповину у пакетима од 3 и 2 цвећа.
  Размислимо корак по корак. 1. Џон плати 100 долара за штригач. 2. Груммер нуди 30% попуста, тако да Џон може да оствари приход од 30% од вредности штригача. Вредност штригача = 100 долара x 30% = 30 долара. Тада је цена чишћења 100 долара - 30 долара = 70 долара.
  Размислимо корак по корак.  Две девојке су добиле по 1/6 од 24 литра воде, тако да су укупно добиле 24/2 = 12 литара воде.  Затим, један дечак добио 6 литара воде, па је остављено количество воде било 12 - 6 = 6 литара.   Therefore, there are 6 liters of water left.
  Размислимо корак по корак.  Чарли је имао 10 налепника у почетку. Затим је купио 21 налепницу из продавнице у тргovaчком centru, тако да је укупно имао 31 налепницу. Одатле следи да је Чарли дао 9 налепница својоj сестри, па их тада имао 22 налепнице. На крају, онда је користио 28 налепница да би украсио поzdravljivu картицу, тако да су укупно остала 5 налепница за Чарлија.  
 Total weight = Alex's weight + Grayce's weight = 125 kg + (2.5 kg - 25 kg) = 100 kg So, the combined weight of Alex and Grayce is 100 kg.
"  
|# Ружа | #Ружаћаца | #Трња | 
| --- | --- | --- | 
| 3 | 6 | 200 | 
| 3 | 6 | 160 | 
Total number of thorns = Number of roses x Number of thorns per rose = 3 x 8 = 24 tonnes. Therefore, there are 24 tonnes of thorns in total."
  Размислимо корак по корак. 1. Фудбалски тим је одиграо 22 утакмице и освојио 8 више него што је изгубио. То значи да су освојили укупно 22 x 8 = 176 утакмица.  
  Размислимо корак по корак. Џинов одељење састоји се од 5 кошуљи, а свака кошуља има 10 блокова. Такође, он иде на одмора четири пута годишње, тако да број блокова настаје као произвољ од 5 x 4 = 20. Он још увек може добити нове кошуље током одмора, па би бројао још 3 блокова (1 за свако одмора). Укупан број блокова којима је Џин власник је тада 20 + 3 = 23.
 Alarm sounded for half as long as the second time = 6 times. Total number of times the alarm sounded = 4 + 12 + 6 = 22 times. Therefore, the answer is 22.
  792 долара x 1,3 = 1048 долара месечно.
  Размислимо корак по корак.  Улога Марилин и Харальда у продаји албума може бити различита. Може да буде да Марилин...
 Calculate the total cost of the gifts for each guest. Total cost per gift = Cost per package x Number of packages needed = $2 x 75 = $150 Now, we need to calculate the total cost of all the gifts for the 4 guests who will not attend the party. Total cost for unattended guests = $150 / 4 = $37.50 Finally, we add up the total cost of all the gifts to get the total amount that Christina needs to spend on the party. Total cost = Total cost for attended guests + Total cost for unattended guests = $150 + $37.50 = $187.50 Therefore, Christina needs to spend $187.50 on the party.
  Размислимо корак по корак.  Утврђено је да одрасли диносаурус може даје 10 фунти (4536 грама) салата од кромпира. Затим, утврђује се да дете пола од одраслог диносауруса може даје 5/8 од 4536 = 3792 грама. Таким чином, за целу групу (20 одраслих + 5 деца), потребно је укупно 20 x 4536 + 5 x 3792 = 91280 грама картопске салате. Ово значи да Теду треба да донесе око 91 kg картопске салате на пикник.
  Размислимо корак по корак. 1. Марсија има два кућна љубимца више од Синди, тако да Синди има... (2 кућана љубимца) 2. Јан има три пута више кућних љубимца од Марсије, тако да Марсија има... (6 кућаних љубимaca) 3. Укупно су укупином тројице љубимаца биле... (9 кућаних љубимaca).
 Amy - 10 + 5 = 15 years old Jackson - 10 + 0 = 10 years old Correy - 12 + 2 = 14 years old James - 10 + 1 = 11 years old Now, we need to find out how old Jackson is. According to the question, James is 10 years old and one year younger than Correy. So, Correy is 11 years old. Therefore, Jackson is 10 years old.
  Размислимо корак по корак.  LI трчи 400 метара са препрекама у времену od 38 секунди. Ово значи да он трчи на средњој брзини од 2,67 метра у секунду (400 м / 38 с). Џералд трчи 400 метара са препрекама у времену od 45 секунди. Ово значи да он трчи на средњој брзини од 2,39 метра у секунду (400 м / 45 с). Уз побољшану исхрану, Џералд може да трчи 400 метара са препрекама у времену од x секунди. Зато можемо рећи да Џералд може да трчи 400 метара са препрекама у времену од x = 38 + (x - 38) / 10 = x = 43,5 секунди.
  Размислимо корак по корак.  Firstly, we know that the number of rabbits is 12 times smaller than the combined number of houses and cats. So, if there are x houses and y cats, then the number of rabbits is 12x/y.  Now, we are told that there are 60 dogs in the neighborhood. Since each dog has a cat (as mentioned in the problem), the total number of cats is 60x/y. Therefore, the number of rabbits is equal to 12x/y - 60x/y = -48x/y. Finally, since x and y are positive integers, we can see that the number of rabbits must be negative, so the answer is -96.
 4.
  Размислимо корак по корак. HA...
  Размислимо корак по корак. 1. Утврдимо количина соса који се прави из консервираних парадајзи. according to the problem, each serving of sauce made from canned parsley contains 3 domestic parsleys. Therefore, if Fred used 40 grams of home-made sauce, he must have used 40 / 3 = 13 domestic parsleys. 2. Determine how many cans of preserved parsley Fred used. Since each can contains 40 grams of parsley and Fred used 13 domestic parsleys, he must have used 13 x 40 = 520 grams of canned parsley.  So, Fred used 520 grams of canned parsley.
  Размислимо корак по корак.  У првих 15 минута, 5 аутомобила су отишли изазован излазом, па их треба убранити из броја аутомобила на аутопуту. Тада остаје 25 аутомобила (30 - 5).  Затим, у другим 15 минута, 20 аутомобила пролазе кroz саобраћајну гужву, па их треба додати броју аутомобила који су већ прошли кроз гужву. То значи да укупно прође 45 аутомобила кроз саобраћајну гушгу у целом периоду (25 + 20 = 45).
  Размислимо корак по корак.  Маријевим већим количинама саuka можемо рећи да она има 96 сакупица (2 x 40).  Њен план давати по једну сакупу пријатељима и породици значи да ће она дати укупно 96/5 = 19 сакупица. Тако ће бити остало 77 сакупица за Марију (96 - 19).
 20 + 25 + 37.5 + 60 = 152.5 presses.
  39 / 4 = 9,75 страница на дан.
 3 + 4 = 7 чаша воде недељно.
  Размислимо корак по корак.  У првом кораку, треба направити тачку на океану и забележити дубину воде у тој тачки. Она може бити D метри. Затим, треба направити тачку на врху брда или планине изнад града и забележити висину те тачке у односу на океан (V metri). Након тога, треба направити тачку на висини од 3 миљи од обале и забележити висину те тачке у односу на океан (H metri). Тада, према задатом питању, потребно је 10 минута да се магла подигне на висини од 3 миље од обале. Због тога, у истом времену, магла ће се расти на висини од H metri у већем делу града.  У другом кораку, треба направити тачку на висини од 6 миља од обале и забележити висину те тачке у односу на океан (K metri). Затим, треба направити тачку на висини од 9 миље од обале и забележити висину те тачке у односу на океан (M metri). Напослетку, треба направити тачку на висини од 12 миље од обале и забележити висину те тачке у односу на океан (N metri).  Затим, могуће је наћи вредност v metri за сваку висини, где je v metri = H metri - K metri + M metri - N metri.  Касније, ако знамо вредности свих v metri, можемо наћи вредност t metri за цео gradient магле, где je t metri = v metri / g, где je g сила гравитације.  Тада, можемо наћи вредност времена t metri за покривање целог града маgomлом, где je t
 Попи's mother places a third of the remaining pieces on the board. This leaves 2/3 of the original number of pieces on the board and 1/3 in the box.So, there are now 4/5 + (2/3) = 6/5 = 12 pieces left to be placed on the board.
  x = 10.  Therefore, Kodi and Amir together eat 10 cookies.
  Размислимо корак по корак. 1. Укупан пречник зидова = 5 + 6 + 4 = 15 инча. 2. Укупна дужина зидова = 3 × 8 = 24 центиметра. 3. Укупна површина зидова = укупана дужина зидова × укупан пречник зидова = 24 центиметра × 15 инча = 360 центиметара квадратних. 4. Укупна запремина сваке кутије = дужина × ширина × висина = 5 инча × 6 инча × 4 инча = 120 кубичних инча. 5. Укупна запремина све три кутије = 3 × 120 = 360 кубичких инча.
  Размислимо корак по корак.  У понедељу и у уторку, Frankwatched one hour of TV each night, so he watched a total of 2 hours of TV in those two days.   In Wednesday, he watched several episodes of his favorite show, each lasting 30 minutes. So, he watched a total of 3 x 30 = 90 minutes of TV on Wednesday.  In Thursday, he finished his homework early and watched an additional 1 hour and 30 minutes of TV. Therefore, the total amount of TV he watched on Thursday was 1 + 30 = 31 minutes.  In Friday, he had to stay up late, so he watched 2 hours of TV. Thus, the total amount of TV he watched on Friday was 2 x 60 = 120 minutes.  In summary, Frank watched a total of 2 + 90 + 31 + 120 = 241 minutes of TV over the five days.
 110 = x + 5 Therefore, Henrik baked 105 cookies last year.
  Размислимо корак по корак.  Firstly, the price of gasoline at the local pump is $3 per gallon. Therefore, if someone buys 10 gallons of gasoline, they will pay $30 (10 x $3).  Secondly, the company that produces applications offers a discount of $20.20 for each gallon of gasoline purchased at this station. So, if someone buys 10 gallons of gasoline, they will receive a discount of $202 (10 x $20.20). Finally, after applying both discounts, the total cost of 10 gallons of gasoline would be $99.80 ($30 - $202).
" 30 / 5 = 6 ruola per turn 
So, if they were to compete against each other, Beatrice would win because she could consume more fruit per turn than Marcel."
 0,2 литре/м x 1,07 минута = 0,21 литера.
  2 часа x 3 очишта = 6 очиштена табли дана.  Therefore, the whiteboard is cleaned 6 times a day.
  Размислимо корак по корак.  Рајан засађује два цвећа дневно, тако да у првих 15 дана засађе 30 цветova (2 x 15). Ако после тога 5 цветова не расте, онда укупно има 30 + 5 = 35 цветова.
  Размислимо корак по корак. Џамалов телефон може да прими 6 пута више фотографија него Британини телефон, што значи да може да прими 6 x 50 = 300 фотографија. Ово значи да максимални број фотографија које може да прими Британин телефон је 300 / 50 = 6. Џамалов телефон може да прими 1800 фотографија, ако може да прими 6 пута више фотографија него Британин телефон, онда може да прими 1800 / 6 = 300 фотографија. Ово значи да на Џамаловој фотографији патака у зоологичком врту могуће је видети 300 / 1 = 300 патака.
 Profit = $150 - $180 = -$30 Sasha will actually lose money if she sells all her planks.
  Размислимо корак по корак.  У питању су 7 кашица шећера за сваку кашицу воде. Тада, ако је Кејти употребила 120 кашика воде, она их је такође употребила 840 кашица шећера (120 x 7 = 840).
 6 x 60 = 360 долара.
  Размислимо корак по корак.  У првом дану, цaрински слубeник у главној луци SeaSide пребројио je 2 контеjнера увезених возила, од чега у сваком контејнеру има 5 возила. То значи да је укупно било 10 вoзила (2 контејнера x 5 возила у сваком).  Наредног дана, донијели су још контејнер, тако да се новац Broj vozila у луци повећава за 30 возила. Ако све контејнере садрже 5 возила, тада ће бити укупно 30 + 10 = 40 вoзила у луци SeaSide.
 Укупна плата = 30 / 4 = 7.500 долара  Јасно се може видети да Адриенов укупан унос четири године касније био је 80.000 долара, а не 160.000 долара, као што се наводи у питању.
  Размислимо корак по корак.  Miguel користи 2 папира недељно, а то значи да користи 14 пари (2 x 7 = 14). Укупно је у његовом распосуду 30 листова папира, тако да остатак од 30 - 14 = 16 листова може бити деоовано међу различитим данима у месецу. Зато можемо рећи да Miguel користи 16/30 = 0,5 листа папира месечно.
  Размислимо корак по корак.  Морисета и Каел су замољене да донесу воће. Морисета је донела 5 јабука и 8 портокала, а Каел је донео двоструку количину јабука и пола броја портокала од Морисете. Укупно је Морисета донела 5 + 8 = 13 плодова, а Каел их је донео у дуплицији количини, то јест 2 × 5 = 10 плодова. Укупно су они донели 13 + 10 = 23 плода.
  Размислимо корак по корак.  Сејди је спавала осам сати у понедељак, тако да у првој недељи спавала је осам + two = 10 сати. У наредном дану, спавала је два сата мање, па у другој недељи спавала је 10 - two = eight сати. У трећем дану, спавала је још двочасове мање, па у целој недељи спавала је eight - two = six сати. Тада можемо видети да Сејди укупно спавала шест сати током целе недеље.
  Размислимо корак по корак.  У првом делу, Рози трчи 10 миљи у 3 сата, тако да је брзина тркања била 10/3 = 3,33 миље у времену од 1 сата.  Затим, у другом делу, она трчи 8 километара у 1 сат, тако да је брзина тркања била 8/1 = 8 километара у времену од 1 сат.  На крају, требаћемо да израчунавамо колико Рози може да прође за 7 сати. Ако се применима брзина из претходних делова, она може да прође 7 x 3,33 = 22,9 миље или 22,9 / 60 = 0,375 километара на сат.   Therefore, Rosie can run 0.375 kilometers per hour for 7 hours.
  Размислимо корак по корак. Џени почиње да помоћује у канцеларији своje мајке са 60 непечаћеним писмама. Она стави печат на трећину тих писма, што значи да је задржала 20 непечаћених писма (1/3 x 60 = 20). Тада добија још 30 већштампаних писма, тако да укупно има 50 писма у гомили. Касније добија још 10 невећих писем, па укупно има 60 писма у гомили.
  Размислимо корак по корак. Julia bought a new pack of plastic cups and her husband also bought a packet of 5 new cups. Julia used 3 cups to taste the soup before serving it, so she had 9 cups left (7 + 2). When she went to serve the soup, she had 12 cups in total (9 + 3). Therefore, there were 3 cups in the packet that Julia's husband bought.
 Укупни број кобасица = Број пилећих кобасица + Број рибљих кобасица - Број кобасица од пилеће Укупни број кобасица = 38 + 6 - x где x представља број кобасица од пилеће Укупни број кобасица = 40x x = 32 Since there are 32 cockleshell shells from the chicken, and 6 shells from the fish, Dylan bought a total of 40 shells.
  Размислимо корак по корак.  Ејми је добила 20 нових пријатељa након преласка у нову школу, тако да су сада Ејми и Лили заједно имале укупно 70 пријатељева (50 + 20).
  Размислимо корак по корак.  Да bi бил Дilon купио 4 лубенице, он ће то урадити за $ 4 x 15 = $ 60.  Он ће такође купити 20 паприка, који ће му костити $ 20 x 15 = $ 300.  На крају, он će купити 10 портокала, који ће му костити $ 10 x 15 = $ 150. Укупно, Дilon ће потрошити $ 60 + $ 300 + $ 150 = $ 510.
 720.000 - (500 x 200) = 540.000 долара дневно.
  Размислимо корак по корак.  У питању су 60 seasonal workers who are playing elves in Nisa's slave trading center. Two-thirds of the elves (40) have left after children threw up on them, and 10 of the remaining elves (10/2 = 5) have left after being hit by children's feet. Therefore, there are now 50 elves left (60 - 40 - 5).
  500 + (-60) = 440 долара.  Therefore, Joseph spent a total of $440 for those two months.
  Размислимо корак по корак.  Пем је био на торору два пута, тако да му је укупно било 2 x 6 = 12 карте. Фред је био на торору четири пута, па му је укупно било 4 x 6 = 24 карте. Затим, они су возили лужу по два пута, па их још утакмиче 2 x 2 = 4 карте. Укупно за Пема је било 12 + 4 = 16 карте, а за Фреда 24 - 4 = 20 карте.
  Размислимо корак по корак.  У понедељак је Валт прошао 4 миље, а у уторак 6 пута више = 24 миље. У среду он је прошао још 37 миљи, па укупно 41 миљу. Тада можемо рећи да је у среди он прошао 37/4 = 9 миља.
 Total cost = Number of car washes x Cost per car wash = 48 months x $15/car wash = $720 per year. Therefore, Tom spends $720 per year on car washes.
  Размислимо корак по корак.  Firstly, we know that Brian has 20 video games and Bob has fewer than 3 times as many video games as Brian. So, if Brian has 20 video games, Bob has at most 60 video games (since 3 x 20 = 60). Now, let's assume that Brian lost 5 video games immediately before the comparison was made. Therefore, the number of video games that Brian actually has is 20 - 5 = 15. Since Bob has fewer than 3 times as many video games as Brian, Bob has at most 45 video games (since 3 x 15 = 45). So, the answer is 45.
  Размислимо корак по корак. 1/3 = 27 / 3 = 9.  Затим, 2/3 = 9 x 2 = 18. Тада се може рећи да их у Шкотској планини има 18 женских једнорога.
 $ 20.00 x 20% = $ 4.00 So, the final cost of her order including delivery is $ 20.00 + $ 4.00 = $ 24.00
 100 питања / 6 сати = 16,67 минута за completavanje testa ( since there are 60 minutes in an hour)  Therefore, there were 48 questions left unanswered.
  Размислимо корак по корак.  Firstly, we know that there are 22 red rubber balls in the machine for sweets. We also know that there are four times as many red balls as blue ones. So, if there are 12 blue balls, then there are 48 red balls. Therefore, the answer is 48.
  Размислимо корак по корак.  Укупно аутомобила које можемо изнајмити је 20.  Аутомаtičari су 12 (60%), ручно вођени аутомобили су 4 (20%) и полуавтоматски аутомобили су 4 (20%). Тада, колико је процената аутомобила полу-аутоматских? odgovor = (20/20) x 100% = 100%.
  Размислимо корак по корак.  У кошници има 700 пчела. Ако су сви они радници, тада би их било укупно 700 x 2 = 1400 радника. Али, као што је речено у питању, у свету има двоструко више радника него млађих пчела, па се може закључити да је број радника у свету 1400 x 2 = 2800 радника.
  Размислимо корак по корак. 2 сата дневно = 14 часа у недељи (7 дана) = 98 часа у недељи 98 / 10 = 9,8 долара у недељи
 $15 + $1.50 = $16.50.
  Размислимо корак по корак.  Firstly, we need to calculate the total cost of cleaning supplies for each client. For Client A, it will be 2 x $2 = $4 per session. For Client B, it will be 3 x $2 = $6 per session. For Client C, it will be 4 x $2 = $8 per session. Therefore, the total cost of cleaning supplies for all three clients is $4 + $6 + $8 = $28. Next, we need to calculate the revenue from each client. For Client A, the revenue will be $10 - $4 = $6 per session. For Client B, the revenue will be $15 - $6 = $9 per session. For Client C, the revenue will be $12 - $8 = $4 per session. Therefore, the total revenue from all three clients is $6 + $9 + $4 = $29. Finally, we can calculate Luka's profit by subtracting his total costs from his total revenue. His profit will be $29 - $28 = $1 per session. So, he will make $1 per session.
 12 x 100 = 1.200 ананаса. Тај броj представляет количину ананаса који могу да сабира Џон у току године.
  Размислимо корак по корак. Џони покупио играчку са пода у својој соби, тако да он тада поседује 1 лего кутију са 500 комаца и још једну која има 3 пута више комаца (то су укупно 1500 комаца). Затим, он добија још једну лего кутиju са 1/4 броја комаца (то су укупно 750 комаца). Укупно, Џони поседује 2250 комаца леги.
  Размислимо корак по корак.  First step is to find out how many bees Debra saw leaving the hive in the first 6 hours of the day. We know that 30 bees left the hive during this time period. Then we need to find out how many bees returned to the hive within the next 6 hours. Since half of the original number of bees returned, we can infer that 15 bees returned to the hive. Therefore, the total number of bees that Debra saw returning to the hive within the last 6 hours of the day is 15.
  Размислимо корак по корак.  Firstly, we know that Britani and her mother went to the museum together. Therefore, the total cost of their tickets is $12 + $10 = $22. Next, we are told that Britani's mother gave $8 in cash to the ticket seller. So, the amount she paid for the tickets is $22 - $8 = $14. Finally, we are asked how much money Britani's mother gave in cash. Since she paid $14 for the tickets, she must have given $14 - $8 = $6 in cash. Therefore, the answer is $6.
 Чарли + Џејмс = 27 + 36 = 63 пријатељи. Тада можемо рећи да Џејмс има 63 / 9 = 7 пријатеља на Фејсбуку више него Дороти.
  Размислимо корак по корак.  Стив може да вози бициклом на 440 стопа у минути, тако да може да дође до куће у  3/440 = 1/60 минута.  Тим може да вози скејтбордом на 264 стопе у минути, тако да може да дође до куће у  3/264 = 1/87 минута.  Тада се Стив налази у  1 + (1/60) - (1/87) = 59/87 минута од куће, а Тим у  59/87 - (1/87) = 58/87 минута од куће. Обојица су исто времена у висини куће, па је немогуће рећи који ће први стиIGo до куће.
 Шона није добила ниједну другуцку за надување бицикла.
  Размислимо корак по корак.  Карл купуje deset паковаља колачића, тако да он добија укупно 6x10=60 колача. Он плати за све колаче 0,10 долара, тако да му се укупна цena платежа износи 60x0,10=6 долара. Тада Carl добија 60-6=54 долара.
  Размислимо корак по корак. 1. Дејв је купио паку са 24 кромира.  2. Он је појео 14 кромира пре него што му је гладна мараца украла паку из руке. Ово значи да је остало 10 кромира у паку (24 - 14 = 10).  3. Када је чавуљ слетео, прогутао је пола количине фрицеса које је Дејв јео. Ово значи да је фрицес имао 5 кромира (10 / 2 = 5).  4. Три голуба су одвукли храну од Дејава, и сваки голуба је појео three sweet potatoes. Ово значи да су голубови заједно појели 9 sweet potatoes (3 x 3 = 9).  5. Ено је крао two thirds of the remaining fries, which means he ate 6 fries (2/3 x 5 = 6).  6. Mavs have taken the last french fry, so there are no more left in the bag. Therefore, the final answer is 5 french fries remained in the bag when Dave bought it.
 9 + 8 = 17 hours.
 $\frac{60}{60} = 1$ bagel per day Now, let's calculate the total length of all the pechen produc...
  Размислимо корак по корак.  Због тога што чувар зоологичког врта не може да наручи више банана него што су потребни мајмуни, он мора да наручи само такав број банана који су потребни мајмунима. У овом случају, мајмунима се потребно 200 банана месечно.   Затим, због тога што чувар не може да наручи више банана него што су потребни свих мајмуна за 2 месеца, он мора да наручи исто толики број банана и за други месец. Ово значи да му је потребан још 200 банана за други месец.   Тада, за цело 2 месеца, чувар зоологиског врта мора да наручи укупно 400 банана (200 + 200).  Ако смо дошли до овог броја, могуће је видети да чувар зоологиског врта не може да наручи више банана него што су потребни свим мајмунима за 2 месеца.
  Размислимо корак по корак.  Блејк трчи 15 пута дуж терена, тако да је његова дужина трчања била 15 x 100 = 1500 метара.  Кели трчи до 40 јарди линије и назад, што је равно 40 + (-40) = 80 метара. Она тада трчи 34 пута, тако да је њена дужина трчања била 34 x 80 = 2640 метара.  Зато Блејк води са 1500 - 2640 = -940 метара.  Такође, Кели води са Блејком за 940 метара.  
  6 + 8 + 20 = 34 долара.  Зато Рафаеов укупни промет износи 34 долара.
  Размислимо корак по корак.  У beginning, Fин can see 11 bubbles in the lake. Then, he sees that 6 of them have come out from under the lilies, so now he can see 5 bubbles (since each bubble represents one fish). Next, he sees that two of them are hiding under a rock, so now he can see only 3 bubbles. Therefore, the answer is 3.
  19 / 3 = 6.3 meters. Therefore, the depth of the water in the reservoir on Wednesday was 6.3 meters.
 10 + 3 = 13 kelpies.
 $ 28 x (1 + 0.2) ^ 36 = $ 75.92.
  Размислимо корак по корак. 1. Ако кукла кошта 3 акционе фигуре, тада су укупно 3 x 5 = 15 долара закупили акционе фигуре.  2. Ако један црвени аутомобил коштао 4 долара, тада су укупно 5 x 4 = 20 долара закупили црвени аутомобили.  3. Тада можемо видети да су укупно 15 + 20 = 35 долара закупили свих 8 играчка.  4. Значи, сваки од 8 играчкаца је вредан 35 / 8 = 4,375 долара.
 $765 - $90 = $675. Therefore, if Jackie hires an accountant instead of paying the taxes herself, she will make $675 more per year than if she paid the taxes herself.
  Размислимо корак по корак.  Елвира је узела машину код 1090 евра, али она није платила целу цену. Она је добила дискрециони накит од 150 евра од целе породице, тако да је укупнаццена машине била 940 евра (1090 - 150).  Она још узима скенера, ЦД пецача и штампача. Скнер кошто 157 евра, ЦД пецач 74 евра и штампач 102 евра, тако да су укупнаццена свих додатних производа била 333 евра (157 + 74 + 102). Укупан број новца које Елвира има за одећу јесте 607 евра (940 - 333).
  Размислимо корак по корак.  СANDRA мора да чува децу 4 пута да би добила све 9 јаја које су се родиле у то време. Тада мора да чува децу још 2 пута да би добила још 3 јаја за израду шпанског флана. Укупно, СANDRA мора да чува децу 6 пута да би направила 15 шпанских флана.
  Размислимо корак по корак.  Сет је два пута старији од Брук, што значи да је Сет старији за 2 × 2 = 4 године. Тада су укупно њихов years = 2 + 4 = 6 година. Збир њихових година за 2 године буде 28 - 6 = 22 година. Одатле се види да Сет је старији за 22 године од Брук.
 Џими > Етел.
  Размислимо корак по корак.  Панчо хода 30 километара дневно, што значи да хода 30 километара x 7 дана = 210 километара у недељи. Али, рецимо, у викенду иде пешачењем 10 миље, или 16 километара ( since 1 миља = 1,6 километара). Укупно, Панчо је ходао 210 + 16 = 226 километара у недељи.
 x + y = 100 (због 25 долара за капицу) или x + 3y = 250 (због 85 долара за јакну и панталоне). Одабирimo x и y тако да се укупан ценовник свих униформи износи 250 долара. На пример, ако x = 75 и y = 125, онда свака униформа коштаће 97,5 долара (75 + 125), а укупно će бити 247,5 долара (250 - 2,5).
 640 + 540 + 30 = 1210 ногу.
 6 + 64 + 32 = 158 years old.
  Размислимо корак по корак. Џесика може да плати максимално 50% више од минимума за сваку дугу. За студентске кредите, то би био 180 долара месечно (50% од 360 долара), а за кредитну картицу и 240 долара месечно (50% од 480 долара). За хипотеку, то би било 750 долара месечно (50% од 1500 долара). Укупно, Џесика може да плати 180 + 240 + 750 = 1170 долара месечно. Ово значи да ће она можда платити око 13,940 долара у року од године.
 око 13 минута и 40 секунди.
  Размислимо корак по корак.  Firstly, we know that Juan and Carlos sell a total of 20 gallons of lemonade per day. Since they charge $0.50 for each cup, they earn $10 per gallon (20 cups/gallon x $0.50/cup).  Next, we need to calculate how much money they spend on lemons. We are given that they use 3 dollars for every gallon of lemonade sold, so the cost of lemons is $3/gal x 20 gal = $60 per day.  Finally, we can see that their profit is $10 - $60 = -$50 per day. Therefore, they have spent $50 on lemons.
  Размислимо корак по корак.  У трци су била 240 учесника, од тога 80 Јапанаца и 160 Кинеза (60 дечака + 100 девојака).   Therefore, there were 100 girls in the Chinese team.
"  Размислимо корак по корак.  Firstly, Заид троши 1/4 своје плате на najmu, which is $1500 (1/4 x $6000). Secondly, he spends 1/3 of his pay on fuel for his car, which is $2000 (1/3 x $6000). Thirdly, he donates half of the remaining amount to his favorite charity, which is $3000 ($6000 - $2000 = $4000; $4000 / 2 = $2000). Therefore, After all these expenses and donations, Заид has $2800 left ($6000 - $1500 - $2000 + $2000 = $2800)."
  16 + 36 = 52 ратка.
 $50 + $80 = $130
  Размислимо корак по корак.  Ученици у разреду су 80. Ако је победник добио 3/4 гласова, онда је количина гласова која му је остала после дељења са 4 била 20 (3/4 x 80 = 20). Такође, губитник је добио 60 гласова (80 - 20 = 60).
  Размислимо корак по корак.  Фред мора доставити Сендри 4 пута више црвених ружа него белих гвожђа. То значи да му мора доделити 4 x 20 = 80 црвених ружа. Осим тога, Сандра још тражи 200 ружичастих лилија, који су пет пута више од броја белих гвожђа. Због тога, Фреду треба доделити 5 x 20 = 100 ружичастих лилија. Укупно, Фред мора доделити Сендри 80 + 100 = 180 црвених ружа и ружичастих лилија до 5 сати како bi задовољио Сендрину захтев.
  Размислимо корак по корак.  Firstly, we know that Jin is two years older than Mark. So, if Mark is currently 25 years old (as given in the problem), then Jin must be 27 years old (2 + 5 = 7). Now, we also know that Jan was five years younger than Mark two years ago. Therefore, if Mark is currently 25 years old, and he was 20 years old two years ago (as given in the problem), then Jan must be 15 years old now (20 - 5 = 15).
 60 + 55 + 45 + 40 = 280 seconds or 4 minutes 40 seconds.  Since both teams took the same amount of time to complete the race, there is no difference between them. Therefore, neither team wins.
 2, 3, 4, 5 или 6. Веродостојност да ће он испалити такав број износи 1/6 или 0,17. Укупно, веродостојност да Џери испали two odd numbers in a row износи 0,17 x 0,17 = 0,028 или 2,8%.
  Размислимо корак по корак. Џенова мама је добила 20 јабука, а Џена је скупила пола од маме. То значи да Џена је скупила 20 / 2 = 10 јабуки. Ово значи да их обе девојке заједно имају 30 јабука (20 + 10).
  Размислимо корак по корак.  У продавници живи укупно 10 раса (расела). Сваки рас може бити подељен на 3 групе (кавез), тако да укупно има 3 x 10 = 30 казова. Каждый пас може добити 6 комада сламе, па укупно добијају 30 x 6 = 180 комада сламе.  Затим, сваки хрчкал може добити 5 комада сламе, па укупно добијају 10 x 5 = 50 комада сламе.  Зечевима се даје укупно 20 комада сламе, али они нису подељени међу собом.  Из тога следи да је укупна количина сламе која се распростирује међу малим глодарима 180 + 50 + 20 = 250 комада. Ово значи да је количина сламе по пацу 250 / 30 = 8,33 комада за сваког паца.  На крају, због тога што су у продавници 10 раса, а свака раса има 3 казеза, пацови су укупно 10 x 3 = 30 пакова.
  Размислимо корак по корак.  Менди дугује Бенедикту $100. Уговорена је камата у износу od 2% што значи да Менди мора да плати Бенедикту $100 x 2% = $2 у првој месеци. У другом месецу, Менди мора да плати Бенедикту $98 ($100 - $2) задржавајући $2 у другој месеци. У трећем месецу, Менди мора да плати Бенедикту $96 ($98 - $2) задржавајући $4 у трећој месеци. Одатле видимо да Менди не може да плати Бенедикту целу вредност дуга у року од 3 месеца.
  Размислимо корак по корак. 1. Трговац је продат 50 вреће ( since he made a total profit of $400). 2. The cost of transporting each basket from the farm to the warehouse is $2 per basket, so the total cost of transportation for all 50 baskets is $50 ($2 x 50 = $100 - $50 = $50). 3. Therefore, the torgovac's profit per basket is $30 ($30 = $30 x 50/100).
 $66 / 3 = $22 per person. Therefore, each friend paid $22 to cover all the expenses.
  Размислимо корак по корак. Џон сакупља прашкице три сата. У тренутку када он сакупља прашкицу, он може да сакупи 2 праskiце у минути. Тајнаклетно, колико времена ће му за сакупљање прашкица? 3 сата x 60 минута/сат = 180 минута или 3 часа и 4 минута. Оно што нам остаје да урадимо јесте да претворимо време у бројеве. У току 3 часа и 4 минута, Џон може да сакупи Њих прашкице. 3 сата x 60 минута/сат = 180 минута 180 минута / 60 минута у минуту = 3 рачунања у минути. Такође можемо рећи да Џон сакупља 3 прашкице у минути.
  Размислимо корак по корак.  Уочимо да су патаци у току недеље ишли на пројекција од 7 дана у седмици (неки дан може бити дужа или краћа). Тада их треба дају 2,5 кг инсеката недељно.  2,5 кг / 7 дана = 0,36 кг/дан  Зато ако имамо стадо од 10 патака, они потребно ће дневно добијати 0,36 кг инсеката.  Ово значи да им је потребно укупно 0,36 x 10 = 3,6 кг инсекта недељно.
  Размислимо корак по корак.  Том сваке године садњу 10 стабала, па током прве деценије има 10 x 10 = 100 стабала.   Исеца 2 дрвља годишње, па после 10 година остаје 100 - 20 = 80 стабала.  Али затим се 30% дрвећа умире, па после 10 година остаје 80 / 0.3 = 267 drva.  Зато су остала 267 drva.
  Размислимо корак по корак.  У петком ујутру сусуједи су ставили 18 пластичних пламинага на предњи двориште Сју. Они су тада били само пластични пламинингови.  У суботу ујутру суседи су вратили једну трећину фламингоа, обојили их у бело и поново ставили ово об Oberegrane fламингоe у предњи двориште Сју. Они су тада били бели пластични пламинингови.  У недељи ујутру су у колекцију додали још 18 пластичних пламинага. Они су тада били бели пластични пламинингови и нови пластични пламенингови.  У подне у недељи, колико је више пластичних пламинага било на улици него пластичних пламинага?  Речено толико да бисмо могли рећи да су у подне у недељи било укупно 36 пластичних пламинага (18 + 18).
  Размислимо корак по корак. 1. количина нове оlovke = 20 долара / 5 боја = 4 оловке (4 x 2 $ = 8 $) 2. цена сваке оловке = 8 $ / 4 оловке = 2 $ по оlovци 3. новац који ће остати после куповине = 20 долара - 8 $ = 12 $
  Размислимо корак по корак. 8 оловки = 8 x 1,20 долара = 9,60 долара.
 200 - 5 = 195 килограма морковица које ће бити неупотребљених.
 Average number of children per person = 17768 / 23786 = 0.75 Therefore, there are approximately 0.75 children per person in Sochi.
  Размислимо корак по корак.  У првоме месецу, Елејн је биладе 20 Покемон картица. У другом месецу, она је изгубила 20 картица, тако да је у другому месецу било 40 картица (20 - 20). У треćеме месецу, она је дошла до још 80 картица, па су укупно биле 120 картица (40 + 80).
  MARK'S WEEKLY INCOME = ($5 x 1000) + ($10 x 1000) = $5000 + $10,000 = $10,500  Therefore, Mark earns $10,500 weekly.
  Балдур добија 2,2 литра воде дневно.
 Укупно новца = $40,800 + ($5000 x 5%) = $43,900
  Размислимо корак по корак. Џози узгаја грожђе на својој фарми од 10 хектара. Сваки хектар годишње производи 5 тона грожђа. Тада можемо рећи да сваки хектар произведе 5 × 10 = 50 тона грожђа укупно. Али не само то, свака тона грожђа производи 2 буре вина. Зато можемо рећи да сваки тон грожђа произведе 2 × 50 = 100 бура вина укупно. Ово значи да Џозиова фарма Produces 100 бура вина годишње.
  • Данесон је користио 5 резака сира.  • У следећим 3 данима недеље, он је користио укупно 12 резака сира.  • У великом јелу макарони и сира, он је користио укупно 16 резака сира током целе недеље.
 198 + 54 + 12 = 264 Pencils Therefore, Janet has 264 pencils now.
 (89 + 71 + 92 + 100 + 86) / 5 = 845/5 = 169. Ово значи да Бринли још мора да добије 63 да би достигла просечни резултат од 93.
 125 + (4 x 60) = 390 километара.
"  Размислимо корак по корак. 1. У Џоови torbi sa bombonicama, колико је колико колико колико колико... (3) 2. Када се израчунава тежина овог дела торбе, можемо рећи да она тежи x грама. (6) 3. Израчунајмо тежину целе торбе, односно тежину свега што је у њу. (7) 4. На крају, морамо да добијем вредност x/2, јер су две трећине торбе саслатене. (9) 
Такво је формулисано питање, али не знам какве су правила за решавање. Може бити потребно променити формулу касније у процесу решавања."
  Размислимо корак по корак.  У понедељak, Роуз је купила 4 колача. У уторак, она је купила још 3 пута више колача, тако да је укупно купила 12 колача (4 + 3 × 3 = 12). У среди, она је купила још 5 пута више колача него у уторку, па је укупно купила 17 колача (12 + 5 × 3 = 17). Тада можемо видети да је Роуз укупно купила 17 колача после свега три дана.
  Размислимо корак по корак.  Укупан број чаша које је просио продавц...
 Number of times Sarah needs to cut the grass = $50 / $5 = 10 times. So, Sarah needs to cut the grass 10 times before she can afford the new jacket and shoes.
  Размислимо корак по корак. 1. Уочимо да су црвене и беле пилићи различита броја јаја дневно. Црвене пилиће производе 3 јаја дневно, а беле пилиће производе 5 јаја дневно. 2. Џери свакодневно сакупља 42 јаја. Ово значи да укупан број јаја које је Џери сакупљен у току неке врсте времена износи 42 x (број дана у току). На пример, ако Џери сакупља 42 јаја у току 7 дана, онда укупан број јаја којима се Фердинанд бави у току те врсте времена износи 42 x 7 = 294 јаја.
"  Размислимо корак по корак.  Gary хода 3 миље у 1 часу, што значи да може ходати 3/1 = 3 миље за 1 сат.  Његова дужина путa износи 1,5 на 6 миља, или 9 миља.  Његов путопис траје 2 сата, па он током тог времена иде 9 миљи / 2 = 4,5 миље.   
Он такође жели да буде у истом положаju када се врати, па мора доћи до ивице парка.  Његова дужина путa од ивице парка до његовог тренутnog положаju износи 1,5 на 6 миља - 4,5 миље = 0,5 миље.   
Таким применом, Gary прелази 0,5 миље у 2 сата, односно 0,25 миље у 1 сат."
  Размислимо корак по корак.  Данас је било 100 купаца, а други дан још 50 купаца улази у продавnicu. Тада их Слоан броји на 150 купаца. Али трећи дан још 200 купаца улази у продавницу, тако да су укупно 350 купаца у продавници.  
  Размислимо корак по корак. 1. У великом базену је било twice as much water as in the small bath (twice = 2)...
 Целацена = 75 долара + 32.00 долара = 107.00 долара. Овде су све операције изведене у складу са формулом за рачунање целецене. Пошто Лори нема довољно новца да купи ципеле и појас, мораће да ради више времена како би приkupila потребну количину новца.
  Заостало = Приход - Укупна вредност које још треба вратити = 2300 долара - 165 долара x 12 месеца = 2035 долара
  4 × 7 = 28 цвећа. Тај број је укупни број цвећа у вази.
  Размислимо корак по корак.  Firstly, we know that Adrian is three times older than Harriet and Harriet is half as old as Zak. So, if Harriet is currently 21 years old, then Adrian's age would be 3 x 21 = 63 years old. Now, let's calculate the average age of the trio for the past three years. If Harriet was born when she was 18 years old, then her age difference with Zak would be 3 - (18/2) = 4 years. Therefore, the average age of the trio for the past three years would be 63 + 4 = 67 years old.
 x = 249. Therefore, Joji has scored 249 points in the game.
" 3 x 3 = 9 минута + 2 x 8 = 16 минута = 25 минута. 
Тада можемо констатовати да је Кармина укупно провела 25 минута на решавању крстозборака и судукаја током викенда."
  Размислимо корак по корак.  Селина је користила 90 литара воде из резервоара, што значи да су у резервоару још остало 30 литара (120 - 90 = 30).  
  Размислимо корак по корак.  Енди је посадио 90 геранијума, што значи да су укупно 90 геранијума засађена на простору.  Али, он је такође посадио 40 петунија мање од њих, што значи да су укупно засађена 50 петунија (90 - 40 = 50).  Укупно засађено цвеће је, тада, 90 + 50 = 140 цвећа.
 15.000 / 2 = 7.500 долара у другој години. Такође, у другој години, компанија је трошила трећину суме које је било трошено у првој години, тј. 7.500 / 3 = 2.500 долара. Због тога, укупна сума коју је компанија потрошила на рекламу те две године износи 7.500 + 2.500 = 10.000 долара.
  Размислимо корак по корак.  Карлос је користио чамац 3 сата, тако да му је трошкове за изнајмљивање чамаца биле 3 x $ 30 = $ 90.  Бенџи је пловио 5 сати, тако да му јетрошкови за изнајмљивање плота били 5 x $ 18 = $ 90. Укупан трошак за изнајмљивање чамаца и плота је тада $ 90 + $ 90 = $ 180.
 0,5 дана (пола дана). Тада можемо видети да Ендру ће путовати укупно 6 + 0,5 = 6,5 дана.  Therefore, the answer is 6,5 days.
 Шанса да ће случајно одабрана карта бити водене врсте износи 65,7%.
 Add the total cost of the basic burrito and the total cost of the upgrades to find out how much Chad still owes. Total cost of basic burrito = 6.50 + Total cost of upgrades = 5.25 = 11.75 Finally, subtract the value of the gift card from the total amount that Chad still owes to find out how much he actually owes. Gift card value = 5.00 - Amount owed by Chad = 6.75 So, Chad still owes $6.75.
  Размислимо корак по корак.  Калинда може да дода 4 комада у минути, тако да она може да дода 4 x 12 = 48 комада у 12 минута. Њен матер може да стави пола више комада у минути него Калинда, па може да стави 2 x 48 = 96 комада у 12 минута. Таким чином, они ће затражити 48 + 96 = 144 минута да би завршили слагалицу.
  Размислимо корак по корак.  У првом кораку, Једна фарма Лубеница је произвела 120 млађе Лубенице. Ово значи да укупно количина Лубеница на фарми износи 120 x 3 = 360 Лубеница.  У другом кораку, Ашлин је отисла на фарму након два месеца и сазнала да је 30% Лубеница било спремно за жетву. Ово значи да број спремних Лубеница на фарми после тога износи 360 x 0.3 = 108 Лубеница.  У трећем кораку, Ашлин је пожњегла три четвртине преосталих диняка, што значи да број спремних Лубеница након тога износи 108 x 0.75 = 82 Лубеница. Таким образом, након две недеље, 82 Лубеница су била спремна за жетву.
  Размислимо корак по корак.  MARK купује 12 аутомобила...  MARK плаћа 10% пореза на аутомобиле...  MARK плаћа још 1000 долара за регистрацију сваког од њих...  Total amount of money Mark pays = Number of cars x Price per car x Tax rate + Registration fee... ...= 12 x $20,000 x 0.10 + $1000 x 12 = $240,000 + $12,000 = $252,000 So, Mark pays a total of $252,000 for all 12 cars.
  Размислимо корак по корак.  У понедељак, Кајли прикупља 5 љушкова више одRoberta, тако да она прикупља укупно 7 љушкова (5 + 2). У уторак, Кајли прикупља два пута више љушка него што је то учинила у понедељак, па прикупља укупно 14 љушкова (7 x 2 = 14). Тада можемо рећи да Кајли прикупља у уторак 7 + 14 = 21 љушака.
  50 + 20 = 70 инсеката.  Therefore, the answer is 70 insects in total.
  Размислимо корак по корак.  Firstly, 36 penguins are sunbathing on the ice. Thirdly, one-third of them (12 penguins) jump into the water and swim away. Finally, another third of them (12 penguins) enter a cave to eat their dinner. So, there are 36 - 12 = 24 penguins still sunbathing on the ice.
" 3 x 6 = 18 парадајза недеље.  
Таким обраћањем, лоза може да произведе 18 парадајза недељу."
  Размислимо корак по корак. 1) Укупно број пријатељеа Џона је 20. 2) Сваки пријатељ може добити 4 комада пице, па их укупно може добити 20 пријатеља x 4 = 80 комада. 3) Али, не можемо наручити више од 8 делова пице, па морамо да наруче мањи број. 4) Зато, Џон мора да наручи колико и 80/8 = 10 дела пице.  Odgovor je 10 delova (делови).
  Размислимо корак по корак.  Упутство за прављење нове оlovke сама по себи не говори ништа о количини мастила која се користи за то. Зато морамо да дође до броја оlovki које треба да користи Рам да би направио нову оlovku.  25 празних olovki x 1/5 = 5 пуних olovki  Ово значи да Рам има 5 пуних оlovki.
  Размислимо корак по корак. Џони је узео свој novca od $ 20 и додао још $ 10, такође $ 30. Уложио га је у period of one year, which tripled to $ 90. Therefore, Johnny has $ 90 after one year.
 7 + 5 + 0 = 12 година
  Размислимо корак по корак.  Ученицима укупно било 1000, па их 30% (300) изашло из зграде кроз излаз А. Ово значи да су остали 700 ученика остали у згради. 3/5 преосталих ученика (280) изашло је кроз излаз Б, што оставља 420 ученика које нису изашле кроз излаз Б. Тада, према задаци, сви други ученици (420) изашли су кроз излаз Ц.  Због тога, број ученика који су изашли кроз излаз Ц износи 420.
 x = 9, y = 30, z = 60. So, Jovan has more bonbons than James, John has twice as many sweets as Robert, and James has six bonnbons more than Robert.
  Књиге које су процитиле заједно = k = t1 + t2 + t3 + t4 = 5 ( since t1 + t2 = 2 and t3 + t4 = 2) Therefore, the total number of books read by both Dolly and Pandora together is 5.
  Размислимо корак по корак. 1. Мајк шаље по two писма недељно, тако да он укупно шаље 2 x 5 = 10 писем недељи. 2. Свако од њegovih 5 другова шаље по two писма недељно, тако да они укупно шаљу 5 x 2 = 10 писем недељи. Укупан броj писема које Мајк и његовi другови шаљу недељије 20 (10 + 10). 3. Они могу да напишу страницу сваких 6 минута, тако да укупан broj часа које они током недеље потроше на писање писема износи 20 / 6 = 3,33 часа недељи.
 4500 - 300 = 4200 минута. Ово значи да су Јасону остала 4200 минута у месецу.
  Размислимо корак по корак. 1. Кајл је узео 5 фриaca od Griffin-а, тако да су остали 24 - 5 = 19 фрика за Griffina.  2. Џинџер је дала Griffinu twice as many fries as Kail-a, or 2 x 19 = 38 fries.  3. Colby took three fewer fries than Kail, so he had 38 - 3 = 35 fries.  4. Since Colby had fewer fries than Griffin, and Griffin had 27 fries at the end, we can conclude that Colby had 35 + 27 = 62 fries in total. Therefore, Џинџer gave Griffin 62 fries.
  Number of shrimp in the first aquarium = 4 x 2 = 8 Number of fish in the first aquarium = 8 + 4 = 12 Therefore, there are 12 fish in the first aquarium and 32 fish in the second aquarium.
 6750 + 1250 = 8000 долара.
  Размислимо корак по корак.  Изabelа је купила опрему за рођендан своје мале сестре. Она је потрошила укупно 12 + 43 + 15 + 4 + 22 = 86 долара. Она је трошкове поделила на три дела са својим родитељима. Тада сваки од њих мора да плати 28/3 = 9 долара.
 Total cost in euros = $300 x 0.89 EUR/USD = €267 So, the chef spent a total of €267 on the salmon.
  Размислимо корак по корак.  У понедељак, Сју јела 4 пута више колачића од своje сестре, тако да су Сју и њена сестра конзумирале укупно x колача.  У уторак, Сју јела двоструко више колачића од своje sestre, па су они конзумирали укупно 2x колача. Њина сестра је јела пет колачића у понедељак и 13 следећeg дана, па су она и њена сестра конзумирале укупно 5 + 13 = 18 колача. Тада знамо да Сју је конзумирала више од своје сестре, јер је x > 18.
