Response: 3 la micul dejun = 3 x 0,5 $/ou = 1,5 $/zile. Restul vândut la piață = 16 - 3 = 13 ouă/zi. Vârtura = 13 x 2 $/ou = 26 $/zile.
Response:  Ne vom necesita 2 x 1/2 = 1 şurub de fibră albastră + 1 şurub de fibră albă = 3 şuruburi în total.
Response:  First, let's calculate the cost of repairs: $50,000 / $80,000 = 0.625 or 62.5% So, Josh spent $37,500 on repairs ($50,000 x 0.625). Now, let's calculate the new value of the house after repairs: $80,000 + $37,500 = $117,500. Therefore, Josh made a profit of $37,500 ($117,500 - $80,000).
Response:  Prima sprintă: 60 + 60 = 120 de metri. Al doilea sprint: 120 + 60 = 180 de metri. Al treilea sprint: 180 + 60 = 240 de metri. Astfel, într-una săptămână, James a alergat 240 de metri.
Response:  Prima zi, Wendi dă găinilor sale 3 x 15 = 45 de ceşti de hrană. Apoi, după-amiază, dă 25 de ceşti de hrană + 45 de ceşti de hrană = 70 de ceşti de hrană total. Astfel, găinile lui Wendi au nevoie de 70 de ceşti de hrană pe zi.
Response:  Pentru primul pahar, costul este 5 dollari, iar după aceea, costul scade la 60%. Astfel, al doilea pahar costă 3 dollari (5-2(60%)). Al treilea pahar costă 3 x 3 = 9 dollari, iar astfel în continuare. Totuşi, dacă vom considera fiecare pahar ca fiind dublu, atunci costul celui de-al doilea pahar devine 3/2 = 1,5 dollari. Acesta este motivul pentru care am spus anterior că al doilea pahar costă 3 dollari. Deci, toți cei 16 pahare vor costa 16 x 3 = 48 dollari.
Response:  De la Toulouse, avem 2 x 5 = 10 oi. De la Charleston, avem 4 x 3 = 12 oi. De la Seattle, avem 20 oi. Astfel, totalul numărului de oi în toată lumea este: 10 + 12 + 20 = 42 oi.
Response: 1. Descărcarea lui Carla are o viteză de 2 GB/minută. 2. Din cauza forțării unei reîncercări de instalare a actualizărilor, descărcarea este oprește...
"Response:  Prima jumătate de oră (2 ore) - John a fost într-un trafic greu, iar al doilea sfert de oră (1 ore) - el a fost într-o situație similară. Astfel, el a petrecut în total 3 ore în trafic.   
Începând din momentul când a intrat în trafic, John a avansat cu o distanță de 30 de mile pe oră (3 ore x 30 de mile/ora). Așadar, la sfârşitul celei de-a patra ore (4 ore), el era de aproximativ 120 de mile de casă (30 de mile/ora x 4 ore)."
Response:  Prima zi de muncă a lui Eliza a fost de 8 ore, iar taxa pe oră a fost de 10 dolari. Astfel, Eliza a câștigat 80 de dolari (10 dolari x 8 ore) în prima zi de muncă. Și astfel, dacă a lucrat 40 de ore în primul săptămânal, atunci a câștigat 320 de dolari (40 de ore x 80 de dolari/oră).  Dar, din cauza taxei suplimentare, Eliza a primit 1,2 ori mai mult decât salariul normal. Așadar, dacă a luat 45 de ore în primul săptămânal, atunci a câștigat 560 de dolari (45 de ore x 320 de dolari/oră + 1,2 ori salariul normal).
Response:  Prima lună avea 60 de descărcări, iar după aceea numărul de descărcări s-a dublat în a doua lună (180 de descărcări). Dar apoi, numărul de descărcări a scăzut cu 30% în a treia lună (120 de descărcări). Astfel, în total programul a avut 460 de descărcări (60 + 180 - 30 = 460).
Response:  Costul tuturor prăjiturilor este: 3 x 68 = 194 $ + 2 x 80 = 160 $ + 6 x 55 = 330 $ = 784 $ Total: 784 $
"Response: 
Anul următor, arborele va avea 8 lămâi (7 + 1). Va fi necesar să plătim 3 x 8 = 24 de dolari pentru a-l putea hrăni și apezi în acel an. 
În al doilea an, arborele va avea 15 lămâi (8 + 7), iar valoarea sa este de 1,5 x 15 = 22,5 dolari. 
În al treilea an, arborele va avea 22 lămâi (15 + 7), iar valoarea sa este de 1,5 x 22 = 33 dolari. 
În continuare, valoarea arborelui crește cu 1,5 dolari în fiecare an, până când nu mai are decât 7 lămâi. Așadar, după aproximativ 16 ani (7 lămâi - 7), arborele va începe să câştige bani din lemn."
Response:  Aspiratorul ei a vândut 3/4 din totalul deaspiratorelor sale (1/4 rămâne). Atunci, ea a vândut 2/3 din cele 5 aspiratoare rămase.
Response: 20% din 20 = 4 (studenții care au înscris-o la dans contemporary). 25% din restul = 5 (studenții care au înscris-o la dans jazz). Restul = 13 (studenții care au înscris-o la dans hip-hop). Astfel, procentul din totalul elevilor înscriși în dans hip-hop este 13/40 = 0,325 sau aproximativ 32,5%.
"Response:  Prima opțiune este bijuterii în valoare de 5.000 de dolari, iar a doua opțiune este dispozitivele electronice în valoare de 8.000 de dolari.   
Dacă comercializarea bijuteriilor se realizează la prețul mediu al pieței (2,5%), atunci profitul obținut din vânzarea acestora vor fi: Profit = Prețul obișnuit x Numărul de unități vândute = $ 5.000 x 100 / 2,5% = $ 200.    
Acum, dacă comercializarea dispozitelor electronice se realizează la prețul medii al pieței (1,2%), atunci profitul obținut din vânzarea acestora vor fi: Profit = Prețul obișnuit x Numărul de unități vândute = $ 8.000 x 100 / 1,2% = $ 640.    
În cele din urmă, dacă comercializarea lui Comercialist s-ar realiza la ambele prețuri media ale piețelor, atunci profitul total obținut urma să fie: Profit Total = Profit Bijuterii + Profit Dispozitive = $ 200 + $ 640 = $ 840.    
Astfel, dacă comercializarea lui Comercialist s-ar realiza la ambele prețuri media ale piețelor, atunci profitul total obținut urma să fie de $ 840."
Response:  Pe prima zi, ambele trenuri au fost în direcția vestului, așadar ele au mers împreună 80 de mile. Pe a doua zi, una dintre trenuri s-a mutat în direcția nordică, iar cealaltă a continuat să meargă înspre vest, astfel încât aceasta a acoperit 150 de mile. Deci distanța totală acoperită de ambele trenuri în cele două zile este de 230 de mile (80 + 150).
Response:  Profesorat: 20 x 50 = 1000 $/saptă + 35 x 50 = 1750 $/saptă = 2750 $/an Antrenament: 15 x 50 = 750 $/saptă + 30 x 50 = 1500 $/saptă = 2250 $/an Salariu anual: 2750 + 2250 = 5000 $/an
Response:  Dimineata 1/4 = 20 de ouă (Claire are două ouă pe masă). Dimineata 2/4 = 40 de ouă (Claire are patru ouă pe masă). Dimineata 3/4 = 60 de ouă (Claire are cinci ouă pe masă). Dimineata 4/4 = 80 de ouă (Claire are trei ouă pe masă). Totalul pentru perioada de 4 săptămâni este de 240 de ouă.
"Response:  Prima jumătate a drumului (4 mile) a fost traversată într-o oră, astfel încât viteza ei medie a fost de 4 mile pe oră.   
În continuarea drumului, Marissa a mers pentru cele două mile rămase într-o altă oră. Aceasta reprezintă o viteză medie de 2 mile pe oră.    
Astfel, viteza totală a Marisseei este:      V = 4 + 2 = 6 mile pe oră"
Response:  Apă în băutură portocalie = 3/4 x 10 litri = 7,5 litri. Restul de 24 de litri reprezintă băutura de ananas.
Response:  Raymond s-a născut cu 6 ani înaintea Samanthei, astfel că el avea 23 de ani când a avut fiul său. Din această cauză, fiul lui Raymond s-a născut 23 + 6 = 29 de ani în urmă. Acum, dacă Samantha are 31 de ani, atunci fiul lui Raymond s-a născut 31 - 29 = 2 ani în urmă.
Response:  Primii trei clienţi cumpără câte un DVD = 3 DVD-uri. Următorii doi clienţi cumpără câte 2 DVD-uri = 4 DVD-uri. Ultimii trei clienţi nu cumpără DVD-uri = 0 DVD-uri. Totalul DVD-urilor vândute de Billy marţi = 3 + 4 + 0 = 7 DVD-uri.
Response:  La prima oră (1:00 p.m.), lumânarea are 2 centimetri. Apoi, la fiecare oră, ea crește cu 2 centimetri. Astfel, la a doua oră (2:00 p.m.), ea are 4 centimetri. La a treia oră (3:00 p.m.), are 6 centimetri, iar la a patra oră (4:00 p.m.), are 8 centimetri. La ultima oră (5:00 p.m.), ea are 10 centimetri.  Totul însemnă că după ce arde de la ora 1:00 p.m. până la 5:00 p.m., lumânara va fi scurtată cu 2 centimetri.
Response:  Preţul iniţial al cărţii era de 24,75 dolari (19,50 - 25%).
Response:  Costul total al masei de pui este de 12 x 3 = 36 de dolari. Costul tuturor celor 5 pachete de lapte este de 3 x 5 = 15 dolari. Costul tuturor celor 4 mere este de 1,5 x 4 = 6 dolari. Totalul toată acestora este de 36 + 15 + 6 = 57 de dolari. Dacă Marie a plătit un total de 50 de dolari, atunci numărul de cutii de pizza pe care le-a comandat este de 50 / 8,50 = 6.
Response:  Pentru pantaloni scurți, Mishka a plătit 16,50 x 3 = 49,50 dolari.pentru pantaloni, Mishka a plătit 22,50 x 3 = 67,50 dolari.pentru pantofi, Mishka a plătit 42 x 1 = 42 dolari.Totalul cheltuielii lui Mishka pentru toate articolele de îmbrăcăminte este: 49,50 + 67,50 + 42 = 159 dolari.
"Response:  Cynthia mănâncă o porţie de îngheţată în fiecare seară, astfel încât numele ei este legat de numele zilei. Deci, după 60 de zile, ea va mânca o porţie de îngheţată în fiecare zi.   
În plus, prețul pe care-l plăteşte pentru o cutie de îngheţată este de 4 dollari. Astfel, dacă ea cumperează 15 porțiuni de îngheţătă într-o singură cutie, atunci prețul total al acesteia vor fi de 4 x 15 = 60 dolari.    
Astfel, după 60 de zile, Cynthia va avea un total de 60 x 2 = 120 dolari pe îngheţată."
Response:  Prima opriре s-a făcut după 20 de mile, iar a doua oprire s-a făcut la 15 mile înainte de sfârşitul călătoriei. Astfel, diferența dintre cele două opririri este de 5 miles (15 - 20).
Response:  Prima pereche de tocuri costă 33 de dolari, iar a doua costă de două ori mai mult. Așadar, costul celei de-a doua perechi de tocuri este de 66 de dolari (33 x 2 = 66). Acum, dacă o pereche de tocuri costă 33 de dolari şi cealaltă costă de două ori mai mult, atunci cel de-al doilea cost al acesteia este de 66 de dolari (deoarece el costă de două ori mai mult decât prima pereche). Astfel, totalul costurilor celor două perechi de tocuri este de 100 de dolari (66 + 33 = 100). Din această cauză, cizmele costă 70 de dolari (100 - 30 = 70).
Response:  Darrell s-a născut în anul 1985, iar Allen s-a născut în anul 1993. Astfel, vârsta lor totală este: 1985 + 1993 = 1678. Dacă Allen a fost născut 10 ani după Darrell, atunci vârsta lui Allen este: 1678 - 10 = 1568.
Response: 80 - 20 = 60. 60 / 2 = 30. 30 + 25% = 39. Prietenii lor au estimat o medie de 39.
Response:  Pentru fiecare câine, el trebuie să îşi aloce 0,5 ore pe zi pentru a merge pe jos şi de a avea grijă de afacerile sale. Astfel, dacă John are 10 câini, el va fi nevoit să îşi aloce 5 ore pe zi (0,5 x 10) pentru a-i putea griji. Acesta este răspunsul la întrebarea ta.
Response:  Monedele de argint au valoarea de 50 de monede. Astfel, numărul total al monedelor este: 110 - (30 x 50) = 110 - 1500 = -390.
Response:  Aaron are 3 bijuterii mai mult decât jumătate din bijuteriile sale, astfel încât numărul bijuteriilor sale este:  Aaron = (1/2) x 5 + 3 = 7.  Siobhan are 2 bijuterii mai puține decât Aaron, așadar numărul bijuteriilor sale este:  Siobhan = Aaron - 2 = 7 - 2 = 5.  Prin urmare, Siobhan are 5 bijuterii.
Response:  Prima jumătate a meciului (20 de minute) s-a desfăşurat astfel: Mike a marcat 4 puncte. Aceasta reprezintă 1/4 din totalul punctelor pe care le poate obține în meci. Începând cu această jumătate, putem calcula cât de mult a înscris Mike în totalul meciului.  Totuşi, nu putem afirma cu certitudine că Mike a înscris 4 puncte în ultimele 20 de minute ale meciului, deoarece nu avem informații suplimentare despre evoluția lui Mike în acest perioadă.
Response:  Terry mănâncă 2 iaurturi pe zi, astfel încît într-un interval de 30 de zile are nevoie de 60 de iaurturi (2 x 30 = 60).  Deci, el cheltuiește 60 x 5 = 300 de dolari.
Response:  Prima noastră informaţie este că John a vândut 13 seturi de Lego la 15 $ fiecare, ceea ce înseamnă că a primit 195 $ (13 x 15 = 195).  Apoi, el a cumpărat 8 jocuri video la 20 $ fiecare, care reprezintă o sumă de 160 $ (8 x 20 = 160). Astfel, totalul banilor pe care John i-a crescut este de 355 $ (195 + 160 = 355). Din ultima informaţie, putem deduse că John are 5 $ rămas, astfel încât răspunsul numeric ar fi 355 - 5 = 350.
"Response:  Prima zi a lui John are o durată de 24 de ore (3 ore + 21 de ore). El a alergat 3 ore în prima zi, iar restul de 21 de ore l-a petrecut fără a aleri. Astfel, în primul săptămâna, el a alergat total 3 ore.   
În cea de-a doua zi, John a fost în fugă pentru 48 de ore (3 ore + 45 de ore). El a alergat 3 ore în această zi, astfel că în total a alergat 6 ore în aceasta zi.   
În cea de-a treia zi, John a fost în fugă timp de 24 de ore (3 ore + 21 de ore), iar el nu a alergat deloc în această zi.   
Astfel, în total, John a alergat 6 + 6 + 0 = 12 ore în primele trei zile.   
Acum, putem calcula viteza sa medie pe săptămână. Pentru a face acest calcul, putem divizarea distanței de 60 de mile de perioada de timp de care avem informații: 60 miles / 7 zile = 8,57 miles/zi.   
Așadar, John aleargă aproximativ 8,57 mile pe zi."
Response:  Prima treime a timpului (2/3) se ocupă de alergat, iar cea de-a doua treime (1/3) se ocupă de mergere. La alergat, Dana poate sări cu o viteză de jumătate din viteza cu care poate alerga, astfel încât distanța parcursă în 1 oră este de 3 mile. La mergere, Dana poate merge cu o viteză constantă de 1 mile pe oră.
Response:  iPhone-ul lui Brandon este de patru ori mai vechi decât cel al lui Ben, iar iPhone-ul lui Ben este de două ori mai vechi decât cel al lui Suzy. Așadar, iPhone-ul lui Suzy este de trei ori mai tânăr decât cel al lui Ben.  Din această cauză, iPhone-ul lui Brandon este de patru ori plus învârteț decât cel al lui Ben.  Deci, dacă iPhone-ul lui Suzy are un an, atunci iPhone-ul lui Brandon are patru ani.
Response:  Prima lovitură a fost efectuată de Polly cu suliţa ei de aur, la o distanţă de 120 de metri. Focul dragonului era aruncat spre jos, iar Polly a reușit să lovească cu sulița ei de aur pe flacăra dragonului. Acesta a fost punctul zero al distanței.    După aceea, Polly a aruncat sulița sa de aur din nou, dar acum avea și pietrele prețioase. Distanța la care alovit Polly cu sulița ei de aur după ce a aruncat pietrele prețioase a fost de 150 de metri (deoarece pietrele prețioase au crescut distanța de lovitură).     Apoi, Polly a aruncat sulița sa de aur pentru a treia oară, iar distanța la care a lovit flacăra dragonului după ce a aruncat pietrele prețioase a fost de 180 de metri (deoarece pietrele prețioase au crescut distanța de lovitură din nou).     Astfel, dacă Polly ținea pietrele prețioase, putea arunca cu sulița ei de aur la o distanță de 180 de metri de flacăra dragonului.
Response:  Bunica Jones a făcut 5 plăciniţe cu mere. Fiecare plăcintă a fost tăietură în 8 bucăţi, astfel încât la finalul serii erau 5 x 8 = 40 de bucăţi de plăcintă pe masă. După ce oaspeții s-au servit, au mai rămas 14 bucăţi de plăcintă. Astfel, numărul de bucăţi care au luat oaspeții este 40 - 14 = 26 de bucăţi.
Response: 300 g = 3 x 100 g (cântărindu-se în grupe de 100 g) = 300/4 = 75 porți. Prin urmare, dacă ai consumat deja 1800 de calorii, pot fi aproximativ 105 porți de cartofi (1800 - 2000).
Response:  Profitul lui Charlie este:  Profit = (Suma valorii produselor sale) - Costurile sale.  Valoarea produselor sale este:  Valoarea produselor = Numărul de lumânări vândute x Prețul unei lumânări.  Valoarea produselor = 20 x 2 = 40 dolari.  Costurile sale sunt:  Costurile sale = Numărul de lumânări vândute x Costul unei lumânări.  Costurile sale = 20 x 1 = 20 dolari.  Profitul lui Charlie este:  Profit = (40 - 20) = 20 dolari.
"Response:  Durația unei lucrări de blog este de 4 ore. Știindu-se că Meredith a scris 5 articole luni şi 2/5 ori mai mult decît luni, atunci numărul de ore petrecute de ea scrise articole în acele zile este: 5 + (2/5 x 4) = 16 ore.   
Începând cu marţi, câteva informații sunt disponibile:  Meredith a scris de două ori mai multe articole decât marţi. Deci numărul de ore petrecute de ea scrise articole în acelăiază zi este: 2 x 4 = 8 ore.    
Săptămâna trecută, Meredith a scris 5 articole luni şi 2/5 ori mai mult decât luni. Numărul de ore petrecute de ea scrise articole în cele trei zile este astfel: 5 + (2/5 x 4) = 16 ore."
Response:  Candice a avut 80 de bilete în poșetă inainte sa plece la locul ei de muncă. La serviciu, a pus o singură biletă Post-it pe fiecare dintre cele 220 de cești diferite de cafea. Asta înseamnă că a utilizat 220/1 = 220 de bilete Post-it. Dar, după cum am menționat anterior, candice a cumpărat un pachet de 5 bilete Post-it. Astfel, numărul total de bilete Post-it pe care le-a avut Candice este 220 + 5 = 225.
Response:  John cumpără de două ori mai multe cravete roșii decât cele albastre. Aceasta înseamnă că el a cumpărat 2 x 2 = 4 unități de cravete roșii. Costul acestor cravete este 50% + 40 = 90 de dolari bucata. El a cheltuit astfel 90 x 2 = 180 de dolari pentru toate cravetele sale.
"Response:  Prima bucată de sârmă are lungimea totală de un metru şi jumătate (m+j), iar ea este tăiată în bucăţi de 15 cm (m). Astfel, numărul de bucăți care poate fi obținut dintr-o bucată de sârmă de m+j este:

Bucăți = lng + j

unde lng este lungimea totală a bucătii de sârmă (m+j) și j este lungimea fiecărei bucăți (15 cm).

În cazul acesta, lungimea totală a bucătii de sârmă este m+j=100 cm (un metru şi jumătate), iar lungimea fiecărei bucăți este j=15 cm. Astfel, numărul de bucăți care poate fi obținut dintr-o bucată de sârmă de m+j=100 cm este:

Bucăți = 100 + 15 = 115

Astfel, Tracy a obținut 115 bucăți de sârmă pentru a susţine plantaţiile de roşii din grădină."
Response: 15 etaje x 8 unități pe etaj = 120 de unități pe etaj. Din cauza faptului că 3/4 din clădire este ocupată, restul de 3/4 x 120 = 96 de unități sunt libere. Astfel, numărul total de unități libere din clădire este 96.
Response: 252/13 = 19.06 (sau aproximativ 19 de ouă pe zi).
Response:  La 1 ore este 10 mile = 16 km.  Deci el a fost de la 1 la 4 PM = 5 ore.  Viteza sa de întoarcere este de 6 km/h.  Astfel, el va fi întoars dincolo de punctul de plecare după 5 x 6 km/h = 30 km.
"Response: 
Dacă Uriah scoate 30 de cărți de benzi desenate, acestea vor avea o masă totală de 30 x 0,25 = 7,5 kg. 
În plus, el are și jucăriile sale care au o masă totală de 30 x 0,5 = 15 kg.  Totul însumează 22,5 kg."
"Response: 
Ziua cu venituri mai mari este joi, unde mecanicul a reparat şase anvelope de camion și patru anvelope de maşină, astfel încât el a primit 380 de dolari (60 x 6 + 40 x 4). 
Vineri, mecanicul a reparat 12 maşini, dar nu a reparat nicio roată de camion, astfel încât el a primit 560 de dolari (40 x 12).  Totul împreună reprezintă venitul zilei de 940 de dolari."
Response:  Mama Doubtfire spune că Patchy a avut de trei ori mai multe pui adoptaţi decât Trixie. Aşadar, dacă Trixie a avut 12 pui, atunci Patchy a avut 3 x 12 = 36 de pui. Totuşi, surorile Doubtfire spun că au adoptat doar 7 pisoare din adăpostul de animale local. Deci, numărul total de pui ai familiei Doubtfire este 7 - 36 = -29.
"Response: 1) Jean are 30 de acadei. 2) Jean mănâncă două sucuri. 3) Cu sucurile rămase, Jean vrea să împacheteze două sucuri într-o pungă. Umplerea pungei este o operație binară (sau ""umplere sau nu""). Pentru fiecare sucul care se umple, putem utiliza valoarea lui Jean ca număr de adevăr. Deci, dacă Jean umplă primul sucul, valoarea lui Jean devine 1/2, iar dacă nu umplă, valoarea lui Jean devine 0. Acesta este motivul pentru care am spus că trebuie să ne gândim pas cu pas."
Response:  Prima sa plată este de 7 dolari + 7 dolari = 14 dolari. Din această sumă, el are 42 de dolari pe săptămână, astfel încât el poate merge la film douăsprezece (14/7) ori.
Response:  Primul lucru pe care îl facem este să calculăm greutatea totală a camionului și a șoferului: 3755 + 3755 = 7510 de lire sterline. Acum putem face o estimare aproximativă a numrului de cutii care pot fi încărcate pe camion fără a depăși limita de greutate a podului. De exemplu, dacă fiecare cuncărie cântărește 15 de lire sterline, atunci numărul lor total este de 7510 / 15 = 500 cutii. Așadar, numărul maxim de cutii care pot fi încărcate pe camion fără a depăși limita de greutate a podului este de 500.
"Response:  Totalul primit de Stephen a fost de 40 x 1 + (25/100) x Total = 40 x 1 + 25 = 65 dolari.   
Apoi, au adăugat un bacşiş de 4 dolari, astfel încât prețul final al alimentelor sale a fost de 65 + 4 = 79 dolari."
"Response:  Totul începe cu un tufiş de zmeură format din 6 grupurile de fructe: Grupul 1 - 20 de fructe; Grupul 2 - 20 de fructe;...; Grupul 6 - 20 de fructe. Fiecare dintre aceste grupu..."
Response:  Prima portocală nu poate fi bună sau rea, pentru că nu putem distinge încă. A doua portocală poate fi matură sau imatură, dar nu putem ști cu certitudine. A treia portocală poate fi acidă sau neutru, iar celelalte pot fi bune sau rele. Astfel, numărul total al portocalelor bune este: 2 + (20% din 23) = 4,7. Prin urmare, există aproximativ 4,7 portocale bune din totalul de 25.
Response:  Prima chestiune este cea despre valoarea materialului utilizat pentru a face broșa. Ea a plătit 500 de dolari pentru acest material. Apoi, ea a plătit și pentru bijuterie, iar valoarea acesteia era de 800 de dolari. Totuşi, nu toate cele 800 de dolari au fost plătiți direct de Janet. Din această cauză, valoarea totală pe care Janet a plătit-o este de 1300 de dolari (500 + 800 - 10%).
"Response:  Prima fază a calculului este stabilirea valorii pensiei pe care Marcy o primește în momentul în care se retrage. După cum am menționat, aceasta primește o pensie anuală de 50.000 de dolari.   
În a doua fază, trebuie să determinați proporția din valoarea pensiei pe care Marcy o primește în momentul în care se retrage, care poate fi utilizată în continuare ca venit. Din întrebare, noi ştiam că Marcy primeşte 5% din valoarea pensiei sale pe an, începând cu 20 de ani după ce a intrat în vârful carierii. Această proporție este aplicabilă și înainte de a se retrage, astfel încât valoarea pensiei pe care Marcy o primește în momentul în care se retrage este:  
Pensia actuală = 50.000 x (1 + 0,05) ^ 30 = 75.000 $/an  
Așadar, valoarea pensiei pe care Marcy o primește în momentul în care se retrage este de 75.000 de dolari pe an."
Response:  Prima jumătate a anului, compania de streaming i-a cerut 140 de dolari, astfel încât suma totală pentru această perioadă este de 140 x 6 = 840 de dolari.  Cealaltă jumătate a anului, compania de streaming i-a cerut 130 de dolari (140 - 10%), astfel încât suma totală pentru toată perioada este de 840 + 130 = 970 de dolari.
Response:  First, we need to find out how many miles Sophia can drive with one full tank of gas. We know that the car's manual says the tank holds 12 gallons of gas, and we also know that she has driven 160 miles since she last filled up. So, if she drove 160 miles on one full tank, then she can drive x miles on one partial tank, where x is the number of miles she has driven since she last filled up. Now, let's plug in the values we know into the equation: x = 160 - 12 = 148 miles. Therefore, Sophia can drive approximately 148 miles on one partial tank of gas.
Response:  Jim petrește 2 ore la televizor şi apoi decide să se culce şi să citească jumătate din timp. Așadar, el petrește 1 ore la televizor şi 1 ore citiindu-şi. El face acest lucru de 3 ori pe săptămână, astfel încât în totalitate petrecuse 3 + 3 + 3 = 9 ore la televizor şi 9/2 = 4,5 ore citiindu-şi.
Response: Școlile care concurează la turneul de baschet sunt: 1) Liceul A, 2) Liceul B, 3) Liceul C și 4) Liceul D. Fiecare școală are o echipă de fete şi una de bărbați, iar fiecare echipă are cinci jucători. Astfel, numărul total de oameni trimiși de toate şcolile este: 5 x 4 = 20.
Response:  Diamantele sunt 175, iar rubinele au numai 35. Deci, numărul total de pietre prețioase în cufăr este: 175 + 35 = 200.
"Response:  Prima parte a problema este: ""Sunt de două ori mai mulți băieţi decât fete la şcoala dr-ului Wertz."" Din această parte a problema, putem deduce că numărul femeilor la şcoală este jumătate din numărul băieților. Astfel, numărul femeilor la şcoală este 30 (2 x 60 = 120, iar 120 / 2 = 30). Acesta este primul termen al formulei: Numărul femeilor la şcoală = 30.   
Acum, avem și partea a II-a a problemei: ""Dacă sunt 60 de fete şi 5 elevi pentru fiecare profesor"". Din această parte a problema, putem deduse că există 12 profesori (60 / 5 = 12). Acesta este al doilea termen al formulei: Numărul profesorilor = 12.   
Astfel, răspunsul la problema este: Numărul profesorilor = 12."
Response:  Bailey începe cu o sumă de bani (let's say $100). Apoi primeşte o alocaţie săptămânală de $5 timp de 8 săptămâni ($40), ceea ce însumează $40 + $40 = $80. Astfel, la sfârşitul celor 8 săptămâni, Bailey are un total de $100 + $80 = $180.
"Response:  Prima zi a săptămânii este luni, iar ultima zi este vineri. Astfel, duminică nu predă niciuna din clase.   
Începînd cu luni, după cum am spus, Judy predă 5 clase de dans pe zi. Așadar, în prima zi a săptămânii (luni), Judy predă 5 clase de dans.   
Următoarea zi este marți, iar după aceea mercurii, etc.   
Astfel, numărul total de clase de dans predate de Judy într-o săptămână este: 5 + 5 + 5 + 5 = 20 clase de dans.    
Dacă fiecare clasă are 15 elevi şi ea percepe 15 dolari pe elev, atunci baniile obținuite de Judy într-o săptămână sunt: 20 x 15 = 300 dolari."
Response:  Prima rețetă are 20 de instrucţiuni, iar cea de-a doua are 40 de instrucţiuni (de două ori mai mult decât prima).
Response: 1 brownie = 3 dolari, 1 cheesecake = 4 dolari. Așadar, dacă Tommy vinde 43 de negrese şi 23 de felii de prăjitură cu brânză, el strânge: 43 x 3 = 132 dolari + 23 x 4 = 92 dolari = 224 dolari.
Response:  Dobânda pe unitate este de 2%, iar prețul unei telefoane mobile este de 150 de dolari. Așadar, pentru fiecare telefon care este cumpărat, Shiela îl plătește la ratele de 3 luni următoarea sumă: 150 x (1 + 0,02) = 153 dolari.
Response:  Artie vendează 12 ghivece de calendula, care sunt încadrată de 2,74 dolari pe oală, așadar el vorbește 30,68 dolari (12 x 2,74). El vendează 9 ghivece de petunie, care sunt încadrată de 1,87 dolari pe oală, așadar el vorbește 16,53 dolari (9 x 1,87). El vedearte 17 ghivece de begonias, care sunt încadrată de 2,12 dolari pe oală, așadar el vorbește 35,38 dolari (17 x 2,12). Totalul venitului lui Artie este de 72,59 dolari.
Response:  Suprafaţa totală a castelului de nisip este egală cu suma suprafeelor tuturor nivelilor. Astfel, dacă avem un castel de nisip cu 4 niveluri, iar fiecare nivel are jumătate din suprafața pătrată a nivelului de sub el, atunci: Suprafaţa totală a castelului = (1/2) x (suprafață nivelului inferior) + (1/2) x (suprafață nivelului mediu) + (1/2) x (suprafața nivelului superior)... (unde nivelul mediu este nivelul care are o suprafață de 16 metri pătrați)... + (1/2) x (suprafața nivelului superior) =?... = 16 + 8 + 4 + 2 = 30 metri pătrați. Așadar, suprafața medie pătrată a unui nivel al acestui castel de nisip este de 30 / 4 = 7,5 metri pătrați.
Response:  Primul an al cățeluşului este lung de 180 de zile (1 + 180 = 181 zile). Pentru prima perioadă de 180 de zile, medicul i-a cerut lui Cecilia să îi ofere un sac de mâncare pentru câini în fiecare zi. Astfel, numărul total de sace de mâncare necesar în primul an este: 181 x 1 = 181 sace de mâncare.
Response:  Prima noastră intrare este valoarea în litri a masei de rufelor spălate de Raymond (H = 1/2 x HS), care este de 150 de litri.  Apoi, avem valoarea în litri a masei de rufele spălate de Sarah (S = 4 x SH), care este de 600 de litri.  Ultima noastră intrare este valoarea în litri a masei de rufel spălat de David (D = XYZ), care nu este precizat în întrebare.  Prin urmare, diferența dintre cantitatea de rufele spălate de Raymond și David este: Δ = H - SD, unde H este valoarea în litri a masei de rufele spălate de Raymond, S este valoarea în litri a masei de rufel spălat de Sarah, iar D este valoarea în litri a masei de rufel spălat de David.  Pentru a calcula Δ, putem substitui valorile pe locul lor: Δ = 150 - (4 x 600) = -300 litri.  Astfel, diferența dintre cantitatea de rufele spălate de Raymond și David este de -300 litri.
Response: 3 x 2,5 = 7,5 dolari pentru un pachet de 3 flori. 2 x 1 = 2 dolari pentru un pachet de 2 flori. Deci, dacul economisează 5 dolari (7,5 - 2) cumpărând 18 flori la un preț mai bun.
Response:  Costul îngrijirii este de 70 de dolari (100 - 30%).
Response:  Fetele au primit în total 1/6 x 24 = 4 litri de apă. Astfel, băiatul a primit 6 - 4 = 2 litri de apă. Deci, câteva litri de apă au mai rămas.
Response:  Charlie a avut în total 10 + 21 = 31 de autocolante la începutul acestui exerciciu. El a dat 9 de autocolante surorii sale, astfel că numărul de autocolante pe care le are el este: 31 - 9 = 22.
Response:  Grace cântărește 45 de kilogrami, iar Alex cântăreşte 43,5 de kilogrami (cu 1,5 kg mai puțin decât Grace). Astfel, greutățile lor combinate sunt: 45 + 43,5 = 88,5 kilogrami.
Response:  Totul începe prin a calcula numărul de tufişuri de trandafiri: 3 x 25 = 75. Acum putem calculate numărul de trandafiri pentru fiecăruia din aceste tufişuri: 75 x 25 = 1875.  Deci, în total, există 1875 de spini de trandafir.
Response:  Echipa a jucat 22 de meciuri. Dacul, avansarea este de 8 meciuri. Așadar, numărul de meciuri câştigate este 22 - 8 = 14 meciuri.
"Response:  Prima vacanţă a fost în anul 1987, iar ultima în anul 2006. Aceasta face şaptesprezece (75) de ani de diferență între cele două date maximum.   
Prin urmare, numărul de blocuri de paturi pe care le-a făcut Gene în total este:  
(75 x 4 = 300) + (34 - 23) = 324."
Response:  Primul sunet a sunat de patru ori. Al doilea sunet a sunat de 3 + 4 = 7 ori. Al treilea sunet a sunat pentru jumătate din timpul celui de-al doilea sunet, astfel încît a sunat de 7/2 = 3,5 ori. Astfel, alarma a sunat în total 4 + 3,5 = 7,5 ori.
Response:  Salariul inițial al lui Sylvie este de 600$/lună (ca și cel al toatăei companii). După 3 ani de serviciu, salariul său anual este de: 600$/lună x 1,10 = 660$/lună.
Response:  Prima parte a problema este aceea că primul album al lui Marilyn s-a vândut de 10 ori mai mult decât al lui Harald. Aceasta înseamnă că dacă primul album al lui Marilyn a vândut 88.000 de exemplare, atunci primul album al lui Harald a vândut 88.000 x 10 = 880.000 de exemplare.
Response:  Christina a invitat 16 prieteni, astfel încît numărul total al invitaţilor este de 16 x 4 = 64 de persoane. Din această cauză, vor fi necesare 64 x 0,75 = 48 de pungi de cadouri. Astfel, Christina va costa 48 x 2 $ = 96 $ dolari.
Response:  Adults = 20 x 10 kg = 200 kg Children = 5 x 5 kg = 25 kg Total weight of food needed = 200 + 25 = 225 kg
Response:  Jan are trei ori mai multe animale de companie decât Marcia, aşadar are 3 x 3 = 9 animale de companie. Marcia are doi ani mai mult decât Cindy, așadar are 2 + 4 = 6 animale de companie. Astfel, numărul total al animalelor de companie ale celor trei femei este 9 + 6 = 15 animale.
Response:  Amy este cu 5 ani mai mare decât Jackson, asta înseamnă că Jackson are 5 ani mai puțin decât Amy. Deci, dacă James are 10 ani şi este cu un an mai tânăr decât Corey, atunci Jackson are 5 + 1 = 6 ani mai tânăr decât James.
Response:  Prima noastră informaţie este că Lee alergă 400 de metri cu obstacole cu doi secunde mai repede decât Gerald. Aceasta înseamnă că Lee a alergat 400 de metri cu obstacole în 36 de secunde (2% mai repede decât Gerald).   Și Gerald a îmbunătățit viteza cu 10%, care reprezintă o scădere de timp de aproximativ 4 secunde. Astfel, dacă Lee aleargă 400 de metri cu bariere în 38 de secunde, atunci Gerald ar putea aleri 400 de metri cu bariere în aproximativ 42 de secunde (38 + 4 = 42).
Response:  Numărul de iepuri = 12 - 9 = 3.  Numărul de câini = 60.  Dacă au doi pisici pentru fiecare câine, atunci numărul de pisici = 2 x 60 = 120.  Totuşi, dacă numărul de animale de companie este egal cu suma numelor de iepuri + numele de câini, atunci:  Animale de companie = 3 + 60 = 63.
Response: 1/4 din elevi (în total 50) sunt băieţi, iar restul (în total 150) sunt fete. Astfel, numărul femelelor încercetaş este 150 - 50 = 100.
Response:  Harry a dormit 9 ore noaptea trecută, iar prietenul lui James a dormit 2/3 din cât a dormit Harry. Așadar, prietenul lui James a dormit 6 ore (2/3 x 9). Deci Harry a dormit 9 - 6 = 3 ore mai mult decât prietenul lui James.
Response: 1) Freda are 40 de grame de roşii într-o cutie. 2) Ea face 32 de unți de sos din ultima porţie de sos de roşii a ei. 3) Fiecare unt este format din trei roșii. Astfel, numărul total de roşii folosite de Freda pentru a face ultima porţie de sos este: 32 / 3 = 10. Freda a folosit 10 roşii pentru a face ultima porţie de sos.
"Response:  Prima parte a problemelor este aceasta: ""Unele maşini trec în primele 15 minute de blocaj"". Această parte a problemelor implică două valori posibile pentru numărul mașinilor care trec prin blocaj în prima jumătate a perioadei de blocaj (15 minute). Avantajele acesteia sunt urmatoarele:  * Este vorba despre două valori posibile, astfel încât putem utiliza operația ""or"" (sau) pentru a combina ele. * Valoarea celor două valori poate fi calculată separat și utilizată ulterior în formulele noastre. Acesta este motivul pentru care am inclus această parte a problemelor în lista mea de exemplari."
Response:  Mary are deja 2 plante pe fiecare dintre cele 40 de pervazuri ale ferestreicasei sale de la țară (2 x 40 = 80). Elaborarea planului i-a determinat să mai împartă una din plantele noi pe fiecare pervaz al acesteia (18 / 40 = 0,45 sau aproximativ 1/2). Astfel, după ce le-a dat prietenilor șifamilii, Mary va avea 76 de plante în ghivece (80 - 12 = 76).
Response:  Prima fază: primul prieten a apăsat de 20 de ori pe sonerie. A doua fază: al doilea prieten a apăsat de 1/4 + 20 = 28 de ori mai mult decât primul prieten. A treia fază: al treilea prieten a apăsat de 3x + 10 = 33 de ori mai mult decât al doilea prieten. A patra fază: al patrulea prieten a apăsat de 60 - 5 = 55 de ori pe sonerie. Astfel, sunetele soneriei erau de 20 + (28 - 20) + (33 - 28) + (55 - 5) = 178 sunete.
"Response:  Pentru prima parte a opțiunii (citatele din cele patru cărți), avem:
Solo a citit 15 pagini într-o zi, iar totalul paginilor care trebuie să fie citate este de 69 (4 x 17 = 68 + 1). Așadar, dacă mai are 4 zile să terminate toată lectura, el va fi nevoit să citească aproximativ 17 pagini pe zi (68/4 = 17)."
Response:  La micul dejun, John bea un pahar de apă. Prin urmare, el are un pahar de apă pe zi. Dar în weekend-urile acesteia, el bea două pahare de suc cu cina. Astfel, într-una săptămână, John bea patru pahare de apă + două pahare de suc = șase pahare de apă şi suc.
"Response:  Bancul de ceaţă este în mișcare constantă, astfel încât după 5 minute el va fi de aproximativ 3 miles plus jos față de locul lui inițial. Apoi, după 5 minute mai mult, el va fi de aproximativ 6 miles plus sus față de locul lui inițial. Astfel, după 10 minute el va fi de aproximativ 9 miles plus sus față de locul lui inițial.   
În continuare, dacă distanța totală a oraşului este de 42 de mile, atunci după 10 minute bancul de ceaţă va fi de aproximativ 37 miles plus sus față de locul lui inițial (deoarece el a acoperit doar 3 miles pe oră).    
Aici este o schemă care poate ajuta la calcularea timpului necesar pentru a acoperi tot oraşul:     
Timp = Distanța totală / Viteza bancului de ceaţă     
Distanța totală = 42 miles      
Viteza bancului de ceaţă = 3 miles/10 minute = 0.3 miles/minute     
Timp = 42 miles / 0.3 miles/minute = 140 minute     
Așadar, după 140 de minute (approximativ 2 ore și 20 de minute) bancul de ceaţă va acoperi întreagul oraş."
Response:  Primul sfert al pieselor = 25 (25 x 4 = 100). Al doilea sfert al pieselor = 37,5 (37,5 x 4 = 150). Total = 25 + 150 = 175 piese.
Response:  Cody mănâncă de trei ori mai mult decât Amir, aşadar mănâncă 3 x 5 = 15 prăjituri.  Prin urmare, Amir mănâncă 5 - 15 = -10 prăjituri.
Response:  Pentru prima cutie, lungimea = 5 inci, lățimea = 6 inci, înălțimea = 1 cm = 0,01 m. Volumul acesteia este: lungime x lățime x înălțime = 5 x 6 x 0,01 = 0,3 m³. Acesta fiind cazul, putem calcula volumul tuturor cele trei cutii:  Primul cutiu: lungime = 5 inci, lățime = 6 inci, înălțime = 1 cm = 0,01 m. Volumul acestuia este: 5 x 6 x 0,01 = 0,3 m³ Al doilea cutiu: lungime = 6 inci, lățime = 7 inci, înălțime = 1 cm = 0,01 m. Volumul acestuia este: 6 x 7 x 0,01 = 0,42 m³ Al treilea cutiu: lungime = 4 inci, lățime = 8 inci, înălțime = 1 cm = 0,01 m. Volumul acestuia este: 4 x 8 x 0,01 = 0,32 m³ Totalul volumului tuturor celor 3 cutii este: 0,3 + 0,42 + 0,32 = 1,04 m³
Response:  Luni şi marţi, Frankie a urmărit un episod de o oră + un episod de 30 de minute = 1 ore 30 de minute. Miercuri, el a urmărit câteva episoade dintr-un spectacol de 30 de minute + un episod de o oră = 2 ore. Joi, el a terminat temele mai devreme + a urmărit un episod de o oră + un spectacol de 30 de minute = 2 ore 30 de minute. Vineri, el a trebuit să stea până târziu + a urmărit două episoade de o oră = 4 ore. Totalul timpului petrecut vorbind despre televizor este de 10 ore (7 ore + 3 ore). Din această cauză, miercuri Frankie a urmărit câteva episoade dintr-un spectacol de 30 de minute.
Response:  Anul trecut, Henry a făcut 95 prăjituri. El a fărat 15 de noi prăjituri adiționale, astfel încât totalul este de 110 prăjituri.
Response:  Câtorva galoane de benzină cumpărați = x galoane de gaz. Pentru a obține gazul necesar, trebuie să adaugăm suma cashback-ului oferit de compania de aplicații + prețul normal al benzinei. Astfel, dacă cineva cumpără 10 galoane de benzină, și beneficiază de $ 20 cashback pe galon, iar prețul normal al benzinei este de $ 3 dollari/galon, atunci vor avea următoarea schemă de calcul: Galoane de benzină cumpărate = 10 galoane Gaz necesar = 10 galoane x ($ 3 / galon - $ 20 cashback) = 70 galoane Deci, dacă cineva cumpără 10 galoane de benzină, vor avea aproximativ 70 de galoane de gaz.
"Response: 
Marcel a mâncat 3 rulouri în largime x 14 rulouri în lungime = 42 de rulouri. 
Beatrice a mâncat 24 de rulouri în lungime x 2 rulouri în largime = 48 de rulouri. 
În medie, amândouă au mâncat 42 + 48 = 90 de rulouri."
"Response:  Prima parte a problema este: ""Barca lua dois litri de apă la fiecare zece metri pe care le-a făcut înapoi spre țărm."" Aici, ""două litri"" reprezintă volumul de apă luat de barcă într-un interval de 10 metri. Prin urmare, dacă barca face 20 de metri înainte de a ajunge pe țărm, apoi va fi necesară un volum de apă egal cu două litri multiplicat de numele lui 20, adică 40 de litri.   Și pentru a calcula timpul necesar pentru a ajunge pe țărm, noi avem informația că Julia a fost de 16 secunde la distanța de 64 de secunde. Așadar, timpul necesar pentru a ajungi pe țărm este egal cu distanța totală (64 de secunde) divizată prin numele lui Julia (16 secunde), adică 4 dinți.   În fine, putem concluziona că Julia a luat aproximativ 40 de litri de apă și aproximativ 4 minute și jumătate de timp pentru a ajunge pe țărm."
"Response:  Profesorul A are două lecții pe zi, iar profesorul B are una. Astfel, dacă placa este curățată de 3 ori pe oră, atunci profesorul A va avea parte de 6 ore de utilizare albe (2 x 3), iar profesorul B va avea parte de 1 ore de utilizare albe (1 x 3). Totuşi, dacă placa este curățată de 3 ori pe oră, atunci profesorul C va avea parte de 4 ore de utilizare albe (2 x 3), iar profesorul D va avea parte de 5 ore de utilizare albe (3 x 1).   
În total, numai profesorul A și profesorul C vor avea parte de peste 3 ore de utilizare albe pe zi, iar profesorul B şi profesorul D vor avea parte de sub 3 ore de utilizare albe pe zi."
Response:  La start, Ryan are 2 flori.  After 15 days, he adds 2 more flowers, so now he has 4 flowers.  But then, after another 15 days, he adds 2 more flowers, so now he has 6 flowers.  Therefore, the answer is 6.
"Response:  Prima informaţie pe care o avem este că telefonul lui Jamal poate deține 6 ori mai mult decât telefonul lui Brittany. Aceasta înseamnă că numărul maximum de fotografii pe care le poate păstra telefonul lui Jamal este 6 x 50 = 300 de ori mai mare decât numărul de păsări din fotografia lui Jamal cu raţele de la grădina zoologică.   
În continuare, spunem că telefonul lui Jamal poate să ţină 1800 de fotografii. Acest lucru înseamnă că numărul de raţe văzute în fotografia lui Jamal cu raţe de la grădina zoologică este 1800 / 300 = 6 dinți."
Response:  First, we need to calculate the total cost of all the wood she has: 10 planks x $10/plank = $100 + 5 planks x $16/plank = $80 = Total Cost = $180. Now, let's calculate her profit: Profit = Selling Price - Total Cost = ($180 / 10) x 5 = $900. So, she will make a profit of $900 if she sells all the wood.
Response:  Linguriţele de zahăr = (120/7) x 13 = 84 linguriţe de zahăr.
Response:  Pentru primul copil, John cumpărează două perechi de pantofi, astfel încât el are un total de 4 pantofi (2 x 2 = 4).  Deci costul acestuia este 60 / 4 = 15 dolari pe pereche.  Pentru al doilea copil, John cumpărează și el două perechi de pantofi, astfel încât el are un total de 8 pantofi (2 x 2 = 4 + 4 = 8).  Deci costul acestuia este 60 / 8 = 7,5 dolari perete.  Iar pentru al treilea copil, John cumpărează și el două perechi de pantofi, astfel încât el are un total de 10 pantofi (2 x 2 = 4 + 4 = 10).  Deci costul acestuia este 60 / 10 = 6 dolari perete.
Response:  Prima zi, ofițerul a numărat 2 containere, astfel încât numărul total de vehicule era de 10 (5 + 5).  În a doua zi, s-au adus noi contenieri, astfel încât numărul total de vehicule a crescut la 30. Din această cauză, numărul de containere importate în a doua zi este de 20 (30 - 10).
Response:  Adrien câștiga în prezent 56.000 de dolari (30% mai mare decât salariul lui Lylah). Patru ani mai târziu, salariul lui Adrien a crescut cu 40%, astfel că el câștiga 79.200 de dolari (56.000 x 1.4). Acesta este răspunsul la întrebarea din problema respectivă.
"Response:  Folosindu-se două folii de hârtie pe săptămână, în fiecare lună se vor folosi: 1 lună = 2 x 7 = 14 folii de hârtie; 2 luni = 2 x 14 = 28 de folii de hârtie."
Response:  Morisette a adus 5 mere şi 8 portocale, iar Kael a adus de două ori mai multă mere şi jumătate din portocale decât Morisette. Deci, numărul total al fructelor este: 5 + 8 + (2 x 5) = 30.
Response:  Sadie a dormit 8 ore luni. Apoi, în următoarele două zile, a dormit cu 2 ore mai puțin, astfel încît a dormit 6 ore (8 - 2). Restul săptămânii are 5 zile, iar fiecare zi are aproximativ 8 ore de somn. Astfel, Sadie a dormit în total 40 de ore (8 ore/zì + 5 x 8 ore/zì).
"Response:  Prima sa probă este să alereze 10 mile pe oră timp de 3 ore. Aceasta reprezintă o distanță totală de 30 miles (10 x 3 = 30).   
În a doua parte a probăii, ea rulează 5 mile pe oră timp de 2 ore. Distanta totală pentru acest interval de timp este de 10 miles (5 x 2 = 10).    
Astfel, în total, Rosie a alergat 40 miles (30 + 10) în 7 ore."
Response:  Prima treime din 60 de scrisori are 20 de scrisori (câteva sferturi). Din această cauză, Jennie a pus timbre pe 20/3 = 6 scrisori. Acestea fiind astfel, câte erau 30 de scrisori în grămada de scrisori deja ştampilate când a început Jennie? Răspuns: 30
Response:  Prima lingură a fost cea pe care a folosit-o Julia pentru a gusta tocană. Astfel, avem 3 linguri în plus față de cele 5 linguri care erau în pachetul pe care l-a cumpărat Julia. Deci, numărul lingurilor din pachetul lui Julia era de 8 (3 + 5).
Response:  Dylan a cumpărat 44 de cârnaţi (38 + 6).
Response:  Amy a făcut 20 de prieteni după ce s-a transferat la o nouă şcoală, iar Lily a făcut 50 de prieteni. Atunci, numărul total de prieteni ale celor două fete este: 20 + 50 = 70.
Response: 4 x 3 = 12 pentru pepenele lui Dillon. 20 x 5 = 100 de dolari pentru ardeiile sale. 10 x 5 = 50 de dolari pentru portocalele sale. Totalul este de 162 de dolari.
"Response:  Spitalul primește 500 de oameni pe zi, fiecare fiind văzut pentru o medie de 24 de minute. Totuşi, doctorii taxează spitalul cu 150 de dolari pe oră, în timp ce spitalul taxează pacienții cu 200 de dolari pe oră.   
Profitul spitalului poate fi calculat astfel: Profit = (Numărul de pacienți x Durata media a consultelor) - (Sumă totală a taxelor plătute de doctori + Sumă totală a taxelor plătute de spital).    
Substituindu-i valorile necesare, putem scri forma pentru a obține profitul spitalului: Profit = (500 x 24) - (150 + 200).    
Răspunsul este:  Profitul spitalului este de 360.000 $ (calculat ca: 500 x 24 = 12.000 x 200 = 240.000 + 150 = 360.000$)."
Response:  După cum am spus, 30 de elfi s-au alăturat lui Nissa pentru a se joaca de-a elfii în satul lui Moş Crăciun. Din această cauză, 20% din elfi (adică 6 elfi) au renunțat după ce copiii vomiteau pe ei. Astfel, numărul elfitilor care au rămas este: 30 - 6 = 24.
Response:  In luna mai, cheltuielile lui Joseph s-au ridicat la 500 de dolari. În iunie, cheltuielile sale s-au scurs cu 60 de dolari mai puțin, astfel încât cheltuielile sale în lunile mai și iunie au fost de 440 de dolari (500 - 60).
Response:  Pam a mers pe roller coaster de două ori, astfel încât a folosit 2 x 2 = 4 bilete. Fred a mers de patru ori pe luge, astfel încât a folosit 4 x 2 = 8 bilete. Totul împreună este de 12 bilete (4 + 8).
Response:  Luni - 6 km = 0 milă Mâine (Marţi) - 6 ori mai mult decât luni = 6 x 6 = 36 km Târziu (Miercuri) - 41 de mile / 3 = 13,67 miles
Response:  Tom are 4 spălări de maşini pe lună, iar fiecare spălătorie de maşini costă 15 dolari. Astfel, numărul total de dolari care trebuie plătit de către Tom într-un an este: 4 x 12 = 48.
"Response:  Prima parte a problema este: ""Prietenul lui Brian, Bobby, are de 5 ori mai puține jocuri video decât Brian.""  Ca să înțelegem această afirmație, putem presupune că Brian are x jocuri video. Atunci, numărul jocurilor video ale lui Bobby este 5x.  Așadar, dacă Brian are 20 de jocuri video, atunci Bobby are 100 (20 x 5) jocuri video."
Response: 1/3 x 27 = 9.  Ca urmare, există 9 femele unicorni în lume.
Response:  Prima supa are prețul de 7,50 $, iar a doua supa are prețul de 7,50 $ + 2 x 1,50 = 3,00 $ (pentru cele două pungi de chipsuri). Totalul pentru prima parte este astfel de 7,50 + 3,00 = 10,50 $.  Pentru a calcula totalul pentru cea de-a doua parte, trebuie să adăugăm prețul celor doi prăjituri: 2 x 1,00 = 2,00 $. Totul pentru cea de-a doua parte este astfel de 10,50 + 2,00 = 12,50 $.  Taxa de livrare este de 20%, iar bacșişul de 5 dolari reprezintă o sumă suplimentară care nu face parte din totalul costului livrării.
"Response:  Prima parte a formulei este:

Mark a completat primul test în 75/2 = 37 de minute (împreună cu cele 75 de întrebări).
Astfel, el a avut 8 - 37 = 49 de minute pentru a completa al doilea test.
În 49 de minute, Mark a completat 100/2 = 50 de întrebări (la rată de 5/ora).
Cele 50 de întrebări complete reprezintă 50/50 = 10% din totalul de 100 de întrebări.
Așadar, Mark a lăsat incomplete aproximativ 90 de întrebări (100 - 10%)."
Response:  Prima biltă de gumă este albastră, iar următoarea - și alta. Apoi, după aceea, este o bilă roșie, apoi una albastrească, iar apoi o altă bilă roşie. Astfel, numărul total de bile de gumă roz este dublu față de cel al bilelor albastre. Deci, dacă sunt 12 bile de gumă albastre, atunci există 24 de bile de gumă ros (2 x 12 = 24).
Response:  Maşinile disponibile pentru închiriere sunt: 20. Dintre acestea, 12 sunt maşini automate, 4 sunt maşini manuale, iar restul sunt semi-automate. Astfel, numărul total de maşini semi-automate este: 20 - (12 + 4) = 6. Prin urmare, procentul mașinilor semi-automate din toată oferta de închiriere este: 6/20 x 100% = 30%.
Response:  De două ori mai mult decât puținulele = 2 x 3 = 6.  Deci, există 6 albine lucrătoare în stagionierul stabilit.
Response:  Jordan joacă jocuri video două ore pe zi, iar într-un weekend (saptămână) joacă 14 ore (2 x 7). El câștigă 10 dolari pe oră la locul lui de muncă, aşa că într-o săptămână el câştige 140 dolari (10 $/oră x 14 ore).
"Response:  Laptele costa 2 dollari, astfel încât lacul total al lui John este de 6 dollars (2 x 3 = 6). Ouăle au fost cumpărate pentru 3 dollari, iar totalul lor este de 9 dollars (3 x 3 = 9). Becurile au fost cumpărate pentru 3 dollari, iar totalul lor este de 12 dollars (3 x 3 = 12). Paharele au fost cumpărate pentru 3 dollari, iar totalul lor este de 15 dollars (3 x 3 = 15). Capcanele au fost cumpărate pentru 4 dollari, iar totalul lor este de 16 dollars (4 x 3 = 16). Totalul tuturor produselor sale este de 6 + 9 + 12 + 15 + 16 = 68 dollars.   
Din acest punct de vedere, dacă există o taxă de 10% pe toate produsele non-alimentare, atunci taxa totală va fi de 6,8 dollars (10% din 68 dollars)."
"Response:  Venitul lui Lucas pe săptămână este de 92 de dolari (3 x 30 = 92). Cheltuielile sale sunt de 16 dolari (2 x 2 = 4 + 5 x 5 = 25), astfel profitul lui Lucas este de 76 de dolari (92 - 16 = 76).   
Therefore, the answer is $76."
Response:  Pentru a determina numărul total de ananasuri care pot fi cules de către John într-un an, putem utiliza următorul raport:  Numărul de ananasuri pe hectar = 100 de ananasuri/hectar Numărul de hectare = 10 hectare = 100 de hectare Tot ce trebuie să facem este să multiplicăm numărul de ananasuri pe hectar de numărul de hectare:  Numărul de ananasuri totale = 100 de ananasuri/hectar x 10 hectare = 1000 de ananasuri totale Acum putem afla numărul de ananasuri pe an:  Numărul de ananasuri pe an = 1000 de ananasuri totale / 3 luni (perioada de timp pentru care John poate cula ananasurile) = 333,33 de ananasuri pe an
"Response:  Prima parte a problemului este să determinați numărul total de piese ale tuturor cele trei sets de Lego. Acesta poate fi făcut prin sumarea numărului de piese al fiecărui set: 500 + 3 x (numărul de piese al celui de-al doilea set) + 1/4 x (numărul de piese al celui de-al treilea set). După aceasta, putem determine numărul de blocuri care fac Johnny ridicând toate Lego.   
Răspunsul este: 2700."
Response:  Prima zi, Debra vede 30 de albine părăsindu stagionierul. Din această cauză, ea vede de două ori mai mult decât a văzut prima zi (2 x 30 = 60). După aceea, fiecare albina care a plecat înainte de asta şi nu s-a intors deja se intoarce la stagionier în urmatoarele 6 ore. Astfel, Debra vede 15 albine în urma acesteia (30 - 15 = 15). Totuşi, ea vede doar jumătate din numărul de albine care se întorc în următorii 6 ore, astfel încît numele total de albine pe care le-a văzut în ultimele 6 ore este de 7,5 (15 / 2 = 7,5).
Response:  Mama lui Brittany dă bani la casieră pentru un bilet pentru copil şi un bilet pentru adult. Deci, numele total al summei pe care o primeste casierul este: 8 + 12 = 20 dolari.
Response:  Charlie are 3 ori mai multă clienți pe Facebook decît Dorothy, astfel încât el are 3 x 12 = 36 de prieteni pe Facebook.  De aceea, James are 4 x 12 = 48 de prieteni pe Facebook.
"Response:  Steve locuieşte la 3 mile = 5000 picioare (3 x 1000) de la şcoală. El poate merge cu bicicleta la 440 de picioare pe minut, astfel încât el va ajunge acasă de la şcoală în 12 minute (5000 / 440).   
Tim locuieşte la 3 km = 3000 picioare (3 x 1000) de la şcoală. El poate merge cu skateboard-ul la 264 de picioare pe minut, astfel încât el va ajunge acasă de la şcoală în 13 minute (3000 / 264).   
Astfel, Tim va pierde termina cursa cu 1 minute și jumătate (1 min + 30 sec) față de Steve."
Response:  Prima zi: 5 oameni cu bicicletele lor au venit să-şi umfle ambele anvelope. Astfel, costul total al acestora a fost de 125 de cenţi (5 x 25).  Al treilea zi: 3 oameni au venit să-şi umfle toate anvelopele de tricicletă. Costul total al acestora a fost de 75 de cenţi (3 x 25). Totalul costurilor pentru aceea zi a fost de 200 de cenţi.  Ultima zi: o persoană a venit pe un unicycle. Nu avem informații despre numele sau despre costul acesteia, astfel nu putem calcula nimic.
Response:  Carl plăteşte 10 dolari, iar el primește 6 x 0,10 = 0,60 dolari (prăjituri).
Response:  Dave a mâncat 14 cartofi prăjiţi înainte de a fi îndepărtat de la mâncare de către un pescăruş. Pescuaruşul a înghițit jumătate din cartofii prăjiți pe care i-a mâncat Dave, astfel încât avea 7 cartofi prăjiţi în stadiul său iniţial. După aceea, trei porumbele au îndepărtat doi cartofi de la mâncare lui Dave, lăsând câteva zeci de cartofi prăjiţi. Ulterior, un raton a furat două treimi din cele mai multe cartofuri prăjiţi, lăsând cinci cartofi în urmă. Astfel, câte cartofi prăjiţi erau în pachet când Dave l-a cumpărat? Răspuns: 5
Response: 3 ore/zile x 5 zile = 15 ore/saptămână. Pentru marte şi joi avem 2 ore/zile x 2 zile = 4 ore/saptămână. Total: 19 ore/saptămână.
Response: 1. Bucaţii - lungime = 15 cm x numărul de bucăţi = 15 x 300 = 4500 cm. 2. Croissants - lungime = 20 cm x numărul de croissants = 20 x 120 = 2400 cm. 3. Baghete - lungime = 1 m x numărul de baghete = 1 x 60 = 60 cm. Total: 4500 + 2400 + 60 = 7500 cm.
"Response: 
Paznicul are nevoie de 200 + 400 = 600 de banane în prima lună. 
În cea de-a doua lună, paznicul are nevoie de 200 + 400 + 100 = 700 de banane. 
Astfel, paznicul are nevoie de 700 de banane în total pentru a rezista 2 luni."
Response:  Blake a alergat înainte şi înapoi de 15 ori, ceea ce reprezintă o distanță totală de 100 x 2 = 200 de metri.  Kelly a alergat înainte şi înapoi o singură dată, iar apoi s-a retras şi a alergat spre linia de 40 de yarzi şi înapoi. Distanța ei este de 40 x 2 = 80 de metri. Totuşi, Kelly a alergat mai departe decât Blake, deoarece a parcurs o distanță totală de 200 + 80 = 280 de metri.
Response:  Raphael a cumpărat 4 stilouri care costau 1,5 dolari fiecare, astfel încît el a cheltuit 6 dolari (4 x 1,5 = 6). El a cumpărat 2 caiete de notiţe care costau 4 dolari fiecare, astfel încât el a cheltuit 8 dolari (2 x 4 = 8).  Last but not least, he bought a margin of paper which costed $20. So the total amount that Raphael spent is: 6 + 8 + 20 = 34 dollars.
Response:  Prima gîscuş a fost cel care a ieșit dinascunzătorul sub crin. Apoi am văzut doi dintre ceilalți patru pe sub piatră. Astfel, câteva gâscuşi pot fi văzuţi de Finn în iaz: 4.
Response:  Adâncimea apei la marți era de 17 picioare luni. şi adâncimea apei la miercuri era de 2/3 x 17 = 11,33 picioare luni.
Response:  Anakin a prins 10 stele de mare, iar Locsin a prins 5 stele de mare mai puține decât Anakin. Așadar, Locsin a prins 5 - 10 = -5 stele de mare.  Totuşi, Locsin a prins 3 cai de mare mai puțini decât Anakin, astfel încât el a avut 3 + (-5) = 8 cai de mare în total. De asemenea, Locsin a prins 2 pești clovni mai mult decât Anakin, astfel încât el a avut 2 + (-5) = 7 peşti clovni în total.  Prin urmare, Locsin a reuşit să prindă 8 + 7 = 15 peşti.
Response:  După 36 de luni, preţul sacului de bile urmează să crească cu 20% din preţul iniţial la fiecare doi luni. Astfel, după 18 luni (din care 36 de luni sunt mai mici), preţul sacului de bile va fi: 20 x 1,2 = 24 de dolari.   În total, după 36 de luni, preţul sacului de bile va fi: 24 x 36 = 864 de dolari.
Response:  Maşina roșie costa 4 dollari, iar una din figurine 5 dollari. Astfel, numărul total al jucărilor este: 5 + 3 = 8.    Deci, valorificarea tuturor jucăriilor este: 8 x (5 + 3) = 40 dolari.
"Response:  Jackie poate face impozitele singură sau îl poate angaja pe un contabil. Dacă o face ea, pierde 35 de dolari pe oră în venituri pierdute. Dacă angajează un contabil, pierde 90 de dolari.   
Jackie are disponibilitate de 4 ore pe zi pentru a face impozitele.   
Dacă o face ea singură, vorbește despre 3 ore de muncă independente.    
If she hires an accountant, it will take him 1 hour to do the taxes.     
So, if she does her own taxes, she will lose $35 per hour in potential earnings. If she hires an accountant, she will lose $90 per hour in potential earnings.      
The total amount of money that Jackie can save by doing her own taxes is:       
$35 x 3 hours = $105         
The total amount of money that Jackie can save by hiring an accountant is:        
$90 x 1 hour = $90         
Therefore, the best option for Jackie is to:           
Hire an accountant and save $90."
"Response:  Prima chestie pe care o face Elvira este alegerea unei maşini de calculator care costă 1090 de euro. Aceasta reprezintă aproximativ 76% din bugetul total de 1500 de euro.   
În continuare, Elvira aleează un scanner care costă 157 de euro, un CD-burner care costă 74 de euro şi o imprimantă care costă 102 de euro. Acestea reprezintă încă 28% din bugetul total.  
Dacă am înmulți toate acestea de 100%, vom obține următorul rezultat: 1090 + 157 + 74 + 102 = 1423 de euro.  
Astfel, după ce așteptăm toate achizițiile, Elvira avea aproximativ 1423 de euro disponibili pentru haine."
"Response:  Prima oară când Sandra dă de grijă de copiii lui este necesară o ouă. A doua oară, când are nevoie de 3 ouă pentru a face un flan spaniol. Astfel, în total, Sandra are nevoie de 4 ouă (2 x 3 = 6).   
În continuare, dacă Sandra trebuie să facä 15 flans spaniole, atunci va avea nevoie de 15 x 4 = 60 ouă."
Response:  Deci, Seth este de două ori mai bătrân decât Brooke. Așadar, Seth are 40 de ani (deoarece Brooke are 20 de ani). După doi ani, suma vârstei lor va fi de 28 de ani. Prin urmare, Seth are 40 + 2 = 42 de ani.
Response:  Jimmy are 10 dolari plus 2 dolari = 12 dolari.
Response:  Pe zi, Pancho merge 30 de kilometri, iar pe jos 10 mile. Pentru a determina câte mile merge pe jos într-o săptămână, putem utiliza următorul raport: 30 km / 2 = 15 miles/zi. Prin urmare, într-una săptămână, Pancho merge aproximativ 70 de mile (15 x 4 zile).
Response:  Costul pălăriei este de 25 de dolari, iar al jachetei este de trei ori mai mult decât cel al pălăriei. Așadar, costul jachetei este de 3 x 25 = 75 de dolari. De asemenea, costul pantalonilor este media costurilor pălăriei şi a jachetei, care este de 25 + 75 = 100 de dolari. Astfel, costul fiecăreia uniformei este de 25 + 75 + 100 = 290 de dolari.
Response: 80 x 8 = 640 picioare (păianjeni). 90 x 6 = 540 picioare (insecte). 3 x 10 = 30 picioare (invertebrate mutante rare). Total: 670 picioare.
Response:  Sally 1 = Bunica Roşie (împreună au 7 ani). Sally 2 = Sally Three (împreună au 5 ani). Sally 3 = Sally Four (împreună au 8 ani). Totalul vârstei celor patru păsări = 7 + 5 + 8 + 3 = 29 de ani.
Response:  Prima dată, Jessica plăteşte 300 de dolari pe lună ca să-şi plătească datoria de credite pentru studenți. Apoi, ea plăteşte 200 de dolari pe lună ca să-şi plătească cardul de credit. Din următoarea perioadă, Jessica va plăti 500 de dolari pe lună ca să-şi plătească ipoteca. Pentru a determina cum muchă Jessica plăteşte în total, putem utiliza formula: Total = (Minimum + Amount Paid) x Number of Payments. Minimum reprezintă cea mai mică sumă de bani pe care Jessica trebuie să-l plătească în fiecare lună, iar Amount Paid este suma totală a tuturor platașilor făcute de Jessica în fiecare lună. Acesta este răspunsul numeric: Total = (300 + 200 + 500) x 12 = 6000 dolari.
Response:  Billy are nevoie de aproximativ 10 minute (60/6=10) să prepare toate cele 60 de cartofi. Dar el doar are 5 secunde pentru a taia fiecărui cartof, astfel încât el va fi necesar ca el să taie aproximativ 1200 de secunde (10x5=50).
Response:  Costul total al lămâiei este de 3 x 25 = 75 de dolari. Astfel, profitul obținut este de 25 - 75 = -50 de dolari.
Response:  Numărul total de asiatici este de 240, iar numărul japonezilor este de 80. Din această cauză, numărul chinezilor este de 160 (240 - 80).  Acum, dacă numărul băieţilor din echipa chineză este de 60, atunci numărul femeii în echipa chineză este de 100 (160 - 60).
"Response:  First, we need to calculate the total amount of money that Zaid spends on rent, fuel, and charity. Based on the information provided in the question, we can see that he spends:

* 1/4 of his income on rent ($6000 x 1/4 = $1500)
* 1/4 of his income on fuel ($6000 x 1/4 = $1500)
* Half of his income on charity ($6000 x 1/2 = $3000)

So, the total amount of money that Zaid spends on these expenses is:

$1500 + $1500 + $3000 = $6000

Now, let's subtract the amount he spends on expenses from his income:

$6000 - $6000 = $0

Therefore, after paying all his expenses and making donations, Zaid has zero dollars left."
Response:  Bo are 40 de crabi, iar Monic are 4 crabi mai puțin decât Bo. Așadar, Monic are 36 de crabi.  Rani are 10 crabi mai mult decât Monic, așadar are 46 de crabi.  Totuşi, dacă Rani are 10 crabi mai mult decât Monic, atunci are 56 de crabi.  Astfel, toți ceii trei împreună au 56 + 36 = 92 de crabi.
"Response:  Prima săptămână, Lloyd a avut 5 ore de tutorat, iar în a doua săptămână a avut 8 ore. Astfel, totalul timpului de tutorat al lui Lloyd în primele două săptămîni este: 5 + 8 = 13 ore.   
În ceea ce privește câștigul lui Lloyd, el a primit 10 dolari pe oră ca tutor. Astfel, totalul câștigului lui Lloyd în primele două săptămîne este: 13 ore x 10 $/oră = 130 $"
Response:  Prima fază este să calculăm numărul total de elevi care au votat în clasă: 80 x (1 + 2 +... + 79) = 560. Acum putem calculate proporția câştigătorului: 3/4 x 560 = 380. Numărul de voturi alegerii sale este astfel: 380 - 3/4 x 80 = 240.
Response: 100 de trandafiri roşii = 4 x 25 (trandafiri roşii lipse) + 200 de caly = 5 x 40 (caly lipsați). Totuşi, Fred a primit doar 75 de trandafiri roşii și 150 de caly. Astfel, pentru a satisface cerereasa lui Sandra, Fred ar fi trebuit să-i dea încă 25 de trandafiri roşii până la ora 5.
Response:  După cum am spus anterior, două ani în urmă, Mark era cu 5 ani mai mare decât jumătate din vârsta lui Jan. Astfel, după doi ani, Mark ar fi fost cu 7 ani mai mare decât jumătate din vârsta lui Jan (deoarece el a crescut cu 2 ani). Prin urmare, dacă Jan are 30 de ani acum, atunci Jean are 32 de ani.
Response:  Echipa bună are patru membri, iar fiecare membru alergă 400 de metri în 55 de secunde. Totuşi, echipa slabă are doar trei membri, iar primul membru alergător a alergat 400 de metri în 60 de secunde. Pentru a determina diferența de timp dintre cele two echipe, putem utiliza relația: Diferența de timp = Timpul celuilaltui echipă - Timpul echipei bune. Din această relație, noi putem calcula diferența de timp ca fiind: Diferența de timp = (Timpul celuilaltui echipă) - (Timpul echipei bune) = (60 + (3 secunde per each member)) - (55 per each member) = 10 secunde. Astfel, cea mai rapidă echipă va câştiga 10 secunde.
Response: 1/6 = 0,17 (procent).
Response:  Mama sa are 20 de mere, iar Jenna a cules jumătate dintr-un număr impar de mere (deci Jenna a cules 10 de mere). Astfel, în total, amândouă le-au cules 30 de mere.
"Response:  În primul grup (rozătoarele mici), există 10 cuşti, iar fiecare cuştă are 6 bucăți de paie. Astfel, numărul total de bucăți de paie pentru acest grup este 10 x 6 = 60 de bucăți.   
În al doilea group (şobolani), există 3 cuşti, iar fiecare cuştă are 3 bucăți de paie. Numărul total de bucăți de paie pentru acest grup este 3 x 3 = 9 bucăți.    
În al treilea group (iepuri), există 10 cuşti, iar fiecare cuştă are 20 de bucăți de paie. Numărul total de bucăți de paie pentru acest grup este 10 x 20 = 200 de bucăți.    
Astfel, toată paia distribuită în magazin este de 60 + 9 + 200 = 289 de bucăți.   
Din această formulă, putem deduc că există 47 de şoboli în totalitate (289 / 3 = 47)."
"Response:  După 3 luni, Mandy va fi obligată să plătească 100 x (1 + 0,02) = 102 dolari.   
În consecință, Benedict are dreptul să primească 102 - 100 = 2 dolari de la Mandy."
Response: 1) Fermierul vinde negustorului 5 saci de grâu. Transportul acestora la depozit costa 10 dolari (2 x 2 = 10). Negustorul a primit 5 x 30 = 150 de dolari. Profitul său a fost de 150 - 10 = 140 de dolari. 2) Acum negustorul vinde restul de 3 saci de grâu la fermier. Transportul lor la depozit costa aceeași sumă de 2 x 2 = 10 dolari. Negustorul a primit 3 x 30 = 90 de dolari. Profitul său a fost de 90 - 10 = 80 de dolari. Totul însumează 140 + 80 = 220 de dolari.
Response:  Costul biletelor este de 66 dolari (20,25 x 3). Plus, costul mâncăriei este de 4,50 dolari mai puțin decât cel al biletelor. Totuşi, dacă ampartind toate costurile în mod egal, fiecăruia i-ar fi trebuit 20,25 / 3 = 6,75 dolari pe persoană.
Response:  John colectează piersici timp de 3 ore. Pentru a calcula câte piersici colectează, putem folosi următorul raport: număr de piersici colectate / timp de colectare = număr de piersici pe unitate de timp. În acest caz, numărul de piersici colectate este 2 (două), iar timpul de colectare este de 3 ore (3 x 60 = 180 de minute). Astfel, numărul de piersici pe unitate de timp este: 2/180 = 0,01111... (aproximativ 0,11 piersici pe minut).
Response:  Pentru a determina cât de mult de insecte necesită fiecare rață în funcție de numărul lor, putem utiliza următorul algoritm: Insecte necesitare = (numărul rațelor x greutatea insectelor) / (zilele de parcurgere).  Așadar, dacă numărul rațelor este 10 și greutatea insectelor este de 3,5 kg/zi, atunci: Insecte necessare = (10 x 3,5) / 7 = 24,14 kg/zi.  Prin urmare, fiecare rață are nevoie de aproximativ 2,86 kg de insecte pe zi (24,14 kg / 10 rațe).
"Response: 
Tom plantează 10 copaci pe an, iar în fiecare an taie 2 copaci. Astfel, la sfârșitul primei perioade de 10 ani, Tom are 90 de copaci (50 + 40). 
În următorii 10 ani, 30% din copaci mor, ceea ce reprezintă 30 de copaci. Deci, după 20 de ani, Tom are 60 de copaci (90 - 30)."
"Response:  Duminică dimineață, vecinii aveau 18 flamingori roz din plastic în curtea din faţa casei lui Sue. Din această cauză, la prânz duminică, câţi flamingi de plastic ros erau mai mulți decât flamingii de plastic albi?   
Răspunsul este: 18 - 3 = 15.  Prin urmare, la prânz duminică, câţi flamingi de plastic ros erau mai mulți decât flamingii de plastic albi: 15."
Response: 1. Violetta are nevoie de 5 culori diferite de creioane. Creioanele costă 2 dollari fiecare. Totalul suma este: 5 x 2 = 10 dolari. Restul de 10 dolari reprezintă banii pe care Violetta i-a pregătit pentru achiziție.
Response: 8 stilouri = (1,20 x 8) + (0,30 x 8) = 9,60 + 2,40 = 12,00 dolari
Response: 1 ore = 60 de minute = 60 x 2 = 120 de kilogramuri de morcovi pe zi. 40 de restaurante = 40 x 120 = 4800 de kilogramuri de morcovi pe an. - Restul este calculat astfel: 4800 kg / 365 de zile = 13,37 kg/zi.  Din această cauză, aproximativ 13,37 kilograme de morcovi nu vor fi folosite în fiecare zi.
Response:  Numai după ce am stabilit câte nume de bărbați şi femei avem noi informaţia despre numărul de copii.    Bărbaţi: 8417 x (1 + 2 +... + 84) = 42560   Femei: 9092 x (1 + 2 +... + 9) = 45468   Copii: 42560 - 45468 = -3000   Răspuns: -3000
Response:  Prima lună, Elaine a avut 20 de cărți Pokemon. Apoi, în a doua lună, a strâns de trei ori mai mult, astfel încât avea 60 de cărți (20 x 3). Iar în a treia lună, a colectat cu 20 de cărți mai puține decât în prima lună, astfel încât avea 40 de cărți (60 - 20 = 40). Astfel, Elaine are în total 40 de cărți Pokemon.
Response:  Mark editează un număr egal de propoziții în fiecare săptămână, astfel încât într-una din săptămâni el editează 1000 de propoziții pentru Editorul A și 1000 de propoziții pentru Editorul B. În ceea ce privește tariful, Editorul B îi plăteşte lui Mark de două ori mai mult decât Editorul A, așadar Mark primește de la Editorul B 2 x 5 = 10 cenți pe propoziție, iar de la Editorul A 5 cenți pe propoziție. Astfel, într-una din săptămâni, Mark face 1000 x 10 = 10.000 de propoziții pentru Editorul B și 1000 x 5 = 5.000 de propoziții pentru Editorul A.
Response: În fiecare dimineaţă, Baldur primeşte 5 găleţi de apă, iar în fiecare după-amiază primeşte 6 găleţi de apă. Totuşi, dacă fiecare găleată conţine 5 litri de apă, atunci numărul de litri de apă pe care le primeşte în fiecare zi este diferit. În dimineața primului zile, el primeşte 5 x 5 = 25 de litri de apă, iar în după-amiaza aceluiaşii primeşte 6 x 5 = 30 de litri de apă. Astfel, în total, el primeşte 25 + 30 = 55 de litri de apă în fiecare zi.
Response:  Prima sa plată a fost de 2000 de dolari, iar după ce a primit premiul, s-a mutat la 2100 de dolari (2000 + 5% din 2000 = 2100). Apoi, el a continuat să primească plăteala sa regulată de 2000 de dolari pe săptămână, astfel încât totalul banilor pe care i-a făcut în anul respectiv este: 2100 + (2000 x 52) = 43200 de dolari.
Response: josie are o fermă de 10 acri unde crește struguri. Fiecare acru produce 5 tone de struguri pe an, iar fiecare tonă de struguri produce 2 butoaie de vin. Pentru a determina câte butoaie de vin producferma lui Josie pe an, putem utiliza următorul raport: 5 tone/acru x 10 acri = 50 tone de struguri/an 2 butoaie/tonă x 50 tone = 100 butoaie de vin/an.
Response:  La prânz, Carl a mâncat două sandvişuri cu brânză, astfel încât a utilizat două felii de brânză. La micul dejun, el a preparat trei omeleți cu brânză și ouă, iar fiecare omelet necesita doi felii de brânză. Pentru mânca de macaroane, el a folosit opt felii de brânză. Astfel, totalul numărului de felii de brânză utilizate de Carl peste cinci zile a fost 16 (două + doisprezece).
Response:  Prima pungă albastră avea 9 stilouri + 6 stilouri = 15 stilouri. Altele au fost: 2 x 10 = 20 stilouri din celelalte pungi albe + 2 x 6 = 12 stilouri din celelalte pungi roșii = 32 stilouri. Astfel, Janet are acum 15 + 32 = 47 stilouri.
Response:  Prima medie este formată din cele 5 scoruri inițiale ale lui Brinley: 89 + 71 + 92 + 100 + 86 = 459. Pentru a determina scorul pe care Brinley îl are la al șaselea test, putem subtrage medianele anterioare de la ultimul scor: 459 - (89 + 71 + 92 + 100 + 86) = 459 - 436 = 23. Aici avem scorul lui Brinley la al șaselea test: 23.
Response:  Pentru prima perioadă de cinci săptămâni, Michael a mers cu bicicleta de 5 ori pe săptămână, ceea ce înseamnă că a făcut 125 de kilometri (5 ori 25 de kilometri). pentru a doua perioadă de trei săptămâni, Michael a mers cu bicicleta doar de două ori pe săptămână, ceea ce înseamnă că a făcut 40 de kilometri (2 ori 20 de kilometri). Totuşi, în total, Michael a făcut 165 de kilometri (125 + 40).
Response: 25 x 2 = 50 de ciocolăti. 50 / 2 = 25 de grame.
Response:  Luni - 4 x = 12 (prăjituri) Marţi - 3x + 3 = 18 (prăjituri) Miercuri - 5x + 5 = 25 (prăjituri)
Response:  Costul total al unei jumătăți de duzină de farfurii este de 3.000 de dolari (6.000 x 0.5 = 3.000).  Costul total al douăzeci de duzini de pahare costă cu 1.200 de dolari mai puțin decât costul total al unei jumătăți de duzină de farfurii, astfel încât costul total al celei de-a doua opțiuni este de 2.400 de dolari (1.200 - 1.200 = 0).
Response:  First, we need to calculate how much money Sarah has saved so far by doing chores for her neighbors. She has done 4 chores and earned $5 each time, so she has saved $20 ($5 x 4). Next, we need to subtract the amount she spent on the new jacket from the total amount of money she has saved. The jacket costs $30, so she would have $8 left after buying it ($20 - $30). Finally, we can see how many times she needs to mow the lawn to buy the shoes. To do this, we divide the cost of the shoes ($20) by the amount of money she has left after buying the jacket ($8), which gives us a ratio of 2.5 (or 2 with a decimal point). So, Sarah needs to mow the lawn 2.5 times before she can afford the shoes.
Response:  Jerry are 42 de ouă pe zi, din care 3 sunt ouă ale găinilor roșii. Aceasta înseamnă că găinile roșii produc 3 x 3 = 9 ouă pe zi. Deci, dacă are două găini albe în plus față de cele roşii, atunci el are 42 - 9 = 33 de ouă. Astfel, Jerry are 33 de găini roșii și 2 găini albe, totalul fiind 35 de găini.
Response:  Distanța parcoului local este de 1,5 mile (900 m). Dacă merge cu 5 km/ora, timpul petrecut de el pe jos este: 5 km/h x 900 m = 4500 secunde. Așadar, el petrece aproximativ 75 de minute (4500 secunde / 60 min) mers pe jos.
Response:  Ziua 1: Sloane a numărat 100 de clienţi. Ziua 2: Sloane a numărat 50 de clienţi plus față de ziua precedentă (100 + 50 = 150). Ziua 3: Sloane a numărat 50 de clienţi plus față de ziuna precedentă (150 + 50 = 200).
Response:  Piscina mare are de două ori mai multă apă decât piscina mică, astfel încât la 4 minute avea de două ori mai multă apă decât piscina mică. Apoi, piscina mare a avut de patru ori mai multă apă decât piscina mică, ceea ce înseamnă că avea de patru ori mai multe apă decât piscina mică la momentul actual. Astfel, numărul total de apă în piscina mare este patru ori cel al piscinei mici.
Response:  Lori are nevoie de 4 ore de muncă pentru a cumpra pantofii și curela (320 + 32 = 352 dolari). Cu jumătate de normă, Lori lucră 16 ore pe săptămână (4 zile x 4 ore/zìlie = 16 ore/saptamână). Astfel, Lori necesită să lucreze 2,7 ore (4 ore / 16 ore/saptamână) înainte să poată face achiziția. Răspuns: 2,7 ore
Response:  Prima lună, Janeth a primit 2000 $ + 10% = 2200 $. Din această sumă, s-a cerut 165 $/lună, astfel încât la sfârșitul primei luni, Janeth avea de plata 2200 - 165 = 1935 $. Acesta este soldul rămas pentru Janeth până acum.
Response:  Trandafirii au 4 flori în total. Dahlia aveau 7 flori plus 3 flori = 10 flori. Totul împreună este de 14 flori.
Response:  Vârsta lui Adrian este de 3 ori cea a lui Harriet, astfel că vârsta lui Adrian este de 63 de ani (3 x 21 = 63).  De asemenea, vârsta lui Zack este jumătate din vârsta lui Adrian, astfel că vârsta lui Zack este de 34 de ani (63 / 2 = 34).  Prin urmare, vârsta medie a celor trei persoane în trei ani este de 57 de ani (63 + 34 + 34 = 57).
Response:  Naomi a obținut 68 de puncte + (Brianna - Naomi) = 68 + (-17) = 51 de puncte.  Prin urmare, Jojo a înscris 51 de puncte.
Response:  Prima jumătate a zilei (10 minute) + prima jumătate a weekendului (5 minute) = 15 minute. Apoi, am adăugat cele 3 cuvinte încrucişate și 8 sudoku pe care i-a rezolvat (+ 2 ore x 60 de minute/oră = 120 de minute). Astfel, totalul timpului petrecut jucând aceste jocuri este de 15 + 120 = 135 de minute.
Response:  Prima dată, Celine a utilizat 90 de litri de apă din rezervor. Apoi, ea a colectat apa de ploaie care este de două ori mai mult decât ceea ce a fost lăsat, adică 2 x 120 = 240 de litri. Astfel, numărul total de litri de apă în rezervor după această operațiune este: 120 (ceva litri) + 90 (litri) + 240 (de litri) = 350 de litri.
Response:  Andy a plasat 90 de geranii, iar diferența dintre numărul de geranii şi numărul de petuni este de 40. Numărul total de flori plasate de Andy este astfel: 90 + (40 - 30) = 120 flori.
Response:  În primul an, compania a cheltuit 15.000 $ pe publicitate, iar în al doilea an, a cheltuit o treime din această sumă, sau 5.000 $ (15.000 $ / 3). Totalul cheltuitului pe publicitate în cele două ani este astfel de 20.000 $.
Response:  Carlos foloseşte barca timp de 3 ore, așadar el plătește 3 x 30 = 90 de dolari. Benji foloseşte pluta timp de 5 ore, așadar el plătește 5 x 18 = 90 de dolari. Totul lor este de 180 de dolari.
Response:  Prima zi este petrecută pe drumul spre Rochester cu autobuzul, iar ultima zi este petrecută pe drumul înapoi cu maşina. Astfel, numărul zilelor care vor fi petrecute cu autobuzul este 3 (zilele 1-2-3). Numărul zilelor care vor fi petrecute cu mașina este 3 (zilele 4-5-6), astfel câteva zile vor fi petrecute cu ambele moduri de transport.
"Response:  Prima parte a problemelor este: ""Dacă pierde 8 din tipul de apă..."". Aceasta înseamnă că are 8 de tip apă înainte de a face acest lucru. Acum, dacă cumpère 14 din tipul de iarbă, el va avea 8 - 14 = -6 de tip apă. Acesta înseamnă că a pierdut 6 de tip apă.   Și pentru a doua parte a problema, avem: ""Which is the probability that an random book will be of type water?"" Care înseamnă probabilitatea procentuală ca o carte aleatorie să fie de tipul de apă. Pentru a determina această probabilities, trebuie să utilizați distribuția lui James asupra tuturor cele 100 de cărți.     Deoarece James are 30 de tip foc, 20 de tip iarbă, şi 40 de tip apă, distribuția sa asupra tuturor cele 100 de cărți poate fi representată printr-un tabel sau o diagramă barometrică.      Pe baza distribuției sale, putem determine probabilitatea procentuală ca o carte aleatorie să fie de tipul de apă. Din distribuție, vom vedea că probabilitatea procentuală pentru un tip de apă este aproximativ 25%.     Astfel, răspunsul la întrebarea ta este:  Probabilitatea procentuală ca o carte aleatorie să fie de tipul de apă este de aproximativ 25%."
Response:  Costul burritoului de bază este de 6,50 $ + 2 $ = 8,50 $ (carne în plus).  Costul burletului cu toate celelalte opțiuni este de 8,50 $ + 1 $ = 9,50 $ (brânză în plus).  Costul burletului cu toate celelalte opțiuni și chipsurile este de 9,50 $ + 0,25 $ x 2 = 10,75 $ (avocado două sosuri).  Costul burletului cu toate celelalte opțiuni, chipsurile şi băutura este de 10,75 $ + 3 $ = 13,75 $ (îmbunătățirea masei).  Totuşi, el are un card cadou de 5 dolari pe care îl foloseşte la ieşire, astfel încît el nu plătește nimic.  Deci, el datorează 0 $.
Response: 1) Kalinda poate adăuga 4 bucăţi pe minut, astfel încât ea are nevoie de 360/4 = 90 de minute pentru a termina puzzlul singură. 2) Mama lui Kalinda poate plasa jumătate din câte piese pe minut, astfel încât ea are nevoie de 360/2 = 180 de minute pentru a termina puzzlul împreună cu Kalinda.
"Response:  După două luni, 30% din pepenele de apă erau gata de recoltare, astfel încât Ashlyn le-a luat acasă.   
După două săptămâni mai târziu, 3/4 din melonii rămaşi erau gata, aşa că i-a cules.   
În total, numărul de pepene care nu erau gata de recoltare după două săptămâni era:    
(30% + (3/4) x 100%) = 57%."
Response:  First, we need to calculate the total cost of all the cars: 12 x 20,000 = 240,000 dollars. Then, we need to subtract the tax: 240,000 - (10% of 240,000) = 216,000 dollars. Finally, we need to add the registration fee for each car: 216,000 + (1000 x 12) = 238,200 dollars. So, Mark pays a total of 238,200 dollars for the fleet of 12 cars.
"Response:  Luni - Kylie colectează 5 cartuşe + (1 x 2) = 7 cartuşe; Marţi - Kylie colectează 7 cartuşe + (2 x 3) = 14 cartuşe."
Response:  Dacă Dax a găsit jumătate din numărul de gândaci în grădină, atunci numărul total de gândaci este: Jumătate x 50 = 25.
Response: 1/3 din pinguini (12) au intrat în peşteră pentru a mânca cina. Din celelalte două treimi, o parte (18) au fost într-un loc umed, iar alta (9) au fost la mare. Astfel, numărul total al pinguinilor la plajă este de 12 + 18 = 30.
Response:  Steve mănâncă 2 x 6 = 12 roşii pe zi. Vița de vie poate produce 3 roşii pe săptămână, astfel încît dacă Steve are nevoie de câteva viţe de vie pentru a produce toate cele 12 roşii pe zi, el va avea nevoie de: 3/12 = 0,25 viţe de vie pe zi.
Response:  John are 20 de prieteni, iar el vrea ca fiecăruia sa împărțească 4 felii de pizza. Așadar, numele total al celor 20 de prieteni este: 20 x 4 = 80 de felii de pizza. Dar, pizza se vinde doar tăiat în 8 porți, aşadar, John trebuie să comande 80/8 = 10 porți de pizza. Astfel, John trebuie să comardeze 10 porți de pizza.
Response: 1) Cât are Ram stilouri goale care pot fi amestecate pentru a face un stilou plin. 2) Câte stilouri are Ram după ce a utilizat cerneala din 5 stilouri goale.
Response:  După primul an, Johnny a avut 30 de dolari (20 + 10). După cel de-al doilea an, el a avut 90 de dolari (30 x 3 = 90).
Response:  Mary este cu doi ani mai tânăr decât Joan, aşadar Mary are 18 + 2 = 20 de ani. Joan are 5 ani mai mult decât Mary, așadar Joan are 20 + 5 = 25 de ani. Jessa are 20 de ani, astfel suma vârstelor celor trei fete este 20 + 25 + 20 = 65 de ani.
Response:  După ce 30% din elevi s-au retras prin intrare A, rămâne 700 elevi (1000 - 300 = 700). Din acești 700 de elevi, 3/5 sau 600 elevi s-au retras prin intrare B. Restul de 100 elevi s-au retras prin intrare C. Astfel, numărul de elevi care s-au retras prin intrare C este 100.
Response:  James are 6 bomboane mai mult decât Robert.  John are de două ori mai multe bomboane decât Robert.  Așadar, dacă John are 54 de bomboane, atunci James are 54 + 6 = 60 de bomboane.  Prin urmare, John are 54 - 6 = 48 de bomboane mai mult decât James.
Response:  Dolly are două cărți, aşa că ea poate citi o carte înainte de a se alătura lui Pandora.  Apoi, Pandora poate citi o carte înainte de a se alătura lui Dolly.  Astfel, după ce am luat toate cele trei cărți, vom avea patru cărți citite (două pentru Dolly + două pentru Pandora).
"Response: 
Mike primește două scrisori pe săptămână, astfel încât el are nevoie de 10 minute pentru a răspunde unei scrisori. De asemenea, el are nevoie de 5 minute pentru a scrie o pagină. Astfel, el petrece 10 + 5 = 15 minute pe săptămână scrise."
Response:  Luna are 30 de zile, iar Jason are 1000 de minute pe lună. Astfel, numărul total de minute ale lui Jason în această lună este: 1000 x 30 = 30.000 de minute.
Response:  Griffin avea în total 24 de cartofi prăjiţi. Billy a luat 5 din ei, astfel că Griffin era left with 19 cartofi. Then, Ginger gave him 3 more cartofi, so he had 22 cartofi. After that, Colby took 3 cartofi from him, leaving him with 19 again. Therefore, the answer is 3.
"Response: 
1. Numărul de melci în primul acvariu = x
Numărul de peşti în primul acvariu = y
Diferența dintre numele de melci și numărul de peşti = z
2. Numărul de melci în al doilea acvariu = 2x
Numărul de peşti în al doilea acvariu = 2y
Diferența dintre numerele de melci și numărul de peşti în al doilea acvariu = 2z
3. Din ecuația (1), noi putem scri: x + 2(2x) = 32 - 2(y)
Ecuația (2) se scrie: 2x + 2(2x) = 64 - 2(2y)
4. Prin urmare, diferența dintre numerele de melci în cele două acvarii este de 2z. 
5. Pentru a determina numărul de pești în fiecare acvariu, putem utiliza ecuația (1): x + 2(2x) = 32 - 2(y).
Solving for x, we get: x = 8.
So there are 8 fish in the first aquarium and 16 fish in the second aquarium."
Response:  Machiajistul îi ceruse 250 de dolari pe oră, iar el a fost angajat timp de 6 ore pe zi (fiecare zi) și de 4 ori pe săptămână. Astfel, totalul platați de Jean a fost: 6 ore/zile x 250 de dolari/oră = 1500 de dolari/zi 4 zile/saptămână x 1500 de dolari/zi = 6000 de dolari/saptămână Totalul platați de Jean a fost de 6000 de dolari/saptămână - 10% din aceasta valoare = 5400 de dolari/saptămână.
Response:  First, we need to find out how much money Isabella spent on each category of expenses. We know that she spent $12 on ingredients for the cake, $43 on birthday presents, $15 on decorations, $4 on invitations, and $22 on gift bags for the guests. Now, let's divide these amounts by three to find out how much each person paid. So, if Isabella spent $12 on ingredients, that means each person paid $4 per person. If she spent $43 on birthday presents, then each person paid $14.67 (divide by 3). And so on...
Response: 4 pungi de ceapă = 4 x 50 de lire = 200 de lire. Un kilogram de ceapă costă 1,5 dolari, astfel încît bucătarul a plătit 200 / 1,5 = 133,33 de dolari.
Response:  Luni - 4 x 200 = 800  Marţi - 2 x 200 = 400  Sora ei - 5 x 200 = 1000 Total - 800 + 400 + 1000 = 2200
