  चलू, एक-एक कऽ सोचैत छी। ओ प्रातःकाल तीनटा भोजन करैत अछि आ चारिटा संग अपन मित्र सभक लेल मफिन बनबैत अछि। ओ शेष भागकेँ किसानक बजारमे प्रतिदिन २ डॉलर प्रति ताजा बतख अण्डामे बेचि दैत अछि। ओ बजारमे प्रति दिन कतेक कमाइ करैत अछि? 
"  चलू, एक-एक कऽ सोचैत छी। 

The robot is carrying two bags of rice and needs to deliver them to two different addresses. The distance between the first address and the second address is 2 km. How many bolts will it take for the robot to reach the second address if it takes one bolt to cover a distance of 1 km?"
  चलू, एक-एक कऽ सोचैत छी।  Firstly, the cost of buying a house is Rs 80,000 and then there are other expenses like maintenance, taxes, etc. which add up to around Rs 50,000 per year. So, the total cost of owning a house comes to around Rs 130,000 per year. Now, if the value of the house increases by 150%, it means that the new value of the house will be around Rs 240,000 (Rs 130,000 x 150%). This means that you have made a profit of Rs 110,000 on your investment in the house. Therefore, the answer is yes, you have gained a benefit of Rs 110,000 from buying the house.
  चलू, एक-एक कऽ सोचैत छी। ओ सप्ताहमे तीन बेर तीनटा दौड़ दौड़बाक निर्णय केलक, तो इनके समान विभाग में ३० मीटर दौड़ैत अछि। और ओ एक सप्ताहमे कते मीटरक दूरी चलैत अछि, तो इनके समान विभाग में २० मीटर दौड़ैत अछि। और ओ एक सप्ताहमे कते मीटरक दूरी चलैत अछि, तो इनके समान विभाग में १५० मीटर दौड़ैत अछि। और ओ एक सप्ताहमे कते मीटरक दूरी चलैत अछि, तो इनके समान विभाग में ४० मीटर दौड़ैत अछि। और ओ एक सप्ताहमे कते मीटरक दूरी चलैत अछि, तो इनके समान विभाग में २
  चलू, एक-एक कऽ सोचैत छी। ओ मुर्गा सभकेँ तीन बेर भोजन कराएत अछि। इसके अलावा ओ मुर्गाकेँ दिनक अन्तिम भोजनमे कते कप भोजन देबए चाहैत अछि जँ वेंडीक झुण्डक आकार २० मुर्गाक अछि। और ओ मुर्गाकेँ तीन कप मिश्रित मुर्गाक भोजन खुवा दैत छथि, जाहिमे बीज, आटाक कीड़ा आ तरकारी रहैत अछि जाहिसँ ओ स्वस्थ रहैत अछि। ओ मुर्गा सभकेँ तीन बेर भोजन कराएत अछि और ओ मुर्गाकेँ दिनक अन्तिम भोजनमे कते कप भोजन देबए चाहैत अछि जँ वेंडीक झुण्डक आकार २० मुर्गाक अछि और ओ मुर्गाकेँ त
  चलू, एक-एक कऽ सोचैत छी। काइलर नवका अपार्टमेंटक लेल चश्मा किनबाक लेल दोकानपर गेल छल था, तो काइलर १३ टा गिलास खरीदा था (१४ टा गिलास + १ टा गिलास). और उसके साथ एक गिलासक कीमत ५ डॉलर अछि, तो काइलर २९ डॉलर की कीमत पर गिलास खरीदा था (१३ टा गिलास * ७०% = २९ डॉलर). और उसके साथ एक गिलासक कीमत ६०% अछि, तो काइलर २८ डॉलर की कीमत पर गिलास खरीदा था (२९ डॉलर * ६०% = २८ डॉलर). और उसके साथ एक गिलासक कीमत २०% अछि, तो काइलर २६ डॉलर की कीमत पर ग
  चलू, एक-एक कऽ सोचैत छी। चार्लस्टन मे सिएटल सँ चारि गुना बेसी भेँड़ा अछि, तो चार्लस्टन के साथ एक साथ कते टा भेड़ अछि। यदि सिएटल मे २० टा भेड अछि, तो चार्लस्टन के साथ एक साथ कते ३० टा भेड अछि। चार्लस्टन के साथ एक साथ कते टा भेड अछि, तो चार्लस्टन के साथ एक साथ कते ४० टा भेड अछि, ... और वहीं से लेकर ५० टा भेड अछि, ... इसके साथ ही चार्लस्टन के साथ एक साथ कते टा भेड अछि, ... और ऐसे से लेकर ७० टा भेड अछि, ... इसके साथ ही चार्लस्टन के साथ एक साथ कते टा भेड अछि, ... और ��
  चलू, एक-एक कऽ सोचैत छी। 
"

* After the first hour, he is 24 miles away from his home
* After the second hour, he is 120 miles away from his home
* After the third hour, he is 216 miles away from his home
* After the fourth hour, he is 288 miles away from his home

So, after four hours, John has traveled a total distance of 288 miles away from his home."
  चलू, एक-एक कऽ सोचैत छी। ओ ओभरटाइमक भुगतान सेहो पाबैत अछि जे ओकर नियमित घण्टाक दरसँ 1.2 गुना अछि। एलिजा एहि सप्ताह 45 घंटा काज केलक, एहि सप्ताह हुनकर कमाई कतेक अछि?
"

0.083 / 60 (minutes in an hour) = 0.01375 downloads per minute

So, in three months, there will be approximately 39.67 downloads (3 x 2 downloads per day x 90 days)."
"

९ + २४ + ४ eighty = ३७ डॉलर

So, the total cost of buying 3 darjans (approximately 1 kg) of different types of pasta is approximately ३७ डॉलर."
"

$8,280 x 3 = $24,840

So, after three years, the farmer will have earned a profit of $24,840 from his goat farm."
 मेलेनीक पाँचटा वैक्यूम क्लीनर बचल अछि, ओ कतेकटा सँ शुरू केलक! मेलेनीक पाँचटा वैक्यूम क्लीनर बचल अछि, ओ कतेकटा सँ शुरू केलक! मेलेनीक पाँचटा वैक्यूम क्लीनर बचल अछि, ओ कतेकटा सँ शुरू केलक! ... आदेś प्रारंभ कराया जाए, ओ कतेकटा सँ शुरू केलक!
" 4 + 5 + 3 = 12 (or 60%)

Therefore, out of 20 students, 12 (or 60%) scored below 60% in at least one subject."
" Total Cost = $40,000

As we can see, Option B has a lower total cost compared to Option A. Therefore, if the businessman wants to maximize his profits, he should choose Option B."
"

Total Distance = 80 + 150 = 230 miles (370 km)"
"

Rs. 50,000 / 150 hours = Rs. 333.33 per hour

Therefore, the salary of a CEO working for 150 hours in a month is Rs. 333.33 per hour."
  चलू, एक-एक कऽ सोचैत छी।  Firstly, let's calculate the total number of days in three months. Each month has 30 days, so there are 3 x 30 = 90 days in three months. Now, let's calculate the total number of days in seven weeks. There are 7 x 7 = 49 days in seven weeks. Finally, let's subtract the total number of days in seven weeks from the total number of days in three months to get the remaining days. So, the answer is 90 - 49 = 41 days.
"

Distance = 12 miles = 19.2 kilometers
Speed = 4 miles/hour = 6.4 kilometers/hour
Time = Distance / Speed = 19.2 kilometers / 6.4 kilometers/hour = 30 minutes

Therefore, Ola will take approximately 30 minutes to cover a distance of 12 miles."
  चलू, एक-एक कऽ सोचैत छी।  Firstly, we need to find out how much water is required for the recipe. Let's assume that each liter of pea soup requires 3 liters of water. So, for 10 liters of pea soup, we will need 30 liters of water (10 x 3 = 30). Now, let's calculate how many liters of water are left after making 15 liters of ananaas pea mixture. We know that 1 liter of ananaas pea mixture takes up 24 liters of space, so if we make 15 liters of such mixture, it will take up 360 liters of space (15 x 24 = 360). Therefore, there are 324 liters of water left after making 15 liters of ananaas pea mixture (360 - 324 = 324).
  चलू, एक-एक कऽ सोचैत छी। रेमंडक जन्म सामन्थासँ ६ वर्ष पहिने भेल छल । रेमंडक २३ वर्षक उमरमे एकटा बेटा भेल छलनि। जँ सामन्था आब ३१ वर्षक अछि, तँ रेमन्डक बेटा कते वर्ष पहिने जन्मल छल । रेमंडक के बेटा के वर्ष पहिने जन्मल छल के साथ रेमंडक के जन्म सामन्थासँ के साथ समान हैं । इसलिए, रेमंडक के बेटा के वर्ष पहिने जन्मल छल के साथ रेमंडक के जन्म सामन्थासँ के साथ समान हैं ।
"

Bilie - 3 DVDs (Monday) = 3 DVDs
Mangaldev - 1 DVD (Tuesday) x 3 customers = 3 DVDs
Hunka - 2 DVDs (Wednesday) x 1 customer = 2 DVDs
Agila - 1 DVD (Thursday) x 3 customers = 3 DVDs
Total number of DVDs sold = 3 + 3 + 2 + 3 = 12 DVDs

So, there are 12 DVDs in total that were sold by all the people mentioned in the problem."
  चलू, एक-एक कऽ सोचैत छी। एक मोमबत्ती प्रत्येक घंटामे २ सेन्टिमिटर पगला जाइत अछि, ताके एक मोमबत्ती एक बजे सँ पाँच बजे धरि जरला पर कतेक सेंटीमीटर छोट होयत! और फ़िर, एक मोमबत्ती प्रत्येक घंटामे २ सेन्टिमिटर पगला जाइत अछि, ताके एक मोमबत्ती एक बजे सँ पाँच बजे धरि जरला पर कतेक सेंटीमीटर छोट होयत! ऐसा क्या हुआ? ओह, एक मोमबत्ती दोनों से समान हैं! एक मोमबत्ती प्रत्येक घंटामे २ सेन्टिमिटर पगला जाइत अछि, ताके एक मोमबत्ती एक बजे सँ पाँच बजे धरि जरला पर कतेक सेंटीमी
  चलू, एक-एक कऽ सोचैत छी। 
"

$44.90 / $8.50 = 5.25 dibbas

So, you can buy 5 and a half dibbas (pizzas) with your $50."
"  चलू, एक-एक कऽ सोचैत छी। मिश् का तीन जोड़ी शॉर्ट्स का दाम $16.50 है, तीन जोड़ी पैंट का दाम $22.50 है, तीन जोड़ी जूता का दाम $42 है। इसके बाद मिश् का एक कपड़ा का दाम कतेक डालर खर्च केलक? 

A) $78.50
B) $93.50
C) $108.50
D) $123.50
E) $138.50"
  चलू, एक-एक कऽ सोचैत छी। ओ आइस्क्रीम पर कतेक खर्च करत उत्तर के साथ विभाग का ढंग होता है। और उत्तर के साथ विभाग का ढंग होता है उत्तर के साथ विभाग का ढंग होता है उत्तर के साथ विभाग का ढंग होता है उत्तर के साथ विभाग का ढंग होता है उत्तर के साथ विभाग का ढंग होता है उत्तर के साथ विभाग का ढंग होता है उत्तर के साथ विभाग का ढंग होता है उत्तर के साथ विभाग का ढंग होता है उत्तर के साथ विभाग का ढंग होता है उत्तर के साथ विभाग का ढंग होता है उत्तर के साथ विभाग का ढंग होता है उत्
  150 miles.
"

The cost of 10 pairs of shoes after the first purchase is $150 and after the second purchase is $120."
  चलू, एक-एक कऽ सोचैत छी। 
  चलू, एक-एक कऽ सोचैत छी।  Firstly, let's calculate the total cost of the goods sold by Gunther. As per the given information, he has sold 80 units of his product at a price of $20 each, which means he has earned a total revenue of $1600 ($20 x 80). Now, we need to subtract the cost of production from this revenue to get the profit. According to Gunther, it costs him $15 per unit to produce his product, so the total cost of production is $1200 ($15 x 80). Therefore, Gunther's profit is $400 ($1600 - $1200).  Secondly, let's calculate the percentage of profit for each of the two sellers. For Gunther, his profit is $400 out of a revenue of $1600, which means his percentage profit is 25% (($400 / $1600) x 100%). Similarly, for the other seller, whose revenue is $2500 and profit is $500, their percentage profit is also 20% (($500 / $2500) x 100%).
"

35 hours/day x 7 days/week = 245 hours/week

Therefore, the answer to the question is 245 hours per week."
  चलू, एक-एक कऽ सोचैत छी। ग्रेचेन लग कतेक सोनाक सिक्का अछि हे त्याज्यांना वापर लगेल आहेत की जाणून केले आहेत की जाणून केले आहेत की जाणून केले आहेत की जाणून केले आहेत की जाणून केले आहेत की जाणून केले आहेत की जाणून केले आहेत की जाणून केले आहेत की जाणून केले आहेत की जाणून केले आहेत की जाणून केले आहेत की जाणून केले आहेत की जाणून केले आहेत की जाणून केले आहेत की जाणून केले आहेत की जाणून केले आहेत की जाणून केले आहेत की जाणून केले आहेत की जाणून केले आहेत की जाणून केले आहेत की जाणून केले आहेत की जाणून केले आहेत की जाणून केले आहे
  चलू, एक-एक कऽ सोचैत छी। सियोन लग आरोन सँ दू टा कम गहना अछि तथा आरोनक पास रेमन्डक आधासँ बेसी गहना अछि । इसके अलावा जँ रेमंड लग ४० टा रत्न अछि, तँ सियोन लग कतेक टा रत्न अछि के साथ समझ में आया है कि सियोन लग कम गहना अछि हैं और आरोनक पास रेमन्डक आधासँ बेसी गहना अछि हैं । इसके अलावा जँ रेमंड लग ४० टा रत्न अछि हैं तँ सियोन लग कतेक टा रत्न अछि नहीं हैं । इसके अलावा सियोन लग कम गहना अछि हैं और आरोनक पास रेमन्डक आधासँ बेसी गहना अछि हैं । इसके अलावा जँ रेमंड लग ४० ट
  चलू, एक-एक कऽ सोचैत छी।  Firstly, we need to find out the total time taken by Michael for all the 40 minutes tasks. Let's assume that he took x minutes to complete each task. Therefore, the total time taken by him is 40x minutes.  Now, let's find out the percentage of time taken by Michael in completing the first 20 minutes task. Since it took him 8 minutes to complete this task, the percentage of time taken by him is (8/20) * 100 = 40%.  Similarly, the percentage of time taken by Michael in completing the second 20 minutes task is (16/20) * 100 = 80%.  So, the total time taken by Michael to complete both the tasks is 40x + 16x = 56x minutes.  Finally, we need to convert the total time taken by Michael into hours. There are 60 minutes in an hour, so the total time taken by Michael in hours is 56x / 60 = 9.33 hours.
"

$$\$21,900 / 365 = \$60.47$$

So, on an average, Teri spends around $\$60.47$ on dairy products every day."
 नहीं, हुनका लग एखन कतेको लेगो सेट अछि आ ओ ओकरा सभ केँ 15 डॉलर मे बेचि दैत छथि ।
  चलू, एक-एक कऽ सोचैत छी। ओ सप्ताहमे ६० मील दौड़ैत अछि तथा ओ पहिल दिन तीन घंटा दौड़ैत अछि आ दोसर दिन आधा घण्टा होते हैं। इसके बाद ओ कतेक तेजी सँ दौडि सकैत अछि होता हैं। और फिर ओ सप्ताहमे तीन दिन दौड़ैत अछि होते हैं और ओ पहिल दिन तीन घंटा दौड़ैत अछि आ दोसर दिन आधा घण्टा होते हैं। इसके बाद ओ कतेक तेजी सँ दौडि सकैत अछि होता हैं। और फिर ओ सप्ताहमे तीन दिन दौड़ैत अछि होते हैं और ओ पहिल दिन तीन घंटा दौड़ैत अछि आ दोसर दिन आधा घण्टा होते हैं। इ
 180 miles + (4 x 15 minutes) = 180 miles + 600 meters = 780 meters.
  चलू, एक-एक कऽ सोचैत छी। ब्रान्डनक आइफोन के लिए सुजीक आइफोन का पुराना होता है, त ब्रान्डनक आइफोन का पुराना होता है, त सुजीक आइफोन का पुराना होता है! और इसके अलावा भी कुछ अन्य समान हैं, जैसे कि सुजीक आइफोन का पुराना होता है, त ब्रान्डनक आइफोन का पुराना होता है, और इसके अलावा भी कुछ अन्य समान हैं! ऋण के अलावा भी कुछ अन्य समान हैं, जैसे कि सुजीक आइफोन का पुराना होता है, त ब्रान्डनक आइफोन का पुराना होता है, और इसके अलावा भी कुछ अन्य समान हैं! ओह ओह ओह ओह ओह �
"

elevation = distance - radius \* cos(latitude_C) \* sin(longitude_D)
= 1000 - (3956 \* cos("
  चलू, एक-एक कऽ सोचैत छी। इनका संख्या क्या है?
  चलू, एक-एक कऽ सोचैत छी। यदि 300 ग्राम के थैली मे 5 टा भोजन अछि, त' अहाँ कतेक ग्राम खा सकैत छी. इसके अलावा, चिप्सक एक बैग मे 250 कैलोरी प्रति सेवारत अछि, त' अहाँ कतेक कैलोरी खा सकैत छी. अहाँक दैनिक कैलोरी लक्ष्य 2000 अछि आ अहाँ 1800 कैलोरी खा चुकल छी. और अहाँक दैनिक कैलोरी लक्ष्य 2000 अछि आ अहाँ 1800 कैलोरी खा चुकल छी, त' अहाँक दैनिक कैलोरी लक्ष्य 2000 अछि आ अहाँ 1800 कैलोरी खा चुकल छी. इसके अलावा, चिप्सक एक बैग मे 250 कैलोरी प्रति सेवारत अछि, त' अहाँ कतेक कैलोरी खा सकैत
  चलू, एक-एक कऽ सोचैत छी।  Firstly, we need to calculate the total cost of producing each mound of moombatte. Let's assume it takes 10 tons of rice husk to produce 1 ton of moombatte. So, the cost of producing 1 ton of moombatte is 10 times the cost of rice husk. Since the price of rice husk is $10 per ton, the cost of producing 1 ton of moombatte is $100 (i.e., $10 x 10). Now, let's calculate the cost of producing 20 tons of moombatte. The cost would be $200 ($100 x 2). Next, we need to subtract the cost of producing 20 tons of moombatte from the total revenue generated by selling 200 tons of moombatte. If the revenue generated is $400, then the profit made on each ton of moombatte is $200 ($400 - $200). Therefore, if you sell 20 tons of moombatte at a price of $20 per ton, your total revenue would be $400 ($20 x 20), and your profit would be $200 ($400 - $200).
  चलू, एक-एक कऽ सोचैत छी। मेरिडिथ एकटा फ्रीलान्स ब्लॉगर छी जे स्वास्थ्य विषय पर लिखैत अछि आ अपन स्थायी काजक रूपमे प्रतिदिन ग्राहकसभक समक्ष प्रस्तुत करैत अछि । एक ब्लॉग लेख कें शोध आ लिखबा मे औसतन 4 घंटा लगैत छै. पिछला सप्ताह ओ सोमदिन 5 टा लेख लिखने छल आ मंगलदिन 2/5 टा लेख लिखने छल। बुधदिन ओ दुगुना लेख लिखने छलीह जे मंगलदिन लिखैत छलीह। तीन दिन मे लेख लिखबा मे ओ कतेक घंटा खर्च केलक तकर गणना करू। 
 $118 / $8 per packet = 14 packets.
  चलू, एक-एक कऽ सोचैत छी। ओ टाई पर १०० डॉलर खर्च केलक?
  चलू, एक-एक कऽ सोचैत छी।  Firstly, we need to find the area of each triangle. The base of each triangle is 6 inches long and the height is equal to half the length of the base (since it's a right triangle). So, the area of each triangle = (base x height) / 2 = (6 x 3) / 2 = 9 square inches. Now, there are 4 triangles in total, so the total area of all the triangles = 4 x 9 = 36 square inches. Next, we need to find the perimeter of each triangle. The perimeter of each triangle = 2(base + height) = 2(6 + 3) = 15 inches. Finally, we add up the perimeters of all the triangles to get the total perimeter of the entire figure = 15 + 15 + 15 + 15 = 60 inches.
  चलू, एक-एक कऽ सोचैत छी। इकाई अछि के अनुसार, प्रश्नक देखा है कि रिचर्ड १५ मंजिला अपार्टमेन्ट भवनमे रहैत अछि, तथा प्रत्येक मंजिलमे ८ टा इकाई अछि हैं. और ई भवनमे खाली इकाईसभक कुल संख्या के अछि हैं, जिसे चलाँ करें कि इकाई अछि के अनुसार कुल संख्या क्या है?  So the total number of apartments in Richard's building is 15, and each apartment has 8 rooms. Therefore, the total number of rooms in Richard's building is 120 (8 x 15). Now, according to the question, there are 34 apartments in the building, and each apartment has 4 bedrooms. So, the total number of bedrooms in the building is 136 (34 x 4).
"

58.53 tons x 365 days = 219.39 tons"
  चलू, एक-एक कऽ सोचैत छी। टॉमक जहाज १० मील प्रति घण्टाक गतिसँ यात्रा करते समय ओ १ सँ ३ बजे धरि यात्रा करते हैं। इसके बाद फेर ओ ६ मील प्रतिघंटाक दरसँ वापस यात्रा करैत हैं। और फेर ओ ६ मील प्रतिघंटाक दरसँ वापस यात्रा करैत हैं। इसके बाद हुनका वापस आबय मे कतेक समय लगतैक हैं। ऋषभ के साथ समझ में आया कि ओ १ सँ २ बजे धरि यात्रा करते हैं और फेर ओ ६ मील प्रतिघंटाक दरसँ वापस यात्रा करैत हैं। इसके बाद हुनका वापस आबय मे कतेक समय लगतैक हैं। ऋषभ के साथ समझ में आया
  चलू, एक-एक कऽ सोचैत छी। हुनका कतेक टा खिलौना हटाबऽ पड़त, त्यामुळे हुनका कॉमिक्सक वजन एक-एक किलो आ हुनकर खिलौनेक वजन एक-एक किलो होता आणि उरियाहक बैग हुनका लेल भारी भऽ रहल अछि होता.
  चलू, एक-एक कऽ सोचैत छी। मैकेनिक ट्रक आ कारक टायर के मरम्मत के लेल अलग-अलग दर पर शुल्क लेताह, तथापि ओ दिन कतेक बेसी आय भेल छल जखन मैकेनिक बेसी आय केलक! इसके साथ ही, मैकेनिक ट्रक आ कारक टायर के मरम्मत के लेल अलग-अलग दर पर शुल्क लेताह, तथापि ओ दिन कतेक बेसी आय भेल छल जखन मैकेनिक बेसी आय केलक! इसके साथ ही, मैकेनिक ट्रक आ कारक टायर के मरम्मत के लेल अलग-अलग दर पर शुल्क लेताह, तथापि ओ दिन कतेक बेसी आय भेल छल जखन मैकेनिक बेसी आय केलक! और फ़िर, मैकेनिक ट्रक आ कारक टायर के मरम्मत के लेल अलग-अलग दर पर शुल्क ले
" 10 children

Total number of children = 3 + 4 + 5 + 6 + 7 + 8 + 9 + 10 = 55 children.
Therefore, there are 55 children in all the families combined."
  चलू, एक-एक कऽ सोचैत छी। जीन लग ३० टा ललीपॉप अछि, तो एक ललिपप सँ कम होगा और एक ललिपप सँ कम होगा और एक ललिपप सँ कम होगा ... इत्‍यादि वा फ़िर समान होगा क्या? ऐसा कहाँ समान होगा? ओह! एक ललिपप सँ कम होगा और एक ललिपप सँ कम होगा और एक ललिपप सँ कम होगा ... इत्‍यादि वा फ़िर समान होगा क्या? ऐसा कहाँ समान होगा?
  चलू, एक-एक कऽ सोचैत छी। पीटर एहि सप्ताह सिनेमा जाएबाक योजना बना रहल छथि। ओकरा सदिखन $७ मे टिकट आ $७ मे पॉपकॉर्न भेटैत छैक। जँ हुनका सप्ताहमे ४२ डॉलर भेटत, ओ कतेक बेर सिनेमा देखैत अछि? 
"

Number of trucks = 5000 kg / 3750 kg = 1.36 trucks

Therefore, approximately 1.4 trucks are required to transport the total weight of all the boxes from Lakadiki Pul to Basi."
  चलू, एक-एक कऽ सोचैत छी।  Firstly, we need to calculate the total amount of money that Onna has spent on delivery fees. According to the information provided in the passage, Onna has spent a total of $40 on delivery fees. Therefore, the total amount of money that Onna has spent on delivery fees is $40.  Secondly, we need to find out how much percentage of the total amount of money that Onna has spent on delivery fees is equal to $30. According to the passage, Onna has spent 25% of the total amount of money on delivery fees, which is equivalent to $30. Therefore, the percentage of the total amount of money that Onna has spent on delivery fees is 25%.  Finally, we need to determine the remaining amount of money that Onna has after paying the delivery fee. According to the passage, the remaining amount of money that Onna has after paying the delivery fee is $250 - $40 = $210. Therefore, the remaining amount of money that Onna has after paying the delivery fee is $210.
"

20 + (6 x 5) = 130

So, there are 130 apples in total."
 Area = (θ/360) x πr^2, where θ is the angle subtended by the sector at the center of the circle and r is the radius of the circle. In this case, the angle θ is 90 degrees, since it is a semi-circle. So, the area of the sector is (90/360) x π(7.5)^2 = 38.92 cm^2. Next, we need to add the areas of all the sectors to get the total surface area of the tokri. Since there are 20 equal parts in each sector, we have 20 x 38.92 = 778.8 cm^2 for the total surface area of the tokri. Finally, if we subtract the area of the top part of the tokri (which is 20% of the total surface area), we get the remaining surface area of the tokri, which is 778.8 - 20% = 616.4 cm^2.
  चलू, एक-एक कऽ सोचैत छी।  Firstly, let's calculate the total cost of the project. The brochure mentions that the construction costs are $500,000 and the equipment costs are $800,000, so the total cost is $1,300,000. Now, let's assume that the profit margin is 20%. So, the profit will be $260,000 ($1,300,000 x 20%). Therefore, the net profit after deducting all expenses is $940,000 ($1,300,000 - $260,000).
"

$6,789,625 x 20 = $135,789,250

So, the total amount of pension that Mr. Mars will receive over his entire lifetime comes to $135,789,250."
"

$1,680 - $840 = $840

So, the profit margin of the streaming service is 50%."
" Sure! Let's calculate the distance Sofia can travel with her tank.

Sofia has a 12-gallon tank, and she needs to fill it up at least 4 times on her trip. The last time she fills up, she will have tra"
  चलू, एक-एक कऽ सोचैत छी।  Firstly, I will calculate the total time spent watching TV in a week. Let's assume that you watch TV for 3 hours every day from Monday to Friday, which is a total of 15 hours per week (3 x 5 = 15). Now, let's calculate the percentage of time spent on studying during each week. If you study for 20 hours per week, then your percentage of time spent on studying would be 20/15 = 67%. So, you spend 67% of your time on studying and 33% on watching TV.
"

500 + 900 + 875 + 1,600 = 4,875 balls."
  चलू, एक-एक कऽ सोचैत छी। इच्छा करते हुए एक खजाना खोजनिहारकेँ एकटा खजानेसँ भरल खजानेक डिब्बा भेटलैक हैं! और उन्‍मेल करते हुए एक खजाना खोजनिहारकेँ एकटा खजानेसँ भरल खजानेक डिब्बा भेटलैक नहीं हैं! इच्छा करते हुए एक खजाना खोजनिहारकेँ एकटा खजानेसँ भरल खजानेक डिब्बा भेटलैक हैं! और उन्‍मेल करते हुए एक खजाना खोजनिहारकेँ एकटा खजानेसँ भरल खजानेक डिब्बा भेटलैक नहीं हैं! इच्छा करते हुए एक खजाना खोजनिहारकेँ एकटा खजानेसँ भरल खजानेक डिब्बा भेटलैक हैं! और उन्‍मेल 
  चलू, एक-एक कऽ सोचैत छी।  Firstly, let us calculate the total number of students in Dr. Verts School. If there are 60 teachers and each teacher has 5 students, then the total number of students is 60 x 5 = 300. Now, if we assume that each student has one laptop, then the total number of laptops required would be 300 x 1 = 300. Therefore, the answer to your question is 300 laptops.
  चलू, एक-एक कऽ सोचैत छी। वर्तमान समय में बेली निश्चित राशि सँ शुरू करें तथा तखन ओकरा आठ सप्ताहक लेल साप्ताहिक रूप सँ ५ डॉलरक भत्ता भेटैत छैक करें। इसके अलावा आठ सप्ताहक अन्तमे, जँ हुनका लग कुल १०० टाका छल करें। ताके बेली कते पैसा सँ शुरू केलक हैं!
"

600 students/month x Rs. 800/student/month = Rs. 480,000 per month

Therefore, the answer to the question is Rs. 480,000 per month."
  चलू, एक-एक कऽ सोचैत छी। केलियन खाना बनयबाक लेल दूटा नुस्खा अछि, एकटामे २० टा निर्देश अछि आ दोसरमे पहिल सँ दुगुना निर्देश अछि। कीलियन केँ दूटा व्यंजन तैयार करबाक लेल कतेकटा निर्देश पढ़बाक अछि? 
  चलू, एक-एक कऽ सोचैत छी। टोमी १० टा ब्राउनिस आ ५६ टा पनीर केक बेचैत आईं थी, तो उसके पास ३९ डॉलर प्रति टुकड़ा ब्राउनी बेचैत आईं थीं। और उसके पास ४८ डॉलर प्रति टुकड़ा पनीर केक बेचैत आईं थीं। इसलिए टोमी के पास ३९ डॉलर प्रति टुकड़ा ब्राउनी बेचैत आ ४८ डॉलर प्रति टुकड़ा पनीर केक बेचैत आईं थीं। और उसके पास ७६ डॉलर प्रति टुकड़ा ब्राउनी बेचैत आईं थीं। इसलिए टोमी के पास ७६ डॉलर प्रति टुकड़ा ब्राउनी बेचैत आ ३९ डॉलर प्रति टुकड़ा पनीर केक बेचैत आ
  A) १३८ डॉलरमे B) १९७ डॉलरमे C) २६४ डॉलरमे D) ३६४ डॉलरमे
" ($442.20 - $442.20) / $442.20 x 100 = 0%

So, none of the three types of flowers are making any profit. However, since the total revenue is greater than the total cost, Artie's Farmers Market is still making a profit overall."
  चलू, एक-एक कऽ सोचैत छी।  Firstly, let's calculate the total height of each level of the building. Let's assume that there are 4 levels in total, and each level is 16 feet high. So, the total height of the first level = 16 feet x 4 levels = 64 feet. Similarly, the total height of the second level = 64 feet x 3 levels = 192 feet, and so on. Now, if we have a total of 80 feet for all 4 levels, then the height of each level = 80 feet / 4 levels = 20 feet per level. Therefore, the height of the lowest level = 20 feet x 4 levels = 80 feet.
"

1 cup/day x 365 days/year = 365 cups/year

Now, let's assume that Kukurak can carry only one bag of food at a time, which contains 110 cups of food. So, how many bags of food does Kukurak need to carry to provide Sesilia with enough food for a year?

365 cups/year / 110 cups/bag = 3.39 bags/year

Therefore, Kukurak needs to carry 3.39 bags of food every year to provide Sesilia with enough food."
  चलू, एक-एक कऽ सोचैत छी। 
"

If Vincent buys 3 packs of cigarettes worth $10 each, he will have $250 - ($3 x $10) = $240 left.

So, he can buy $\frac{240}{8} = 30$ flowers with this amount.

If Vincent buys 1 pack of cigarettes worth $25, he will have $250 - $25 = $225 left.

So, he can buy $\frac{225}{8} = 28$ flowers with this amount.

Therefore, Vincent can buy either 30 or 28 flowers depending on which option he chooses."
  चलू, एक-एक कऽ सोचैत छी।  Firstly, John is a cat and he can't speak English. Secondly, even if he could speak, he wouldn't be able to understand the price of $100 as it is too high for him. Thirdly, he doesn't have any money to buy anything. Fourthly, he is not interested in buying anything because he is just a cat and has no use for material things. Fifthly, even if he was interested, he couldn't afford it due to his limited financial resources. Sixthly, he prefers to spend his time lounging around the house rather than going out shopping. Seventhly, he thinks that spending money on unnecessary items is a waste of resources. Eighthly, he believes that true happiness comes from simple pleasures in life like chasing mice or napping in the sun. Lastly, he doesn't think about such matters as they are beyond his comprehension.
  चलू, एक-एक कऽ सोचैत छी। दूटा लड़कीक 24 लीटर पानिमे सँ प्रत्येक 1/6 लीटर पानि लेलनि ताके एक लीटर पानी बचल गया है। इसलिए, एक लीटर पानी बचल गया है, जिसे एक लड़का 6 लीटर पानी लैत अछि था।
  चलू, एक-एक कऽ सोचैत छी। चार्लीक १० टा स्टीकर खरीदा था, और ओ मॉल मे एक स्टोर सँ २१ टा स्टीकर खरीदा था। चार्लीक अपने बहिनकेँ 9 टा स्टीकर देला था, और उसके लिए २८ टाक उपयोग अभिवादन कार्ड सजयबाक लेल केला था। चार्लीक अपने स्टीकर बँचल नहीं कर सकता था, क्योंकि उसके लिए उपयोग अभिवादन कार्ड सजयबाक लेल था, जिसके लिए चार्लीक नहीं बँचल सकता था। इसलिए, चार्लीक का स्टीकर बँचल नहीं कर सकता था।
  चलू, एक-एक कऽ सोचैत छी। ग्रेसक वजन १ई.३ किलो अछि, एलेक्सक वजन ०.९ किलो अछि, एक संयुक्त भार कम अछि (ओझाइब और घटक देखा). उत्तर के साथ संख्यात्मक उत्तर देखा जाएगा!
  चलू, एक-एक कऽ सोचैत छी।  Firstly, let's calculate the total number of cubes in each jar. There are 3 jars, and each jar contains 25 cubes. Therefore, the total number of cubes in all three jars is 3 x 25 = 75 cubes. Now, let's count the number of cantons in each jar. Each cube has 8 corners, so there are 8 corners in each jar. Since there are 75 cubes in each jar, the total number of corners in all three jars is 75 x 8 = 600 corners. Finally, let's find out how many Kantons are needed to cover all the corners. As we know, one Kanton covers 4 corners, so we need 600 / 4 = 150 Kantons to cover all the corners.
  चलू, एक-एक कऽ सोचैत छी। ओ सभ कितने गुना बेसी जीतल थे? और कितने गुना बेसी झाड़े थे?
"

* January has 4 weeks, so it has 4 x 7 = 28 days. Therefore, there are 28 quints in January.
* February has 4 weeks, so it has 4 x 7 = 28 days. Therefore, there are 28 quints in February.
* March has 4 weeks, so it has 4 x 7 = 28 days. Therefore, there are 28 quints in March.
* April has 4 weeks, so it has 4 x 7 = 28 days. Therefore, there are 28 quints in April.
* May has 5 weeks, so it has 5 x 7 = 35 days. Therefore, there are 35 quints in May.
* June has 5 weeks, so it has 5 x 7 = 35 days. Therefore, there are 35 quints in June.
* July has 5 weeks, so it has 5 x 7 = 35 days. Therefore, there are 35 quints in July.
* August has 5 weeks, so it has 5 x 7 = 35 days. Therefore, there are 35 quints in August.
* September has 4 weeks, so it has 4 x 7 = 28 days. Therefore, there are 28 quints in September.
* October has 5 weeks, so it has 5 x 7 = 35 days. Therefore, there are 35 quints in October.
* November has 5 weeks, so it has 5 x 7 = 35 days. Therefore, there are 35 quints in November.
* December has 4 weeks, so it has 4 x 7 = 28 days. Therefore, there are 28 quints in December.

Now that we have calculated the number of quints in each month, let's add them"
  चलू, एक-एक कऽ सोचैत छी।  Firstly, let's calculate the total number of beats in a day. There are 24 hours in a day, and each hour has 60 minutes. Therefore, the total number of minutes in a day is 24 x 60 = 1440 minutes. Now, let's find out how many beats there are in an alarm set for every three minutes. Since there are 3 minutes between each alarm, there will be 3 x 1440 = 4280 beats in a day. So, the answer to your question is 4280 beats.
  चलू, एक-एक कऽ सोचैत छी। कम्पनीक नीति अछि जे अपन प्रत्येक कर्मचारीक वेतनमे १०% वृद्धि करैत अछि आर आरम्भिक वेतनमे प्रत्येक वर्ष ओसभक लेल जे पाँच वर्ष कम्पनीमे रहल अछि। तथापि, कम्पनीक नीति अछि जे अपन प्रत्येक कर्मचारीक वेतनमे १०% वृद्धि करैत अछि आर आरम्भिक वेतनमे प्रत्येक वर्ष ओसभक लेल जे पाँच वर्ष कम्पनीमे रहल अछि। तालियां लेखा करा, कम्पनीक नीति अछि जे अपन प्रत्येक कर्मचारीक वेतनमे १०% वृद्धि करैत अछि आर आरम्भिक वेतनमे प्रत्येक वर्ष ओसभक लेल जे पाँच वर्ष कम्पनीमे रहल अछि। त
  चलू, एक-एक कऽ सोचैत छी। मैरिलिनक पहिल एल्बम हेराल्डक १० गुना बेसी बिकाएल छल, तथा जँ ओ सभ ७९,००० प्रति बेचि देलक, तँ हेराल्ड कतेक प्रति बेचि देलक हैं। अधिकतम संख्या के साथ विशेषण करें।
"

$560 / 16 = $35 per friend

So, each friend needs to contribute $35 towards the party expenses."
"

2 kg x Rs 30/kg = Rs 600

Therefore, the total amount of money needed to buy potatoes for all the children is Rs 600."
  चलू, एक-एक कऽ सोचैत छी। मार्सियाके सिन्डीसँ दू टा पालतू जानवर बेसी अछि, त' तीन टा पालतू जानवर क कते टा अछि! इतने ही संख्या थे, जिसके साथ मार्सियाके सिन्डीसँ दू टा पालतू जानवर बेसी अछि थे! और इसके साथ तीन टा पालतू जानवर क कते टा अछि थे! इसके साथ चार टा पालतू जानवर क कते टा अछि थे! इतने ही संख्या थे, जिसके साथ मार्सियाके सिन्डीसँ दू टा पालतू जानवर बेसी अछि थे!
"  चलू, एक-एक कऽ सोचैत छी। एमी जैक्सन सँ ५ वर्ष पैघ आ कोरी सँ २ वर्ष छोट अछि, तँ जैक्सन कतेक वर्षक अछि; एमी के ३ वर्ष के बाद जैक्सन हुई थी, इसलिए जैक्सन का उत्तर ७ वर्ष हैंगे!"
"

Percentage increase = (New time - Old time) / Old time x 100
= (15,600 - 12,900) / 12,900 x 100
= 23.7%

So, after training for 10 minutes, Jerry's speed increased by 23.7%."
  चलू, एक-एक कऽ सोचैत छी।  Firstly, we need to find the number of dogs in the village. Let's assume there are x dogs in the village. Since each dog has 6 puppies on an average, the total number of puppies in the village is 6x. Now, if each puppy grows into a full-grown dog, the total number of dogs in the village after 5 years is 6x + (6x \* 5) = 12x. Therefore, the answer is 12x dogs in the village after 5 years.
 Number of pairs = 20 / 2 = 10. Therefore, there are 10 pairs of boys and girls in Class 5.
  चलू, एक-एक कऽ सोचैत छी। हैरी कल राति 9 घंटा सुतल छल हैं, और हुनक मित्र जेम्स केवल 2/3 भागमे सुतल छल जतेक हेरी सुतल छल हैं। अधिकतम समय हेरी सुतल छल केवल 6 घंटे थे, इसलिए हेरी जेम्स सँ कतेक घंटा बेसी सुतल छल नहीं करते।
  फ्रेडाक टोमाटरक अन्तिम बैचमे ३२ औंसक सस बनाएल गेल छल केले आहेत, त्यामुळे फ्रेडाक टोमाटरक एक औंसक सस बनावे आहेत, त्यामुळे फ्रेडाक टोमाटरक एक औंसक सस बनावे आहेत, ... और तीन औंसक सस बनावे आहेत, ... और ४ औंसक सस बनावे आहेत, ... और ५ औंसक सस बनावे आहेत, ... और ६ औंसक सस बनावे आहेत, ... और ७ औंसक सस बनावे आहेत, ... और ८ औंसक सस बनावे आहेत, ... और ९ औंसक सस बनावे आहेत, ... और ० (zero) औंसक सस बनावे आहेत. उत्तर केले आहेत, फ्रे
 Time = Distance / Speed = 100 m / 20 km/h = 5 seconds. Finally, we need to add up the times taken by all the cars to cover the same distance. So, if 15 cars travel at an average speed of 20 km/h for 15 minutes, they will have covered a distance of 60 meters in that time. If now, 5 more cars travel at the same speed for another 15 minutes, they will have covered a distance of 60 meters + (5 x 15) = 90 meters. Therefore, the total distance traveled by all 20 cars will be 60 meters + 90 meters = 150 meters.
"
Chaloo, let's analyze the situation. If my friend has a big garden with 40 trees and wants to distribute flowers among all his friends equally, then he will have to give each friend around 18 flowers (40/2 = 18). But if he wants to give each friend an equal number of flowers without considering the total number of trees in the garden, then he will have to give each friend 3 flowers (40/16 = 3). So, it depends on how my friend wants to divide the flowers among his friends."
"

Rs 1 per minute x 60 minutes = Rs 60

So, Jerome worked for 60 minutes to earn the money he gave away to his friends."
 एक-एक कऽ सोचैत छी, उसके अन्तर्गत एक दिन मे औसतन कतेक पृष्ठ पढबाक आवश् यकता अछि, तँ ओकरा एक दिन मे औसतन कतेक पृष्ठ पढबाक आवश् यकता अछि, तँ ओकरा एक दिन मे औसतन कतेक पृष्ठ पढबाक आवश् यक
  चलू, एक-एक कऽ सोचैत छी। जॉनकेँ नाश्ता दोपहरक भोजन आ रातिमे भोजनक संग एक गिलास पानि पीब पसंद अछि। अन्तमे ओ सेहो सुतऽ सँ पहिने एक बेर पिबैत अछि। जॉन ई सभ दिन करैत अछि, मुदा सप्ताहक अन्तमे ओ आराम करैत अछि आ भोजनक संग सोडा पीबैत अछि। जॉन एक सप्ताहमे कते गिलास पानि पीबैत अछि? 
  चलू, एक-एक कऽ सोचैत छी। शहरक प्रत्येक २ मील पर पहुँचबामे १० मिनट लगैत अछि, तथा समुद्रक किनार सँ विपरीत भितर किनार तक 42 मील दूर अछि, तँ एहि मेघक तट सँ पूरा शहर केँ ढाहि लेबा मे कतेक मिनट लगत हैं! इसलिए, पूरा शहर केँ ढाहि लेबा मे कतेक मिनट लगत हैं, जिसे एक-एक कऽ सोचैत छी।
  चलू, एक-एक कऽ सोचैत छी। पहेलीक टुकड़ा राखबाक लेल बाँकी अछि, तथापि ओकर माए बाँकी टुकड़ाक एक तिहाइ भाग रखैत अछि। और फिर से पहेलीक टुकड़ा राखबाक लेल बाँकी अछि, तखन ओकर माए बाँकी टुकड़ाक एक तिहाइ भाग रखैत अछि। ऐसे दोनों वाले टुकड़ाक के समाधान के लिए एक समाधान करें कि पहेलीक टुकड़ा राखबाक लेल बाँकी अछि, और ओकर माए बाँकी टुकड़ाक एक तिहाइ भाग रखैत अछि। इसे कैसे करें?
  चलू, एक-एक कऽ सोचैत छी।  If Amir has three cups of coffee and he drinks one cup in each of the next three hours, how many cups of coffee will he have drunk after four hours?
 Space Left = Wall Area - (Total Area of Boxes) = 1 inch x 6 feet = 6 square feet So, there are 6 square feet of space left on the wall after placing all three boxes.
" 2 hours x 1 day = 200 minutes
Total time spent watching the show = 150 + 200 = 350 minutes

So, the person spends a total of 350 minutes (or 5.83 hours) watching their favorite show each week."
  चलू, एक-एक कऽ सोचैत छी। हेनरी स्थानीय बेकिंग प्रतियोगिताक लेल कुकी बना रहल अछि, ओ पिछला सालक तुलनामे दुगुना कमाए चाहैत अछि। ओ कुकीज बाहर रखैत समय गिरा दैत अछि, आ आब कुल ११० टा कुकीज अछि। और ओ अपन ३ टा कुकीज बाहर रखैत समय गिरा दैत अछि, आ आब कुल ६० टा कुकीज अछि। ऐसा करवा देखि हेनरी पिछला साल कतेको कुकीज बनौलनि!
"

10 gallons x $3 per gallon = $30

Now, let's assume that the company reimburses the employee for the entire amount spent on gas at a rate of $20.20 per gallon. So, the employee will be reimbursed for $30 - ($30 / $20.20) = $26.84.

Therefore, the cash back in the employee's bank account will be $26.84."
  चलू, एक-एक कऽ सोचैत छी। मार्सेल आ बीट्रीसक दू रोल अप चौड़ा आ २४ रोल अप लंबा छल जखन कि मार्सेलक ३ रोल अप चौड़ा आ १४ रोल अप लंबा छल । इसके अलावा ककरोसँ गलती भेल आ बीट्रीसक दू रोल अप चौड़ा आ २४ रोल अप लंबा छल । इसके अलावा मार्सेलक ३ रोल अप चौड़ा आ १४ रोल अप लंबा छल । इसके अलावा ओ सभ अपन पूरा मात्रामे खा लेलनि, तँ ओ सभ औसतन कतेक मात्रामे खा लेलनि ? 
  चलू, एक-एक कऽ सोचैत छी। नाव किनार दिस प्रत्येक दस फीट पानिमे दू लीटर पानि लऽ रहल छल। तथापि, जूलिया किनार पर पहुँचला पर नाव कतेक पानी मे छल नहीं है! नाव किनार पर पहुँचला पर नाव कतेक पानी मे छल नहीं है! इसलिए, जूलिया किनार पर पहुँचला पर नाव कतेक पानी मे छल नहीं है!
 Total time = Weekly time x Number of weeks = 300 x 4 = 1200 minutes over 4 weeks So, it takes approximately 1200 minutes (or 20 hours) to write on the whiteboard 10 times with 30 minutes of writing per session, assuming the whiteboard is clean and has no marks or stains.
  चलू, एक-एक कऽ सोचैत छी। वर इच्छा करता है कि फूल नहीं उगले रहे हैं क्योंकि उनके पास नहीं उत्तर था कि उन्हें उगला दें या नहीं । और इच्छा करता है कि उन्हें उगला दें या नहीं, उनके पास नहीं उत्तर था कि उन्हें उगला दें या नहीं । ऐसे चले जाते हैं कि उनके पास नहीं उत्तर था कि उन्हें उगला दें या नहीं, और इच्छा करता है कि उन्हें उगला दें या नहीं । इच्छा करता है कि उन्हें उगला दें या नहीं, और उनके पास नहीं उत्तर था कि उन्हें उगला दें या नहीं । इच्छा करता 
  चलू, एक-एक कऽ सोचैत छी।  Firstly, let's calculate the total number of photos that Jamal has taken. He has taken 600 photos in Britain and 500 photos at home, so the total number of photos he has taken is 1100 (600 + 500). Now, let's calculate the maximum number of photos that can be shared on his phone. According to him, he has 1800 photos on his phone, which means he cannot share more than 700 photos (1800 - 1100 = 700). Finally, let's check if he can share all 700 photos on his phone by dividing them equally among the 40 boxes he has. If we divide 700 photos by 40 boxes, we get 17.5 photos per box (700 / 40 = 17.5). So, Jamal can indeed share all 700 photos on his phone by distributing them evenly among the 40 boxes.
  चलू, एक-एक कऽ सोचैत छी।  Firstly, let's calculate the total cost of the goods that Omi wants to buy. The cost of each board is $2 x 4 = $8, and he wants to buy 10 boards, so the total cost of boards is $8 x 10 = $80. Additionally, he wants to buy a package of 50 sheets of paper at a cost of $10 per sheet, so the total cost of paper is $10 x 50 = $500. Therefore, the total cost of all the goods that Omi wants to buy is $80 + $500 = $580. Now, let's see if Omi can sell these goods for a profit. He has 10 boards and 50 sheets of paper, which he can sell separately or together as a package. If he sells each board separately, he will make a profit of $8 - $4 = $4 per board, since he bought them for $8 and can sell them for $12. Similarly, if he sells each sheet of paper separately, he will make a profit of $10 - $6 = $4 per sheet, since he bought them for $6 and can sell them for $10. However, if he sells the entire package (10 boards and 50 sheets of paper) together, he will make an even bigger profit. Let's assume that he sells the package for $1600. Since he paid $580 for all the goods, his profit would be ($1600 - $580) = $1020. So, in this case, Omi will make a profit of $1020 by selling the package of 10 boards and 50 sheets of paper together.
  चलू, एक-एक कऽ सोचैत छी। केटी ७ः१३ अनुपातमे चम्मच चीनी आ कप पानीक प्रयोग करैत कफी बनबैत अछि। जँ ओ कुल १२० चम्मच चीनी आ कप पानीक प्रयोग केलक, तँ ओ कतेक चम्मच चीनीक प्रयोग केलक तकर गणना करू। इसमे वा देखा है की चम्मच चीनी आ कप पानीक प्रयोग करेत कफी बनबैत अछि, और कुल १२० चम्मच चीनी आ कप पानीक प्रयोग केलक तकर गणना करू। इसमे वा देखा है की चम्मच चीनीक प्रयोग केलक तकर गणना करू, और कफी बनबैत अछि हैं उनके पानीक प्रयोग के समय में। इसमे वा देखा है की चम्मच चीनी आ कप पानीक प्रयोग क
"  चलू, एक-एक कऽ सोचैत छी। 

Jon has three children. Each child wants to buy a pair of shoes worth $60. How will Jon divide the money among them fairly?"
  चलू, एक-एक कऽ सोचैत छी। संख्यात्मक उत्तर तैयार करूं कि - सीसाइड क मुख्य बंदरगाह पर एक सीमा शुल्क अधिकारी आयातित वाहनक 2 कंटेनर गिनलनि, प्रत्येकमे 5 वाहन छल। दोसर दिन, बेसी कन्टेनर सभ आनल गेल, आ पोर्ट पर कुल सवारीक संख्या ३० भऽ गेल। दोसर दिन आयात कएल गेल कंटेनरक संख्याक गणना करू, ई मानैत जे सभ कंटेनरमे ५ टा वाहन अछि।  Now, I want to calculate the average number of vehicles per container. Can you please help me with that?
 Total earnings = $30,000 + $42,000 + $48,000 = $110,000 Therefore, the employee has earned a total of $110,000 over these three years.
  चलू, एक-एक कऽ सोचैत छी। मिगुएल अपन चित्रक लेल सप्ताहमे २ टा कागजक उपयोग करैत अछि, त' ओ प्रतिमाह कतेक पत्रक उपयोग करैत अछि. इत्यादि वा उत्तर करावे नाही की चित्रक लेल सप्ताहमे २ टा कागजक उपयोग करैत अछि, त' ओ प्रतिमाह कतेक पत्रक उपयोग करैत अछि.
  चलू, एक-एक कऽ सोचैत छी। मोरिसेट ३ टा सेब आ ७ टा संतरा अनलक थे, और उनके साथ एक ओवर ऑफ एक सेब था, जो एक संतरा अनलक था। उन्हें एक ओवर ऑफ एक सेब दिया गया, जो एक संतरा अनलक था। इसके अलावा उन्हें एक ओवर ऑफ एक सेब दिया गया, जो दो संतरा अनलक थे। इसके अलावा उन्हें एक ओवर ऑफ एक सेब दिया गया, जो एक संतरा अनलक था। इसके अलावा उन्हें एक ओवर ऑफ एक सेब दिया गया, जो एक संतरा अनलक था। इसके अलावा उन्हें एक ओवर ऑफ एक सेब दिया गया, जो दो संतरा अनल
"00 PM)

Total time for all 7 days = 168 hours / 7 days = 23 hours per day."
  चलू, एक-एक कऽ सोचैत छी।  Firstly, we need to find out the time taken by Rosie in completing one hour work. Let's assume that she takes x minutes to complete one hour of work. Now, we know that she has worked for 3 hours, so the total time taken by her is 3x minutes. Next, we need to find out the time taken by Omi in completing one hour work. Let's assume that he takes y minutes to complete one hour of work. Now, we know that he has worked for 8 hours, so the total time taken by him is 8y minutes. Finally, we need to find out the difference between the time taken by Rosie and Omi to complete one hour of work. This difference is (3x - 8y) minutes. Therefore, the answer is (3x - 8y) minutes.
"

The cost of shipping 30 books would be approximately $0.45 x 30 = $13.50."
  चलू, एक-एक कऽ सोचैत छी। जुलिया ने पाँचटा चम्मचक पैकेज खरीदलक, तेँ ओ चम्मचक एकटा नव पैकेज खरीदलक आ जुलियाकेँ देलक। इसलिए जुलिया के स्टू के स्वाद लेल केलनि त ओ तीनटा चम्मचक प्रयोग अपन स्टू के स्वाद लेल केलनि हैं। और ओ चम्मचक एकटा नव पैकेज खरीदलक आ जुलियाकेँ देलक हैं, तेँ ओ चम्मचक एकटा नव पैकेज खरीदलक आ जुलियाकेँ देलक हैं। इसलिए जुलिया के स्टू के स्वाद लेल केलनि त ओ चम्मचक एकटा नव पैकेज खरीदलक आ जुलियाकेँ देलक हैं। १२ चम्मचा छलनि हैं, और ओ चम्मचक एकटा नव पैकेज खरीदलक आ
"

Profit = Selling price - Cost = Rs 400 - Rs 3,07,600 = Rs (3,07,200)

Therefore, you can host around 79 parties (Rs 3,07,200 / Rs 400 per plate)."
  चलू, एक-एक कऽ सोचैत छी। लिलीक ५० टा मित्र छल, तँ लिली आ एमीक कतेटा मित्र छल असे एक और संख्या होते आहेत. इच्छा करते समय लिलीक ५० टा मित्र छल असे एक और संख्या होते आहेत, त्याच्या संख्यात ठेकावा करावा नाही आहेत. इच्छा करते समय लिलीक ५० टा मित्र छल असे एक और संख्या होते आहेत, त्याच्या संख्यात ठेकावा करावा नाही आहेत. इच्छा करते समय लिलीक ५० टा मित्र छल असे एक और संख्या होते आहेत, त्याच्या संख्यात ठेकावा करावा नाही आहेत. ...
"

* Number of mangoes that can be bought = Amount of money / Profit per mango = $124 / $2.60 = 48 mangoes."
"
Profit = Total Revenue - Total Cost
= $5,000/day - ($12,000 minutes/day x $50/minute)
= $5,000/day - $600,000/day
= -$595,000/day

So, the hospital is losing a significant amount of money every day."
"  चलू, एक-एक कऽ सोचैत छी।  Firstly, the number of rakshasas (demons) is not specified in the given passage. Therefore, we cannot determine how many rakshasas were present at the time of the incident. Secondly, even if we assume that there were 60 rakshasas present, it is not possible to determine who among them was responsible for the destruction caused by Shiva. The passage only mentions that ""the rakshasas were destroyed,"" without providing any information about their individual roles or identities. Finally, the question itself assumes that all rakshasas are equally powerful and capable of causing destruction, which may not be accurate as each rakshasa has its own unique abilities and strengths."
  चलू, एक-एक कऽ सोचैत छी। मई मे जोसेफ खर्च $500 छल, जूनमे हुनकर खर्च ६० डॉलर कम छल, एहि दू मास मे हुनकर कुल खर्च कतेक छल हैं। अगर मास मे हुनकर खर्च कम छल, तो मई मे जोसेफ खर्च कम छल हैं, और इसे जूनमे हुनकर खर्च ६० डॉलर कम छल हैं, तो कुल खर्च कम छल हैं। इसलिए, कुल खर्च कम छल हैं।
"

Rs.3600 / 10 tickets = Rs.360 per person

Therefore, each person has spent Rs.360 on tickets."
  चलू, एक-एक कऽ सोचैत छी। सोमदिन सँ बुधदिन धरि हुनकर कुल यात्रा दूरी ४१ मील छल अथ बुधदिन ओ कतेक मील पैदल चलल छल अथ सोमदिन सँ बुधदिन धरि हुनकर कुल यात्रा दूरी ४१ मील छल अथ बुधदिन ओ कतेक मील पैदल चलल छल अथ सोमदिन सँ बुधदिन धरि हुनकर कुल यात्रा दूरी ४१ मील छल अथ बुधदिन ओ कतेक मील पैदल चलल छल अथ सोमदिन सँ बुधदिन धरि हुनकर कुल यात्रा दूरी ४१ मील छल अथ बुधदिन ओ कतेक मील पैदल चलल छल अथ सोमदिन सँ बुधदिन धरि हुनकर कुल यात्रा दूरी ४१ मील छल अथ बुधदिन ओ कतेक मील पैदल चलल छ
  चलू, एक-एक कऽ सोचैत छी।  Firstly, let's calculate the total cost of each car. For Tom's car, it costs $15,000. For Jerry's car, it costs $20,000. For Bob's car, it costs $30,000. Now, let's calculate how much they spent in a year. Tom spent $15,000 / 12 = $1,250 per month. Jerry spent $20,000 / 12 = $1,667 per month. Bob spent $30,000 / 12 = $2,500 per month. So, in one year, Tom spent $1,250 x 12 = $15,000. Jerry spent $1,667 x 12 = $20,000. And Bob spent $2,500 x 12 = $30,000.
  चलू, एक-एक कऽ सोचैत छी।  Firstly, let's calculate the total number of balls used in both games. In game A, there are 5 red and 3 blue balls, so the total number of balls is 5 + 3 = 8. In game B, there are 20 white balls and 5 red balls, so the total number of balls is 20 + 5 = 25. Now, let's compare the number of balls used in each game. Game A has 8 balls, while game B has 25 balls. Therefore, game B uses more balls than game A.
  चलू, एक-एक कऽ सोचैत छी। दुनियाँमे २७टा यूनिकॉर्न बँचल अछि, और एक तिहाइ भाग स्कटिश हाइलैंड्समे अछि, एक तिहाइ महिला अछि, और कतेक महिला स्कॉटिश यूनिकॉर्न अछि हैं!
  चलू, एक-एक कऽ सोचैत छी।  Firstly, let's calculate the total cost of the soup and chips. The price of the soup is $7.50 per pound, so for 2 pounds, it would be $15. So, the total cost of the soup is $15 x 2 = $30. Similarly, the price of the chips is $1.50 per pound, so for 2 pounds, it would be $3 x 2 = $6. Therefore, the total cost of both the soup and chips is $30 + $6 = $36. Now, if we subtract the discount amount of $5 from the total cost, we get $36 - $5 = $31. So, the final bill will be $31.
  चलू, एक-एक कऽ सोचैत छी।  Firstly, I will give you a brief overview of the situation. Mark has been preparing for his examination for seven and a half hours, and he has completed 75 questions out of 100. He has to complete another 25 questions within the next 30 minutes. However, he is feeling tired and wants to take a break before continuing with the examination. Now, I want you to calculate how many questions Mark can answer in the remaining time of 30 minutes. Please provide your answer based on the information given in the problem.
  चलू, एक-एक कऽ सोचैत छी।  Firstly, we need to find the number of red balls in the first bag. Since there are 22 white balls and 5 black balls, the total number of balls in the first bag is 22 + 5 = 27. Now, let's assume that 12 of these balls are red (since you said there are 12 red balls). So, the number of red balls in the first bag is 12.  Next, we need to find the number of blue balls in the second bag. Since there are 16 white balls and 4 black balls, the total number of balls in the second bag is 16 + 4 = 20. Now, let's assume that all the blue balls are among the 20 balls in the second bag. So, the number of blue balls in the second bag is 20. Finally, since there are 5 black balls in both bags, the number of black balls in the two bags together is 5 + 5 = 10. Therefore, the answer is 12 + 20 + 10 = 42.
  चलू, एक-एक कऽ सोचैत छी। किराए पर लेल उपलब्ध २० टा कार मे सँ १२ टा ऑटोमेटिक कार अछि, ४ टा मैनुअल कार अछि आ शेष अर्ध-स्वचालित अछि। कतेक प्रतिशत कार अर्ध-स्वचालित अछि? 
  चलू, एक-एक कऽ सोचैत छी। मधुमक्खीक बच्चाक संख्या रानीक संख्ya सँ दुगुना अछि, त्याच्या वापर मधुमक्खीक बच्चाक संख्या सँ दुगुना अछि. त्याच्या वापर मधुमक्खीक बच्चाक संख्या रानीक संख्या सँ दुगुना अछि, त्याच्या वापर मधुमक्खीक बच्चाक संख्या रानीक संख्या सँ दुगुना अछि. त्याच्या वापर मधुमक्खीक बच्चाक संख्या रानीक संख्या सँ दुगुना अछि, ... त्याच्या वापर मधुमakkhīk बच्चाक संख्या रानीक संख्या सँ दुगुना अछि, ... त्याच्या वापर मधुमakkhīk बच्चाक संख्या रानीक संख्या सँ दुगुना अछि, ... त्याच्या वापर मधुमakkhīk बच्चाक संख्या 
 जॉर्डन ने कमाई कराई नहीं थी, और उसके समय काज करैत बितबैत था।
"

$26 x 1.10 = $28.60"
  चलू, एक-एक कऽ सोचैत छी।  Firstly, let us calculate the total cost of each item. For a blender, the cost is $20. For a toaster, it costs $15. Now, let us calculate the total cost of both items together. The total cost of both items is $35. Next, we need to calculate the profit earned by selling these two items separately. If we sell the blender for $25 and the toaster for $20, then our total profit is $75. Finally, let us calculate the average profit per week. If we sell one blender and one toaster every week, then our total profit in a week is $92. So, the average profit per week is $92 / 2 = $46.
 नहीं, जॉन के पास 10 हेक्टेयर अनानास खेत अछि, प्रति हेक्टेयर १०० अनानास अछि, जॉन अपन अनानास हर 3 महीना मे कटा सकैत अछि, और एक वर्षमे कतेक अनानास कटा सकैत अछि, इसके बाद जॉन के पास 9 हेक्टेयर अनानास खेत अछि, प्रति हेक्टेयर ९० अनानास अछि, इसके बाद जॉन के पास 8 हेक्टेयर 
 Small block = 3x3x3 = 27 cubic inches, price = $5 Large block = 4x4x4 = 64 cubic inches, price = $10 Medium block = 5x5x5 = 125 cubic inches, price = $15 Now, let's calculate how many blocks John can make from his collection of books. For small blocks, John has 500 boxes, and each box contains 100 books, so he has a total of 50,000 small blocks (500 x 100 x 3 = 150,000 small blocks). For medium blocks, John has 500 boxes, and each box contains 100 books, so he has a total of 50,000 medium blocks (500 x 100 x 5 = 250,000 medium blocks). For large blocks, John has 500 boxes, and each box contains 100 books, so he has a total of 50,000 large blocks (500 x 100 x 4 = 200,000 large blocks). Therefore, in total, John can make 50,000 + 250,000 + 200,000 = 950,000 blocks from his collection of books.
 On a philosophical level, the statement raises questions about the nature of reality and perception. Can we truly know the number of madhum
  चलू, एक-एक कऽ सोचैत छी।  Firstly, let's calculate the total cost of the trip for Brittany. The flight ticket from New York to London costs $120 per person, and there are two passengers, so the total cost of the flight is $240. Additionally, the train ticket from London to Paris costs $100 per person, and there are two passengers, so the total cost of the train ticket is $200. Therefore, the total cost of the trip for Brittany is $440 ($240 + $200). Now, let's calculate the cost of the trip for Owen. Since he is traveling alone, his flight ticket will cost $120, and his train ticket will cost $50, making the total cost of his trip $170. Finally, let's calculate the remaining amount that each person needs to pay after receiving their respective refunds. For Brittany, the remaining amount is $360 ($440 - $80), and for Owen, it is $130 ($170 - $40).
  चलू, एक-एक कऽ सोचैत छी। चार्लीक फेसबुक पर १२ टा मित्र अछि, तँ जेम्सक कतेकटा फेसबुक मित्र अछि हैं! इसके अन्दर से विभाग हैं, क्या कहte हैं? 
  चलू, एक-एक कऽ सोचैत छी।  Firstly, let's calculate the distance between Steve's house and the school. According to the information provided, the distance is 3 miles, which is equal to 4.8 kilometers. Now, let's assume that Steve takes his skateboard with him on his way to school. If he travels at a speed of 440 feet per minute (which is equivalent to 13.5 meters per minute), it will take him approximately 26 minutes to reach the school from his house. However, if we consider the time taken by Steve to get ready for school, including dressing up and packing his things, it may take him around 30 minutes to an hour to reach the school. Therefore, Steve can arrive at the school within 26 to 37 minutes after leaving his house.
  चलू, एक-एक कऽ सोचैत छी।  Firstly, let us calculate the total cost of one tyre. The price of each tyre is Rs. 250, so the total cost of three tyres will be Rs. 750 (3 x Rs. 250). Now, if we buy five tyres in a single day, the total cost will be Rs. 1,250 (5 x Rs. 750). If we buy ten tyres in a single day, the total cost will be Rs. 2,500 (10 x Rs. 750). Finally, if we buy twenty tyres in a single day, the total cost will be Rs. 5,000 (20 x Rs. 750). Therefore, the answer to your question is that buying more tyres in a single day can save you money.
  चलू, एक-एक कऽ सोचैत छी। कार्लकेँ कुकीज़ खरीदैत अछि, तब कुकीक पैकेटमे छहटा कुकी रहैत अछि होगा! और कार्लकेँ कुकीज़ खरीदैत अछि, तब कुकीक पैकेटमे छहटा कुकी रहैत अछि होगा! इतना ही नहीं, कार्लकेँ कुकीज़ खरीदैत अछि, तब कुकीक पैकेटमे छहटा कुकी रहैत अछि होगा! और कार्लकेँ कुकीज़ खरीदैत अछि, तब कुकीक पैकेटमे छहटा कुकी रहैत अछि होगा! फिर कार्लकेँ कुकीज़ खरीदैत अछि, तब कुकीक पैकेटमे छहटा कुकी रहैत अछि होगा! और फिर कार्लकेँ कुकीज़ खरीदैत अछि, तब कुकीक पैकेटमे छहटा कुकी रहैत अ
  चलू, एक-एक कऽ सोचैत छी।  Firstly, Dev bought a pack of five French fries from the street vendor for Rs. 100. He then gave three of them to his friend Janki and kept two for himself. Later in the day, he went back to the vendor and bought another pack of five French fries for Rs. 50. However, this time he only got four French fries as one of them was broken. So, he paid Rs. 50 for four French fries. Now, Dev has a total of nine French fries (two that he already had + seven new ones). How many rupees did Dev pay in total for all these French fries?
  चलू, एक-एक कऽ सोचैत छी। 
  चलू, एक-एक कऽ सोचैत छी।  Each roll of the bill is 30 cm long and has 120 pieces. Each piece is 4 inches (IN) long. How many meters are there in total?
"

* Rice requirement for households = 5 x 20 kg/month = 100 kg/month
* Food requirement for gorillas = 400 kg/month
* Food requirement for baboons = 100 kg/month
* Food requirement for hunters = 40 kg/3 days = 13.33 kg/day

Total food required = 100 kg + 400 kg + 100 kg + 13.33 kg/day = 633.33 kg/month

So, the total amount of food available for distribution among all groups is 633.33 kg/month."
" 30 + 30 + 10 + 40 + 2 = 152 minutes

Therefore, the person who has completed all the tasks in the least amount of time is Option A - 152 minutes."
"
$13 / $1.5 = 8.67 raffle tickets
So, you can purchase 9 raffle tickets with the given amount ($13)."
  चलू, एक-एक कऽ सोचैत छी।  Firstly, we need to find out the number of flowers in each pot. There are 11 pots in total and each pot contains 6 flowers, so there are 6 x 11 = 66 flowers in all. Now, let's count the number of paths that Fin has taken. He took 3 paths to reach the first pot, then he took 4 paths to reach the second pot, and finally, he took 5 paths to reach the third pot. So, the total number of paths Fin took is 3 + 4 + 5 = 12 paths. Therefore, the answer is 66 - 12 = 54 flowers left for Fin.
  चलू, एक-एक कऽ सोचैत छी। 
  चलू, एक-एक कऽ सोचैत छी। एनाकिन आ लोक्सिन आइ समुद्र तट गेल छल, तारा १० टा, समुद्री घोड़ा ६ टा, पाखण्डी माछ ३ टा. ओ सभ कतेक माछ पकड़ि सकलाह! एक अंक के साथ समझ गया है, कि एनाकिन आ लोक्सिन आइ समुद्र तट गेल छल, तारा १० टा, समुद्री घोड़ा ६ टा, पाखण्डी माछ २ टा. और उन्‍मेल करें, कि एक अंक के साथ समझ गया है, कि एनाकिन आ लोक्सिन आइ समुद्र तट गेल छल, तारा १० टा, समुद्री घोड़ा ६ टा, पाखण्डी माछ २ टा. ओ सभ कतेक माछ पकड़ि सकलाह! ऐसा कहा जाता है, कि एक अंक
"

Rs 240,000 + Rs 24,000 = Rs 264,000

So, after a 20% increase in prices, the person will spend around Rs 264,000 on groceries in a year."
  चलू, एक-एक कऽ सोचैत छी। एक कमरामे की कीमत 3 टा एक्शन फिगर छल आ एकटा लाल कारक कीमत $4 छल। एक्शन फिगर क दाम $5 अछि, तखने एकर मूल्य कतेक अछि? 
"

$$\therefore Total \text{distance} = 1095days \times 35minutes/day = 37850 miles$$

So, Jack has traveled a total distance of approximately $37850$ miles in his car over the last three years."
" If you're unable to raise the full amount needed for your trip, you may want to consider budgeting and cutting back on non-essential expenses. This can help you save money and make your trip more affordable.

I hope these suggestions are helpful in covering your expenses. Remember to always be realistic about your fundraising goals and to communicate clearly with your supporters about your progress. Good luck!"
"  चलू, एक-एक कऽ सोचैत छी।  Firstly, I will consider the information provided in the question and then provide a logical answer.

Sandra has 9 tons of sand and wants to make 3 tons of cement. She has a mixer that can hold 15 tons of material at a time. How much sand does she need to add to the mixer to produce 3 tons of cement?

To find out how much sand Sandra needs to add to the mixer, we need to divide the amount of cement she wants to produce (3 tons) by the capacity of the mixer (15 tons). This gives us a ratio of 3/15 or 1/5. So, Sandra needs to add 1/5 of the total amount of sand she has (9 tons) to the mixer to produce 3 tons of cement. Therefore, she needs to add 6 tons of sand to the mixer (9 tons x 1/5 = 6 tons)."
  Yes, I can do that. Let's calculate the number of years between Seeth Brooks and Dugunia Brooks. According to the information provided, Seeth Brooks was born in 1982 and Dugunia Brooks is currently 28 years old. Therefore, the difference between their ages is 28 - 1982 = -1954 years. Since negative numbers are not possible for age, we can conclude that Seeth Brooks is 1954 years older than Dugunia Brooks.
  चलू, एक-एक कऽ सोचैत छी। जिमीक पास एथेलसँ दू गुना बेसी पैसा अछि, तँ जिमी लग कतेक पाइ अछि? 
  चलू, एक-एक कऽ सोचैत छी। पन्चो दिनमे ३० मील पैदल जाइत अछि, तथा सप्ताहक अन्तमे जखन ओ १० मील पैदल जाइत अछि. ओ एक सप्ताहमे कते मील चलैत अछि, तभी एक सप्ताहमे कते मील चलैत अछि, तथा एक सप्ताहमे कते मील चलैत अछि ... और तापमे वा उत्तर के बारे में समझ गया है!
  चलू, एक-एक कऽ सोचैत छी।  Firstly, let's calculate the total cost of each item separately. For a jacket, the price is $25, and for a pair of pants, it is $30. So, the total cost of one jacket is $25, and the total cost of one pair of pants is $30. Now, let's calculate the total cost of all the items together. The total cost of three jackets is $75 ($25 x 3), and the total cost of two pairs of pants is $60 ($30 x 2). Therefore, the total cost of all the items together is $135 ($75 + $60).
  चलू, एक-एक कऽ सोचैत छी।  Total number of bricks in the stack = 80. Each brick weighs 2 kg, so the total weight of the stack is = 160 kg. The height of each brick is 20 cm, so the total height of the stack is = 160 cm. Now, let's calculate the volume of each brick = 20 x 20 x 2 = 800 cubic centimeters (cm³). Therefore, the total volume of the stack is = 800 x 80 = 64,000 cm³.
  चलू, एक-एक कऽ सोचैत छी। दादी लाल सॅली चार सँ दुगुना वयस के अछि, तो सैली फोर सैली थर्टी टू केर उम्रक बराबर अछि, आ सैली थर्टी टू 8 वर्षक अछि, तँ चारि टा चिड़ै केर कुल आयु कतेक अछि हैं! चारि टा चिड़ै केर कुल आयु कतेक अछि हैं, तो सैली थर्टी टू 8 वर्षक अछि हैं, आ सैली थर्टी टू 8 वर्षक के आयु कतेक अछि हैं!
  चलू, एक-एक कऽ सोचैत छी।  Firstly, let's calculate the total amount of interest that Jesica will pay in a year. The total interest paid by Jesica = Total amount borrowed x Interest rate x Time taken to repay (in years) = $10,000 x 6% x 1 = $600 Now, let's calculate the total amount that Jesica needs to pay each month. The total amount paid by Jesica per month = Total interest paid + Principal amount = $600 + $10,000 = $10,600 / 12 months = $875 per month.
  चलू, एक-एक कऽ सोचैत छी।  Firstly, let's calculate the time taken by Bilie to prepare each bowl of salad. Since there are 60 bowls in total, it will take him approximately 1 minute (60 seconds) to prepare one bowl. Therefore, the total time taken by Bilie to prepare all 60 bowls is 60 minutes. Now, let's consider the time taken by Ekh to prepare each bowl of salad. Since there are 50 bowls in total, it will take him approximately 2 minutes (120 seconds) to prepare one bowl. Therefore, the total time taken by Ekh to prepare all 50 bowls is 120 minutes. So, if Bilie and Ekh start preparing their respective batches of salads simultaneously, it will take Bilie around 60/2 = 30 minutes more than Ekh to complete his task.
 Percentage of profit = Profit per drum / Revenue per drum = $1 / $625 = 0.0167 or 1.67% per drum.
  चलू, एक-एक कऽ सोचैत छी। चीनी दल मे लड़िकक संख्या ६० छल, तो चीनी दल मे कतेक लड़िका छल होगा. अथावा, चीनी दल मे लड़िकक संख्या ७० छल, तो चीनी दल मे कतेक लड़िका छल होगा. अथावा, चीनी दल मे लड़िकक संख्या ९० छल, तो चीनी दल मे कतेक लड़िका छल होगा. आखेर कहा जाए, चीनी दल मे लड़िकक संख्या क्या है?
  चलू, एक-एक कऽ सोचैत छी।  Firstly, let us calculate the total amount of money spent by Jayad during the month. He spent Rs 60,000 on his wife's medical treatment and Rs 20,000 on his daughter's education. Therefore, the total amount he spent is Rs 80,000 (Rs 60,000 + Rs 20,000). Now, let us see if he made any profit or not. If he had spent a total of Rs 80,000 and earned Rs 70,000, then he would have made a profit of Rs 10,000 (Rs 70,000 - Rs 80,000). However, since he gave away Rs 30,000 as donations, his actual profit would be Rs 40,000 (Rs 70,000 - Rs 30,000). So, in this case, Jayad did not make any profit.
  चलू, एक-एक कऽ सोचैत छी।  Firstly, we need to find the number of ways in which the queen can move from her starting position to the end position. There are 8 possible moves for the queen (up, down, left, right, forward, backward, and diagonally). So, there are 8! = 8 x 7 x 6 x ... x 1 = 40320 different positions that the queen can reach after moving 8 times.  Now, let's count the number of ways in which the king can move from his starting position to the end position. The king has 3 possible moves (up, down, or sideways), so there are 3! = 3 x 2 x 1 = 6 different positions that the king can reach after moving 3 times. Therefore, the total number of ways in which both the queen and the king can move from their respective starting positions to their ending positions is 40320 x 6 = 241920.
 T = (60 x 24) / (10,000 x 0.05) = 3 years and 9 months. Therefore, it will take Loyd approximately 3 years and 9 months to save $10,000 if he continues to save $60 per month.
  चलू, एक-एक कऽ सोचैत छी। 
 नहीं, सैंड्राक धमकी अछि जे जँ साँझ 5 बजे धरि लाल गुलाब पहुँचाओल जाएत तँ ओ अपन सप्लायर बदलएत। इसके अलावा सैंड्राक व्यापारक लेल, फ्रेड केँ साँझ 5 बजे धरि कतेक लाल गुलाब पहुँचाब' पड़त नहीं हैं!
" 

1. दू साल पहिने मार्क जनक उम्र सँ 5 वर्ष पैघ छल हैं।
2. जँ जान ३० वर्षक अछि हैं।
3. जीन कतेक वर्षक अछि हैं।
4. दू साल पहिने मार्क जनक उम्र सँ 5 वर्ष पैघ छल हैं और जँ जान ३० वर्षक अछि हैं।
5. दू साल पहिने मार्क जनक उम्र सँ 5 वर्ष पैघ छल हैं और जँ जान २० वर्षक अछि हैं।"
" Time = Distance / Speed = 400 m / 5 km/h = 120 seconds (approximately)

As we can see, Team A covers the distance in less time than Team B. To determine who will win, we need to consider other factors such as the starting position of the teams, the terrain, wind conditions, etc. However, based on the information provided, it seems that Team A has an advantage due to their faster running speed."
  चलू, एक-एक कऽ सोचैत छी। इन्हे संख्याक सँ बेसी संख्याक सँ बेसी संख्याक सँ बेसी संख्याक सँ बेसी संख्याक सँ बेसी संख्याक सँ बेसी संख्याक सँ बेसी संख्याक सँ बेसी संख्याक सँ बेसी संख्याक सँ बेसी संख्याक सँ बेसी संख्याक सँ बेसी संख्याक सँ बेसी संख्याक सँ बेसी संख्याक सँ बेसी संख्याक सँ बेसी संख्याक सँ बेसी संख्याक सँ बेसी संख्याक सँ बेसी संख्याक सँ बेसी संख्याक सँ बेसी संख्याक सँ बेसी संख्याक सँ बेसी संख्याक सँ बेसी संख्याक सँ बेसी संख्याक सँ बेसी संख्याक सँ बेसी संख्या
  चलू, एक-एक कऽ सोचैत छी। जेना आ ओकर माए अपन सेबक खेतसँ किछु सेब चुनलनि। जेना अपन माएसँ आधा सेब चुनलक। जँ ओकर माएकेँ २०टा सेब भेटलैक, ओ दुनू गोटे कतेक सेब चुनलनि? 
"

Average Weight Per Storey = Total Weight of All Storeys / Number of Storeys = 102400 / 8 = 12700 kg/storey

So, the average weight per storey of the building is approximately 12700 kg/storey."
  चलू, एक-एक कऽ सोचैत छी। मेन्डी बेनेडिक्टकेँ १ऐ मास के लिए १०० डॉलर देनदार अछि, और ओ सभ २% मासिक ब्याज लेबाक लेल सहमत भेल. इसके अलावा, मेन्डी तीन मासक बाद एकर भुगतान कऽ सकलीह होता है. इसमें काम करें, उत्तर दें!
"

Profit = Selling Price - Cost Price
= $400 - $400
= $0

So, the trader will not make any profit by selling all the wheat at a price of $400 per bag."
" $74.25 / 3 = $24.75 per person

So, the total cost for all three meals is $24.75 per person."
  चलू, एक-एक कऽ सोचैत छी। ओ एक मिनटमे २ टा आड़ू जमा कऽ सकैत अछि, तो इसे देखभाषा करें कि वह एक मिनटमे २ टा आड़ू जमा कऽ सकता था! और फिर उसे देखभाषा करें कि वह एक गुणता था! और फिर उसे देखभाषा करें कि वह एक संख्या था! और फिर उसे देखभाषा करें कि वह एक संख्यात्मक था! और फिर उसे देखभाषा करें कि वह एक संख्यात्मक था! और फिर उसे देखभाषा करें कि वह एक संख्यात्मक था! और फिर उसे देखभाषा करें कि वह एक संख्यात्मक था! और फिर उसे देखभाषा करें कि वह एक संख्यात्मक था
"
The number of kittens Bacha Bak can produce in a month depends on several factors such as the breed of cat, its age, health, and nutrition. Generally, a female cat can give birth to an average litter size of 2-4 kittens per year, with some breeds producing larger or smaller litters than this average. However, it is not possible for me to accurately determine how many kittens Bacha Bak can produce without more information about her specific circumstances. As you mentioned earlier, if Dastoor Batteekh has 10 cats, each one may have an average litter size of 2-4 kittens per year, which would result in a total of 20-80 kittens produced by all 10 cats over the course of a year."
  चलू, एक-एक कऽ सोचैत छी। 
  चलू, एक-एक कऽ सोचैत छी। पड़ोस मे रहे हुए सभ एक सप्ताहक अन्त मे फ्लेमिंगो सभ स्यूक सामनेक आँgan मे रखलनि थे, और उज्जर रंगक उज्जर फ्लेमिंगो सभ केँ फेर स्यूक सामनेक आँgan मे रखलनि थे। इसलिए, कतेक बेसी गुलाबी प्लास्टिकक फ्लेमिङ्गो बाहर छल से सेतो प्लास्टिकक फ्लेमिङ्गोसँ नहीं रहेंगे, क्योंकि उनके स्यूक सामनेक आँgan मे रखलनि थे, और उज्जर रंगक उज्जर फ्लेमिंगो सभ केँ फेर स्यूक सामनेक आँgan मे रखलनि थे।
  चलू, एक-एक कऽ सोचैत छी। ओकरा कतेक रुपैया भेटतैक केलक इच्छा करता है कि ऑकरा कतेक रुपैया भेटतैक केलक इच्छा करता है कि ऑकरा कतेक रुपैया भेटतैक केलक इच्छा करता है कि ऑकरा कतेक रुपैया भेटतैक केलक इच्छा करता है कि ऑकरा कतेक रुपैया भेटतैक केलक इच्छा करता है कि ऑकरा कतेक रुपैया भेटतैक केलक इच्छा करता है कि ऑकरा कतेक रुपैया भेटतैक केलक इच्छा करता है कि ऑकरा कतेक रुपैया भेटतैक केलक इच्छा करता है कि ऑकरा कतेक रुपैया भेटतैक केलक इच्छा करता है कि ऑकरा कतेक रुपैया भेटतैक केलक �
"

8 pens x $0.01 = $0.08
4 pencils x $0.30 = $0.12
Total cost = $0.08 + $0.12 = $0.10

So, the total cost of 8 pens and 4 pencils is $0.10."
  चलू, एक-एक कऽ सोचैत छी।  Each restaurant has 200 pounds of gas in its tank. The city has 40 restaurants. How many gallons of gas will each restaurant have?
  चलू, एक-एक कऽ सोचैत छी। सोडामे कतेक बच्चा अछि ? इच्छा करते कि सोच के साथ संख्या का उत्तर देखेंगे !
  चलू, एक-एक कऽ सोचैत छी।  Firstly, we need to find the total number of cards in each suit. Let's assume that there are 20 cards in each suit. So, the total number of cards in each suit is 20 x 4 = 80 cards. Now, let's calculate the total number of cards in all four suits together. There are 4 suits in total, so the total number of cards is 80 x 4 = 320 cards. Next, let's find out how many cards are left after Elena has taken 20 cards from each suit. The remaining cards are 320 - (20 x 4) = 160 cards. Finally, let's see how many cards Omi has taken. He took 3 cards from each suit, so he took a total of 3 x 4 = 12 cards. Therefore, the number of cards left after Omi has taken his share is 160 - 12 = 148 cards.
  चलू, एक-एक कऽ सोचैत छी। मार्क एक सप्ताहमे कतेक कमाइ करैत अछि, सेन्टक रूपमे के साथ उनके प्रति वाक्य 5 सेंटक भुगतान करैत अछि। और फ़िर उनके प्रति वाक्य 5 सेंटक भुगतान करैत अछि, उनके प्रति वाक्य 5 सेंटक भुगतान करैत अछि आदि आदि ... उनके प्रति वाक्य 5 सेंटक भुगतान करैत अछि उनके प्रति वाक्य 5 सेंटक भुगतान करैत अछि आदि आदि ... उनके प्रति वाक्य 5 सेंटक भुगतान करैत अछि उनके प्रति वाक्य 5 सेंटक भुगतान करैत अछि आदि आदि ... उनके प्रति वाक्य 5 सेंटक भुगतान करैत अछि उनके प्रति वाक्य 5 सेंटक भुगतान क
  108 बाल्टी पानि भेटैत अछि, ओकरा प्रतिदिन कतेक लीटर पानि भेटैत छैक हैं।
  चलू, एक-एक कऽ सोचैत छी। 
  चलू, एक-एक कऽ सोचैत छी। प्रत्येक एकड़मे प्रति वर्ष ५ टन अंगूर उत्पादन होइत अछि, आ प्रत्येक टन अंगूरसँ २ बैरल वाइन बनैत अछि। तापमाने खेत मे प्रति वर्ष कतेक बैरल शराब उत्पादन होइत अछि? 
"

Wasted rotis per week = Total rotis consumed per week - Average rotis consumed per day
= 70 rotis - 10 rotis per day
= 60 rotis per week

Therefore, according to the information provided, each person consumes around 60 rotis per week and wastes around 60 rotis per week."
"

Bowl 1 - 0.24 balls
Bowl 2 - 0.185 balls
Bowl 3 - 0.132 balls"
"

Average = (340 + 300 + 360) / 3 = 320 marks

Therefore, the maximum score that Brain can achieve is 320 marks."
"
Michael travels 190 kilometers in 3 weeks. He covers an average distance of 60 kilometers per day. In one week, he covers a total distance of 420 kilometers (7 days x 60 km/day). Therefore, Michael's total distance traveled is 190 + 420 = 610 kilometers."
  चलू, एक-एक कऽ सोचैत छी।  Each chocolate bar weighs 25 grams. If you have 80 chocolate bars, then the total weight of all the chocolate bars is 80 x 25 = 2000 grams. Now, if each chocolate bar has a calorie content of 40 grams, then the total number of calories in all the chocolate bars is 2000 grams x 40 grams/gram = 80,000 calories.
 3 baskets
  चलू, एक-एक कऽ सोचैत छी। 
"

$150 + $80 = $230

So, the parents have to spend a total of $230 on their children's clothes."
"

Days = Total weight of food / Daily food consumption
= 570 kg / 30 kg/day
= 19 days

So, it will take the lion 19 days to finish eating the remaining food in the pond."
  चलू, एक-एक कऽ सोचैत छी। 
"

Rs. 50,000 + Rs. 25,000 = Rs. 75,000
4. To calculate the average number of customers"
  चलू, एक-एक कऽ सोचैत छी। पहले पोखरिमे छोट पोखरिसँ दुगुना पानि छल था, ता चारि मिनट पहिने के बाद पैघ पोखरिमे छोट पोखरिसँ दुगुना पानि छल नहीं था! और चारि गुना बेसी पानि अछि था! आब छोट पोखरिमे कतेक पानि अछि? 
"

1. LoRi $320.00 क जूताक जोड़ी आ $3"
  चलू, एक-एक कऽ सोचैत छी।  Firstly, we need to calculate the total amount of money that Jennet has earned in the last 12 months. According to the information provided, she has earned a total of $200,000 over the past year. Now, let's assume that she spends 165 days (or 4.5 months) out of every 12 months on tour. This means that she earns $200,000 / 165 days = $1,250 per day on average during her tours. Secondly, we need to calculate the percentage of income that Jennet donates to charity. According to the passage, she donates 10% of her income to various charities. Therefore, the amount of money that she donates is $1,250 x 10% = $125 per day. Finally, we can calculate the total amount of money that Jennet has donated over the past year by multiplying the daily donation amount by the number of days she was on tour. So, the total amount of money that Jennet has donated over the past year is $125 x 165 days = $21,750.
  चलू, एक-एक कऽ सोचैत छी। फूलदानमे चारिटा गुलाब अछि, तथा फूलदानमे गुलाबसँ सात टा बेसी दालिया अछि. इसलिए फूलदानमे कतेटा फूल अछि हैं!
  चलू, एक-एक कऽ सोचैत छी। तीन वर्षक बाद तीनू गोटेक औसत आयुक गणना करू जँ हैरियट एखन 21 वर्षक अछि। इसके अलावा तीन गुना अछि हैरियट सँ तीन गुना अछि आधा अछि आयुक गणना करू जँ हैरियट एखन 21 वर्षक अछि। फ़िर भी तीन वर्षक बाद तीनू गोटेक औसत आयुक गणना करू जँ हैरियट एखन 21 वर्षक अछि। इसके अलावा तीन गुना अछि हैरियट सँ तीन गुना अछि आधा अछि आयुक गणना करू जँ हैरियट एखन 21 वर्षक अछि। ओह ओह ओह! 
  चलू, एक-एक कऽ सोचैत छी। नाओमी 68 अंक प्राप्त केलक आदेश करवा या नहीं करवा केलक आदेश करवा या नहीं करवा केलक आदेश करवा या नहीं करवा केलक आदेश करवा या नहीं करवा केलक आदेश करवा या नहीं करवा केलक आदेश करवा या नहीं करवा केलक आदेश करवा या नहीं करवा केलक आदेश करवा या नहीं करवा केलक आदेश करवा या नहीं करवा केलक आदेश करवा या नहीं करवा केलक आदेश करवा या नहीं करवा केलक आदेश करवा या नहीं करवा केलक आदेश करवा या नहीं करवा केलक आदेश करवा या नहीं करवा केलक आदेश करवा या नहीं करवा केलक आदेश करवा या नहीं करवा केलक आदेश करवा या नहीं करवा क
  चलू, एक-एक कऽ सोचैत छी। कारमेन केँ क्रॉसवर्ड पूरा करबा मे १० मिनट लगैत छैक आ सुडोकू पूरा करबा मे ५ मिनट। अधिकतम समय देखाई नसले के सप्ताहान्तमे ओ ३ टा क्रॉसवर्ड आ ७ टा सुडोकू पहेलीक समाधान केलक। इच्छा करते के समय एक समय और घटे के समय के लिए उत्तर देखाई नसले के सप्ताहान्तमे ओ २ टा क्रॉसवर्ड आ ४ टा सुडोकू पहेलीक समाधान केलक। इच्छा करते के समय एक समय और घटे के समय के लिए उत्तर देखाई नसले के सप्ताहान्तमे ओ २ टा क्रॉसवर्ड आ ३ टा सुडोकू पहेलीक समाधान केलक। 
 The tank can hold 120 liters of water. If you fill the small bucket with 90 liters of water and pour it into the big tank, there will be 30 liters left in the small bucket.
  चलू, एक-एक कऽ सोचैत छी।  Firstly, we need to calculate the total number of petals in each flower. Let's assume that there are 90 flowers in total and each flower has 4 petals. Therefore, the total number of petals is 90 x 4 = 360 petals. Now, let's find out how many petals are less than 40. There are 360 petals in total, and 40 petals are less than 40, so the answer is 320 petals (360 - 40).
"  चलू, एक-एक कऽ सोचैत छी।  Firstly, let's calculate the total revenue of the company for one year.

Revenue = Number of shares x Price per share x Total number of shares issued
= 1500 x $100 x 2 (as there are two shares)
= $30,000

Now, let's calculate the cost of goods sold (COGS) for one year. COGS includes the cost of raw materials, labor, and other expenses incurred during production.

COGS = Cost of raw materials + Labor costs + Other expenses
= $50,000 (assuming a 50% markup on raw materials) + $20,000 (labor costs) + $10,000 (other expenses)
= $80,000

Next, we need to calculate the gross profit of the company for one year. Gross profit is calculated by subtracting the COGS from the revenue.

Gross Profit = Revenue - COGS
= $30,000 - $80,000
= -$50,000

However, this calculation assumes that all of the revenue generated by the company goes towards covering its operating expenses. In reality, companies often have other sources of income, such as investments or interest income, which can help offset their operating expenses. Therefore, it's important to consider these additional sources of income when calculating the net profit of the company.

To do this, we need to adjust the gross profit calculation by adding back any non-operating income the company has received over the course of the year. For example, if the company had $10,000 in interest income and $5,000 in dividends from investments, we would add those amounts back to the gross profit calculation.

Adjusted Gross Profit = Gross Profit + Non-operating income
= -$50,000 + $15,000 (interest income) + $5,000 (dividends)
= -$30,000

Finally, we can calculate the net profit of the company for one year by subtracting the operating expenses from the adjusted"
"

Carlos worked on the ship for 20 hours and earned $600 ($30/hour x 20 hours).
He spent $540 ($18/hour x 30 hours) on Benny's boat.
So, his total earnings are $600 - $540 = $60.
He spent a total of $540."
 1.2 + 0.4 + 0.2 + 0.1 + 0.05 = 2.95 days. So, in this scenario, the car reaches the destination in 2.95 days instead of 6 days.
  चलू, एक-एक कऽ सोचैत छी।  Firstly, we need to calculate the total cost of the goods purchased by James. The waterproof cardboard box costs $80, and the agnitek oil costs $20. Therefore, the total cost of the goods purchased by James is $100. Now, let's assume that James has a discount coupon worth $14 on his purchase. Since the discount coupon is equal to 14% of the total cost of the goods, James can avail a discount of $14 on his purchase. Therefore, the final cost of the goods purchased by James after applying the discount is $86 ($100 - $14).
"
Final bill amount = Total cost + Tax + Tip = $19 + $1.90 (tax) + $1.90 (tip) = $22.80
Therefore, the customer owes $22.80 for their meal."
  चलू, एक-एक कऽ सोचैत छी। कलिन्डा अपन मायक संग ३६० टुकड़ाक पहेली पर काज कऽ रहल अछि। कलिन्डा सामान्यतः प्रति मिनट ४ टा जोड़ सकैत अछि। ओकर माए सामान्यतः कालिन्डा जकाँ प्रति मिनट आधा सँ बेसी टुकड़ा रखि सकैत अछि। इसके अलावा कलिन्डा का दाना करे ताकि उसके पहेली पर काज करें या नहीं करें उसके चुनौती की जाएगी! 
"

CP = Rs 20 / 120 = Rs 0.17 per tomato

Next, let's calculate the profit made by the farmer. Profit = Revenue - Cost Price = Rs 3600 - Rs 0.17 x 120 = Rs 3583

Finally, let's find out how much money the farmer will get if he sells all his 300 baskets of tomatoes at a price of Rs 35 per basket. Total revenue = Number of baskets x Selling price = 300 x 35 = Rs 10,500

So, the farmer will get Rs 10,500 if he sells all his tomatoes at the current market price."
"

$120,000 - $240,000 = $-120,000

Therefore, Mark has lost a total of $120,000 after buying and selling all the cars."
  चलू, एक-एक कऽ सोचैत छी। काइली मंगलवारमे कते गोला एकत्र करैत अछि? 
  चलू, एक-एक कऽ सोचैत छी। 
  चलू, एक-एक कऽ सोचैत छी। पेंग्विन सूर्य स्नान करैत अछि, त्यामुळे संख्यात्मक उत्तर देखावे नाही आहेत!
"

To lose 10 kg in one week, Steve needs to create a calorie deficit of 7000 calories (10 kg x 7000 = 70,000).

Since he is already eating 6 meals per day with each meal containing 3 tomatoes, his daily tomato intake is 6 x 3 = 18 tomatoes.

To reduce his tomato intake by half, we need to divide 18 tomatoes by 2 = 9 tomatoes.

So, Steve can eat up to 9 tomatoes per day to achieve his weight loss goal while still consuming some tomatoes. However, it's important to note that reducing his current diet drastically may not be feasible or sustainable for him in the long run. A more balanced approach to weight loss would involve making gradual changes to his diet and exercise routine over time."
  चलू, एक-एक कऽ सोचैत छी। जॉन के दोस्त सभ संग बाँटबाक लेल किछु पिज्जा आदेश दैत अछि, तो उसके लिए जॉन का काम करे चाहे या नहीं, उसके लिए कुल मिला कऽ २० टा मित्र अछि, आ जॉन ई सुनिश्चित करए चाहैछ जे प्रत्येक गोटे ४ टा स्लाइस खा सकैत अछि। पिज्जा केवल ८ भागमे काटल जाइत अछि। जॉन क कतेक पिज्जा मंगबाक चाही? 
"  चलू, एक-एक कऽ सोचैत छी।  Firstly, it is not possible to calculate the exact amount of money spent on buying and using pens as there are various factors involved such as the cost of different types of pens, their durability, usage frequency, etc. Moreover, people have different preferences when it comes to choosing pens based on their personal needs and budget constraints. Therefore, estimating the total amount spent on pens would be a difficult task. However, I can provide some general information about the prices of different types of pens that may help you understand the range of costs involved. For instance, a basic ballpoint pen usually costs around Rs.50-Rs.100, while a high-end fountain pen can cost anywhere between Rs.200-Rs.500 or more. Additionally, there are also specialized pens like calligraphy pens, technical pens, and art pens that can vary greatly in price depending on their features and quality. So, without further ado, here's my answer to your question - ""How much does an average person spend on pens per year?"" Well, it's hard to give an exact figure since everyone uses pens differently and has varying spending habits. But if we consider an average annual expenditure of Rs.500-Rs.1000 (approximately USD 7-14) for a moderate user who purchases a mix of basic and premium pens, then it could be estimated that the global market size for pens is around Rs.35,000 crore (approximately USD 5 billion). Of course, this estimate might need to be adjusted upward or downward depending on individual circumstances and regional variations."
  चलू, एक-एक कऽ सोचैत छी। इन्तज़ार करें कि जॉनी अपने २० टाकाक भत्ता लऽ कऽ १० टाका आरो जोड़लक के सम्बंध में क्या है!
  चलू, एक-एक कऽ सोचैत छी। मैरी जोनसँ दू वर्ष छोट अछि, जे जेसासँ पाँच वर्ष जेठ अछि। जँ जेसा २० वर्षक अछि, तँ तीनू लड़कीक उमेरक योग की अछि? 
"

Class A - 333 students passed
Class B - 500 students passed
Class C - 250 students passed"
  चलू, एक-एक कऽ सोचैत छी। जॉन लग 54टा मिठाई अछि, तँ जेम्स सँ कतेक बेसी मिठाई जॉन लग अछि। त्यामुळे, जॉन लग 54टा मिठाई अछि, तँ जेम्स सँ कतेक बेसी मिठाई जॉन लग अछि होता आहेत.
  चलू, एक-एक कऽ सोचैत छी।  Firstly, let us consider the case where Dolly and Pandora are reading different books. In this scenario, it is possible that they may have different opinions or perspectives on various topics due to their individual experiences and knowledge gained from their respective books. However, if they were to engage in a discussion or debate on a particular topic, they could potentially learn from each other and gain new insights. For instance, if Dolly was reading a book on physics and Pandora was reading a book on biology, they could discuss the applications of these subjects in real life and how they intersect with each other. This exchange would not only broaden their understanding but also foster mutual respect for each other's viewpoints.  Secondly, suppose both Dolly and Pandora were reading the same book. In that case, they might find themselves in agreement on many points, as they would be exposed to similar ideas and concepts. They could then build upon those shared understandings and explore further into the subject matter together. For example, if they were reading a book on history, they could analyze historical events and figures together, comparing their interpretations and coming to a deeper appreciation of the past. By sharing their perspectives and collaborating on their learning, they could develop a more comprehensive understanding of the subject at hand.  Lastly, if Dolly and Pandora were reading the same book but had differing opinions on certain aspects, they could use their contrasting views as an opportunity to engage in constructive dialogue. Through open communication and active listening, they could work towards finding common ground and arriving at a more nuanced understanding of the material. By embracing diversity of thought and approaching their discussion with empathy and respect, they could deepen their connection and expand their collective knowledge.
 Proposal for More Regular Meetings Dear Club Members, I hope this email finds you well. As you know, our club has been active for several months now and we have had some great discussions and activities. However, I feel that we could do better if we met more frequently. I propose that we have a meeting once every fortnight instead of once a month. This will give us more opportunities to share ideas and collaborate on projects. Please let me know your thoughts on this proposal and any suggestions you may have. Thank you, [Your Name]. Thirdly, I will write a message on social media. Hey everyone! Just wanted to check in with you all and see how things are going. It feels like it's been ages since we last got together and I miss those days. Let's try to schedule another get-together soon, maybe once a month or so? Would love to catch up and chat again! Take care, [Your Name].
  चलू, एक-एक कऽ सोचैत छी। इच्छा करते समय एक महीना ३० दिनक छै, और एक महीना २० दिनक छै। इच्छा करते समय एक महीना ४० दिनक छै, और एक महीना २० दिनक छै। इच्छा करते समय एक महीना ६० दिनक छै, और एक महीना २० दिनक छै। इच्छा करते समय एक महीना ९० दिनक छै, और एक महीना २० दिनक छै। इच्छा करते समय एक महीना ॱ० दिनक छै, और एक महीना २० दिनक छै। इच्छा करते समय एक महीना ॲ० दिनक छै, और एक महीना २० दिनक छै। इच्छ
"

Total distance covered by all fridge units = Distance between each fridge unit on adjacent floors x Number of floors

= 5 feet x 24 floors
= 120 feet

Finally, we can see that the total height of all fridge units required is 720 feet, while the total distance covered by all fridge units is 120 feet. Therefore, the answer to the question is 600 feet."
 32 ghotas. Therefore, we can conclude that the statement is true.
  चलू, एक-एक कऽ सोचैत छी। फिल्मक लेल बहुत महग मेकअपक आवश्यकता करैत अछि आ एकरा लेल प्रतिदिन ६ घण्टाक समय लगैत अछि आ हुनका सप्ताहमे ४ बेर एकर आवश्यकता होइत अछि। फिल्म पूरा होबय मे 5 सप्ताह लगैत अछि। फिल्म समाप्त भेलाक बाद मेकअप कलाकार जीन कें १०% छूट दैत अछि कारण ओ कतेक काज केने अछि। जीन कतेक देलक? 
"

$10 + $42 = $52 per person

So, each person spent around $52 on the party."
"
The cost of buying one pound of peanuts is $1.50. If you want to buy 50 pounds of peanuts, the total cost would be $75 (50 x $1.50). So, if you have $80 and you want to buy peanuts worth $75, then you will have $5 left over ($80 - $75 = $5)."
  चलू, एक-एक कऽ सोचैत छी। सोमदिन ५ टा कुकीज खयलनि आ दोसर दिन १३ टा के साथ और इसे घण्टे के साथ वापस लगाया जाता है। ओकर बहिन सोमदिन ५ टा कुकीज खयलनि आ दोसर दिन १३ टा के साथ और इसे घण्टे के साथ वापस लगाया जाता है। उत्तर के साथ संख्यात्मक उत्तर देखा है।
