Response: Σας πρέπει να πάρετε 16 αυγά την ημέρα και να τρώετε τρία για πρωινό κάθε πρωί. Ωστόσο η Τζάνετ πολλοί φίλοι και πολλές προσπάθεια έχει να δοθεί στην αγορά των αγροτών. Έτσι, η Τζάνετ παίζει με το υπόλοιπο στην αγορά των αγροτών καθημερινά για 2 δολάρια το φρέσκο αυγό πάπιας. Σας πρέπει να πάρετε 48 αυγά στην αγορά των αγροτών (16 αυγά / ημέρα × 3 για πρωινό) και να πάρετε 8 δολάρια στην αγορά των αγροτών (2 δολάρια / φρέσκο αυγό). Έτσι, η Τζάνετ παίζει με 8 δολάρια στην αγορά των αγροτών καθημερινά.
Response: Συμφέρων είναι ότι η ρόμπα χρειάζεται 2 μπουλόνια μπλε ίνες και το μισό λευκή ίνα. Η πρώτη μπουλόνια μπλε ίνες είναι 1/4 του γεγονότος (1/4 x 2 = 0.5), andis η δεύτερη μπουλόνια μπλε ίνες είναι 1/2 του γεγονότος (1/2 x 2 = 1). Έτσι, πέρασα στην αριθμητική απάντηση:  2 μπουλόνια μπλε ίνες + 1 μπουλόνια μπλε ίνες = 3 μπουλόνια μπλε ίνες.  Το μισό λευκή ίνα είναι 1/6 του γεγονότος (1/6 x 2 = 0.33), που είναι μια μικρή απόψεις παραπληθίας.  Έτσι, πέρασα στην αριθμητική απάντηση:  3 μπουλόνια μπλε ίνες - 0.33 = 2.67 μπουλόνια μπλε 
Response: Σύμφωνα με την ερώτηση, ο Τζος αγοράζει ένα σπίτι για 80.000 δολάρια. Μετά βάζει 50.000 δολάρια για επισκευές, ο Τζос αυτό έχει προσέγγισε στην αξία του σπιτιού κατά 150%. Ωστόσο μπορεί να έχει κάποια προσέγγιση στην αξία του σπιτιού πριν την επισκευή. Έτσι, η αλтерνativa προσέγγιση είναι ότι ο Τζος έχει προσέγγισε στην αξία του σπιτιού κατά 150% αλλά δεν έχει προσέγγισε στην αξία του σπιτιού πριν την επισκευή. Η αλTERNATIVE προσέγγιση είναι ότι ο Τζος έχει προσέγγισε στην αξία του σπιτιού κατά 150%, αλλά δεν έχει προσέγγι
Response: Συνολικά, τρέχει 3 σπριντ 3 φορές την εβδομάδα, ο which means he runs 60 meters every day. So, in total, he runs 180 meters (60 x 3) during the week.
Response: Στο πρωί, η Γουέντι δίνει στα κοτόπουλα 15 φλιτζάνια τροφή. Έτσι, στο απόγευμα, δίνει στα κοτόπουλά 25 φλιτζάνια τροφής. Ωστόσο πρέπει να δώσει στις κότες της στο τελευταίο γεŰμα της ημέρας αν το μέγεθος του κοπαδιού της Γουέντι είναι 20 κοτόπουλα, θα πρέπει να δώσει 30 φλιτζάνια τροφής (25 + 5).
Response: Ως πρωτογενή η τιμή του ποτήρια 5 δολάρια. Σύμφωνα με την προσθήκη του Κάιλαρ στο μαγαζί, η τιμή του ποτήρια για το 16η ποτήριο είναι 32 δολάρια (60% της τιμής). Το συνηθισμένο κοστό του Κάιλαρ για τα 16 ποτήρια είναι 512 δολάρια (16 x 32 δολάρια).
Response: Οι Toulouse έχουν 16 πρόβατα, οι Charleston έχουν 8 πρόβατα και οι Seattle έχουν 20 πρόβατα. Σε όλο το γεγονός, οι πρόβατα των Toulouse είναι μια ακόμα μεγάλη μορφή πρόβατα προς το Σιάτλ.
Response: Σύμφωνα με τη διαθεσιμότητα του Κάρλα, η οποία διαθεσιμότησαι 200 GB διαθεσιμότητα, η Κάρλα μπορεί να κατεβάσει 200 GB / 8 = 25 GB διαθεσιμότητα. Ωστόσο η 40% του δρόμου μέσω του download είναι 20 GB (40% x 50 GB), η Κάρλα πρέπει να κατεβάσει 50 GB - 20 GB = 30 GB διαθεσιμότητα. Έτσι, η φορτία χρειάζεται για να κατεβάσετε το αρχείο είναι 30 GB.
Response: Στο πρώτο βήμα, Τζον οδηγεί για 3 ώρες με ταχύτητα 60 μίλια την ώρα. Έτσι, στο πρώτο βήμα, Τζον περνάει τις πρώτες 2 ώρες σε κίνηση. Στο δεύτερο βήμα, Τζον οδηγεί με ταχύτητα 30 μίλια την ώρα πριν μπορέσει να οδηγήσει το υπόλοιπο χρόνο των 4 ωρών. Ωστόσο που περνάει τις πρώτες 2 ώρες σε κίνηση, πρέπει να περνάει και τις πρώτες 2 ώρες σε κίνηση στο δεύτερο βήμα. Έτσι, πόσο μακριά είναι από το σπίτι του στο τέλος αυτών των 4 ωρών, είναι 160 μίλια (320 μίλια - 160 μίλια).
Response: Σύμφωνα με την ερώτηση, η Ελίζα δούλεψε 45 ώρες αυτή την εβδομάδα. Ωστόσο η τιμή της μισθού η είναι 10 δολάρια περίπου για την πρώτη 40 ώρες που δουλεύει, και 1,2 φορές μεγαλύτερo από το κανονικό ωρομίσθιο για τα υπερωριών που λαμβάνει. Το κανονικό ωρομίσθιο είναι 100 δολάρια. Συμπεράν από τα προηγμένα, η Ελίζα έχει κάνει 120 δολάρια (100 + 20). Έτσι, η κατάσταση της Ελίζας είναι 120 δολάρια.
Response: Στο πρώτο μήνα, το πρόγραμμα έχει 60 λήψεις. Στη συνέχεια, η μεταβολή των λήψεων είναι τριπλάσιος από τον πρώτο μήνα (30%). Ωστόσο, η τotal number of observations στη συνέχεια μειώθηκε κατά 30%. Το πρόγραμμα έχει πληθυνθεί στη συνέχεια με 50% (30/60). Στη συνέχεια, η λήψεις του πρόγραμμα είναι 240 (60 x 0.5 = 30).
Response: Ο Σταθμός 1 πρέπει να πωλεί 3 ντουζίνες ντόνατς που κοστίζουν 68 δολάρια το ένα. Ωστόσο ο Σταθμός 2 πρέπει να πωλεί 2 ντουζίνες μίνι κέικ που κοστίζουν 80 δολάρια το ένα. Ωστόσο ο Σταθμός 3 πρέπει να πωλεί 6 ντουζίνες μίνι τυροπιτάκια που κοστίζουν 55 δολάρια το ένα. Σημειώθηκαν ότι ο Σταθμός 1 και ο Σταθμός 2 πρέπει να πωλεί μια χρώματα που κοστίζουν 148 δολάρια (68 + 80). Σημειώθηκαν ότι ο Σταθμός 3 πρέπει να πωλεί μια χρώματα που κοστίζουν 395 δολάρια (55 + 340). Σημειώθηκαν ότι ο Σταθμός 1 και ο Σ
Response: Σύμφωνα με τη διαθεσιμότητα μας, ο Κάρλος θα φυτεύσει μια λεμονόδεντρα για 90 δολάρια. Ωστόσο ο Κάρλος θα περάσει 3 δολάρια για να ποτίζει και να ταΐζει το δέντρο. Έτσι, πριν αρχίσει να βγάζει λεфτά από την λεμονιά, θα περάσει 6 χρόνια (3 χρόνια × 2 λεμόνια).
Response: Η Μέλανι έχει 5 ηλεκτρικές σκούπες. Σε πόρτα έχει 3 σκούπες (δύο στο πράσινο σπίτι και ένα στο κόκκινο). Το μισό από ό, τι είχε μείνει στο πορτοκαλί σπίτι, είναι ένα σκοúπες. Έτσι, η Μέλανι έχει 5 - 3 = 2 ηλεκτρικές σκούπες που έχουν περάσει από την εγγενές της στο πορτοκαλί σπίτι.
Response: Το 10% των μαθητών (2/20) ήταν εγγεγραμμένοι στον σύγχρονο χορό. Οι 25% των υπόλοιπων μαθητών (5/20) ήταν εγγεγραμμένοι στον χορό τζαζ. Ωστόσο οι υπόλοιποι μαθητёς (7/20) ήταν εγγεγραμμένοι στο χορό χιπ-χοπ. Έτσι, το 25% των μαθητών (5/20) ήταν εγγεγραμμένοι στον χορό τζαζ, ενώ οι 7/20 υπόλοιποι μαθητών ήταν εγγεγραμμένοι στο χορό χιπ-χοπ.
Response: Ως ο οικονομικός του σύμβοуλος υποθέτει, η αγορά κοσμημάτων θα αυξηθεί κατά 2,5% ενώ η αγορά ηλεκτρονικών συσκευών θα αυξηθεί κατά 1,2% μέσα στον ίδιο μήνα. Σε όψη που ο έμπορος θέλει να μεγιστοποιήσει το κέρδος στο τέλος του μήνα, θα πρέπει να προσθέσει στην αγορά κοσμημάτων 2,5% από την αγορά προηγούμενων μήνων (2,5%) και στην αγορά ηλεκτρονικών συσκευών 1,2% από την αγορά προηγούμενων μήνων (1,2%). Το κέρδος του έμπορου θα είναι η διαφορά μεταξύ των δύο προηγούμενων μήνων.  Πολλοί είναι οι προοπτικές που μπορεί ν
Response: Για το πρώτο τρένο, η απόσταση που καλύφθηκε από το Σαν Ραφαél ήταν 80 μίλια. Η επόμενη μέρα, ο δεύτερο τρένο καλύφθηκε από το πρώτο τρένο σε δύο ημέρες, όπως μπορείτε να δείτε στη συνέψη.
Response: Σύμφωνα με τη διαθεσιμότητα της Τζιλ, η πρώτη ηλικία που δεν πρέπει να προσθέσει στην προσέγγιση είναι η 50 εβδομάδες. Ωστόσο η Τζιλ δεν έχει προσθέσει κανένα προσέγγιση για την προσέγγιση της, ο μισθός της είναι 0 δολάρια. Σύμφωνα με την επόμενη ηλικία, η Τζιλ πρέπει να προσθέσει ένα προσέγγιση για την προσέγγιση της, που θα είναι 35 ώρες την εβδομάδα ως δασκάλα και 15 ώρες την εβδομάδα ως προπονητής. Ο μισθός της για την προσέγγιση της θα είναι 70 δολάρια (35 ώρες × 2 δολάρια/ώρα + 15 ώρες × 3 δολ
Response: Συμφέροντος είναι ότι η Kler θα φάει 3 αυγά κάθε πρωί για πρωινό. Ωστόσο θα φάει δεκάδες αυγά σε 4 εβδομάδες. Σε πρωί 1, θα φάει 3 αυγά. Σε πρωί 2, θα φάει 6 αυγά. Σε πρωί 3, θα φάει 9 αυγά. Σε πρωί 4, θα φάει 15 αυγά. Έτσι, η Kler θα φάει δεκάδες αυγά σε 4 εβδομάδες.
Response: Στο πρώτο βήμα, η Μαρίσα έχει να περπατήσει 4 μίλια. Για να περπατήσει τα επόμενα δύο μίλια, θα χρειάζεται 30 μινιτες (μιλίων). Έτσι, η ταχύτητα που χρειάζεται για να περπατήσει την υπόλοιπη απόσταση είναι 30/4 = 7,5 μιλίων.
"Response: Σας έχουμε 10 λίτρα πορτοκαλί ποτό (πρωτογενή ζωμένη πορτοκαλί). Ωστόσο προς την ερώτηση σας, μπορείτε να προσθέσετε 15 λίτρα ανανά ποτό (πρωτογενή ζωμένη ποτό) στο ποτό που έχει 10 λίτρα. Τότε θα έχει 25 λίτρα ανανά ποτό (πρωτογενή ζωμένη ποτό). Η διαθεσιμότητα των νερίων είναι 24 λίτρα.  
Σας προσθέσετε 15 λίτρα ανανά ποτό στο ποτό που έχει 10 λίτρα, και θα έχει 25 λίτρα ανανά ποτό (πρωτογενή ζωμένη ποτό)."
Response: Ο Ρέιμοντ γεννήθηκε 6 χρόνια πριν τη Σαμάνθα, ο which means he was born in 1985 and she was born in 1990. So the difference between their ages is 5 years (1990 - 1985 = 5).
Response: Ο Μπίλι πουλάει DVD. Έχει 8 πελάτες την Τρίτη. Οι πρώτοι 3 πελάτες του αγοράζουν ένα DVD ο καθένας. Συμπεράνω που οι επόμενοι δύο πελάτες του αγοράζουν 2 DVD ο καθένας. Ωστόσο οι τρεις τελευταίοι πελάτες δεν αγοράζουν DVD. Σε όλα αυτά, ο Μπίλι πουλάει 16 DVD (8 x 2).
Response: Σύμφωνα με την ερώτηση, ένα κερί λιώνει κατά 2 εκατοστά κάθε ώρα που καίγεται. Ωστόσο η καύση είναι 1:00 πμ - 5:00 πμ, θα είναι μικρότερο ένα κερί μετά από την καύση από 3:00 πμ. Συμπεράν από την καύση, θα είναι 360 εκατοστά (360/14 = 25.71).
Response: Το βιβλίο έχει ξεκίνησε από την αρχική τιμή του $20. Συμπεράν από την έκπτωση 25%, το βιβλίο έχει καλύτερα πωλήθηκε για $19,50.
Response: Η Μαρί παρήγγειλε ένα γεύμα κοτόπουλου που κοστίζει 12 δολάρια, που είναι η πρώτη προσπάθεια. Ο κοστός του γεύμα είναι 12 × 8,50 = 102 δολάρια. Συνολικά, η Μαρί πλήρωσε 50 δολάρια, οπόσο και η χρήση των 4 μήλα (4 × 8,50 = 34 δολάρια) και των μερικών κουτιά πίτσα (που οπόσο και κοστίζουν 8,50 δολάρια). Το σύμβουλο προς την Μαρί είναι 102 + 34 + 8,50 = 144,50 δολάρια.
Response: Ο Μίσκα αγόρασε 3 ζευγάρια σορτσάκια, 3 ζευγάρια παντελόνια και 3 ζευγάρια παπούτσια. Σε καθεστώς, ο Μίσκα έχει παραγωγή των 3 ζευγάρια σορτσάκια με το κοστό 16,50 δολάρια. Ωστόσο ο Μίσκα δεν έχει παραγωγή των 3 ζευγάρια παντελόνια και των 3 ζευγάρια παπούτσια. Το κοστό των 3 ζευγάρια παντελόνια και των 3 ζευγάρια παπούτσια είναι 22,50 δολάρια + 42 δολάρια = 64,50 δολάρια. Σε συνέπεια, ο Μίσκα ξόδεψε 64,50 δολάρια για όλα τα ρούχα.
Response: Πρώτο χρόνο, η Σίνθια προσέγγιζει στην επιλογή του παγωτού. Το παγωτό είναι μια μερίδα παγωτό κάθε βράδυ, οπόσο και η Σίνθια προσέγγιζει στην επιλογή του παγωτού. Δεν έχει προσέγγιση στην επιλογή του παγωτού. Σύμφωνα με την ερώτηση, η Σίνθια προσέγγιζει στην επιλογή του παγωτού με 15 μερίδες παγωτό ανά κουτί. Ωστόσο η Σίνθια προσέγγιζει στην επιλογή του παγωτού με κόστος 4 δολάρια το κουτί, οπόσο και η Σίνθια προσέγγιζει στην επιλογή του παγωτού με 15 μερίδες παγωτό ανά κουτί. Σύμφωνα με την ερώτησ
Response: Το Χένρι έκανε δύο στάσεις κατά τη διάρκεια του ταξιδιού. Η πρώτη στάση ήται 20 μίλια πριν το τέλος του ταξιδιού, και η δεύτερη στάση ήται 15 μίλια πριν το τέλος του ταξιδιού. Ωστόσως, η χρονική διαστάσεως των δύο στάσεων είναι 5 μίλια (15 - 20).
Response: Το πρώτο ζευγάρι τακούνια κοστίζει 33 δολάρια, ο δεύτερος κοστίζει το διπλάσιο (που είναι περίπου 50% περισσότερα). Συμπεράν από τα δύο ζευγάρια, οι μπότες κοστίζουν 16.5 δολάρια (33 + 50%).
"Response: Στις 7:11 των πρωί, η ηλικία του Ντάρελ ήταν 73 χρόνια. Στις 7:11 των πρωί + 10 χρόνια (162 - 73 = 89), η ηλικία του Άλεν ήταν 53 χρόνια.  
Therefore, the age of Allen at 7:11 AM was 53 years old."
Response: Ως ο Γκούντερ έχει προσπαθεί να μετρήσει τα ζελέ σε ένα βάζο, ρωτάει τους φίλους του πόσοι νομίζουν ότι είναι στο βάζο. Η πρώτη απάντηση είναι 80, η δεύτερη είναι 20 περισσότερα από το μισό του πρώτου, η τρίτη είναι 25% περισσότερο από τον πρώτο. Το μέσο όρο είναι 62,5 (80 + 20 - 25%).
"Response: Συμφωνώς με την ερώτηση, each skylark needs 0.5 hours of walking and thinking per day. Since there are 10 skylarks in total, they need a total of 5 hours of walking and thinking per day. Now, let's calculate the number of minutes per hour for each skylark:

Minutes/hour = Hours/day x 60

So, if we multiply the number of hours per day by 60, we get the number of minutes per hour for each skylark:

Minutes/hour = 5 hours/day x 60 = 300 minutes/day

Therefore, each skylark spends approximately 300 minutes (or 5 hours) per day walking and thinking."
Response: Η Γκρέτσεν έχει 140 νομίσματα. Δεν έχει χρυσά νομίσματα.
Response: Ως ο Ααρον έχει 5 περισσότερα κοσμήματα από τα μισά του Ρέιμοντ, ο Ρέιμοντ έχει 40 κοσμήματα. Σιόβαν έχει δύο λιγότερα κοσμήματα από τον Άαρον, ο which means she has 36 less cosmetics than the Reimon.
Response: Στα πρώτa 20 λεπτά, ο Μάικ σκοράρει 4 πόντους (έχουν σκοράρει 1/5 των 40 λεπτών). Στα δεύτερα 20 λεπτά, ο Μάικ σκοράρει 25% περισσότερους πόντους (έχουν σκοράρει 1/4 των 40 λεπτών). Συνολικά, ο Μάικ σκόραρε 8 πόντα (έχουν σκοράρει 3/5 των 40 λεπτών).
"Response: Σε γιαούρτι 2 τρώει το Τέρι, ο ποσός χρειαζότησε για 30 μέρες είναι:  
1. Δεν χρειαζότησε για 30 μέρες, όταν τρώει 2 γιαούρτι σε μία ημέρα.  
2. Χρειαζότησε για 60 μέρες, όταν τρώει 4 γιαούρτι σε 4 ημέρες."
Response: Τζον έχει 13 σετ Lego και πουλάει 8 βιντεοπαιχνίδια για 20 δολάρια το καθένα. Συμπεράνω έχει 5 δολάρια. Σε λόγο του πουλήσει όλα τα παιχνίδια του και να χρησιμοποιήσει τα χρήματα για να αγοράσει βιντεοπαιχνίδια, Τζον έχει 17 σετ Lego ακόμα (13 + 5).
Response: Τζον τρέχει 100 χιλιόμετρα την εβδομάδα, όπως είπαμε. Συμφέροντος είναι ότι τρέχει 3 μέρες την εβδομάδα. Η πρώτη μέρα τρέχει 3 ώρες, όπως είπαμε, και η άλλη δύο μέρες τρέχουν μισή ώρα. Συμφέροντος είναι ότι τζον τρέχει 3 ώρες στην πρώτη μέρα και μισή ώρα στα δύο άλλα μέρα. Έτσι, τζον τρέχει 3 + 3 = 6 ώρες στην εβδομάδα.
Response: Δεν μπορεί να τρέχει με ρυθμό τέσσερις φορές πιο γρήγορο από ό,τι μπορεί να περπατήσει, αλλά μπορεί να κάνει άλματα με ρυθμό που είναι το μισό από το ρυθμό που μπορεί να τρέξει. Ωστόσως, η Ντέινα μπορεί να πηδήξει με 3 μίλια την ώρα, πόσα μίλια μπορεί να ταξιδέψει σε έξι ώρες αν ξοδεύει το ένα τρίτο του χρόνου τρέχοντας και τα δύο τρίτα του χρόνου περπατώντας. Σε όσο περιέχει η Ντέινα τη δυνατότητα να κάνει αλλαγές στη σχέση του χρόνου της, μπορεί να κάνει άλλα πράγματα που είναι πιο γρήγορα που μπορ
Response: Το iPhone της Suzy είναι 1 χρόνου, οτότε το iPhone του Brandon είναι 2 χρόνων.
Response: Ωστόσο που η Πόλι κρατούσε το ζαφείρι, μπορούσε να πετάξει το δόρυ τρεις φορές πιο μακριά από ό, τι όταν δεν κρατούσε το πετράδι. Σε απόσταση 400 ποδιών, η Πόλι μπορούσε να σταθεί και να χτυπήσει τον δράκο με το χρυσό ακόντιο. Αλλά όταν η Πόλι κρατούσε το πετράδι, μπορούσε να πετάξει το δόρυ τρεις φορές πιο μακριά από ό, τι όταν δεν κρατούσε το πετράδι. Σε απόσταση 300 μέτρων, η Πόλι μπορούσε να σταθεί και να χτυπήσει τον δράκο με το χρυσό ακόντιο. Το πλήθος των φλόγων του δράκου είναι 300 μέτρων, ο δρ
Response: Ο Γιαγιά Τζόουνς έφτιαξε 5 μηλόπιτες για το γεύμα του πυροσβέστη. Όταν έκοψε κάθε πίτα σε 8 κομμάτια, έθεσε τις πέντε πίτες στο τραπέζι του μπουφέ για να τις σερβίρουν οι καλεσμένοι. Στο τέλος της βραδιάς, αφού οι καλεσμένοι είχαν πάρει και φάει τα κομμάτια της πίτας τους, είχαν απομείνει 14 κομμάτια πίτας. Ωστόσως, οι καλεσμένοι έπεσαν 14 x 8 = 112 κομμάτια πίτας.
Response: Ωστόσο πρέπει να δείξουμε ότι η πληροφορία διατροφής είναι μια πληροφορία που μπορεί να καταναλωθεί στις θερμίδες που έχουμε.  Η πληροφορία διατροφής είναι η διαθεσιμότητα της ψυχρής ή της ζωής που έχουμε να διαθεσιμώσουμε για να καταναλωθεί τα θερμίδα.  Έχουμε να δείξουμε ότι η πληροφορία διατροφής είναι μια πληροφορία που μπορεί να καταναλωθεί στις θερμίδες που έχουμε.  Το σακί τσιπς έχει 250 θερμίδες ανά μερίδα, που είναι μια μεγάλη πληροφορία διατροφής.  Αν μια τσάντα 300 γραμμάρια έχει 5 μερίδες
Response: Ως πρωτογενή η ερώτηση, ο Τσάρλι θέλει να πουλήσει κεριά μελισσού. Σε όλα τα κεριά που πουλάει, ο Τσάρλι θα παίξει 10 κεριά. Ωστόσο που πουλάει κάθε κερί για 2 δολάρια, θα έχει και 20 κεριά (10 x 2 = 20). Σε συνέπεια, ο Τσάρλι θα έχει και 40 δολάρια (20 x 2 = 40) και θα έχει και 80 κεριά (20 x 4 = 80). Αν πουλάει κάθε κερί για 2 δολάρια, θα έχει και 160 δολάρια (80 x 2 = 160) και θα έχει και 320 κεριά (80 x 4 = 320).
Response: Στις 10 ημέρες περιγραφής της Μέρεντιθ, έγραψε 5 άρθρα τη Δευτέρα και 2/5 φορές περισσότερα άρθρα την Τρίτη. Ωστόσο η Μέρεντιθ είναι μια ανεξάρτητη blogger, δεν έχει περιγραφή της ώρας που πέρασε γράφοντας άρθρα. Προς την απάντηση σας, δεν μπορώ να προσθέσω μια προσωπική περιγραφή για την Μέρεντιθ και την ώρα που πέρασε γράφοντας άρθρα.
Response: Ωστόσο που έβαλε 80 σημειώματα στην τσάντα πριν πάει στη δουλειά, έβαλε 140 σημειώματα Post-it στο πακέτο που αγόρασε (220 - 80 = 140).
Response: Ως ο Τζον αγοράζει διπλάσιες κόκκινες γραβάτες από τις μπλε, οι κόκκινες γραβάτες κοστίζουν 50% περισσότερο από τις μπλε. Σε όλο το παραδοχές των 200 δολάρια, ο Τζον πρέπει να παραγωγήσει 160 δολάρια (50% x 200 δολάρια) για μπλε γραβάτες που κοστίζουν 40 δολάρια η μία. Έτσι, ο Τζον πρέπει να παραγωγήσει 80 δολάρια (160 - 80 = 80 δολάρια) για τα διπλάσια κόκκινα γραβάτα.
Response: Σύρμα 1 μέτρου χρησιμοποίησε 6 ίντσες (0,33 m³) για να στηρίξει τα φυτά ντομάτας στον κήπο.
"Response: Σε καθείς ορόφος, η ποσότητα των άδειου χώρων είναι τα  followings:

1. Ground floor: 20% of the total area (160 sqm)
2. First floor: 30% of the total area (240 sqm)
3. Second floor: 20% of the total area (160 sqm)
4. Third floor: 10% of the total area (80 sqm)
5. Roof: 20% of the total area (160 sqm)

So, in summary, there are a total of 5 different areas with different percentages of the total area of the building."
Response: Το Λόιντ έχει μια φάρμα αυγών που παράγει 252 αυγά την ημέρα. Ωστόσως, οι κότες του παράγουν 252 αυγά την ημέρα, οπόσο και οι πουλάει για 2 δολάρια την ντουζίνα. Σε όψη που ο Λόιντ παράγει 252 αυγά την ημέρα, όλα τα αυγά που παράγει προς το δολάριο είναι 100%. Ωστόσως, ο Λόιντ παράγει 252 αυγά την ημέρα, οπόσο και οι πουλάει για 2 δολάρια την ντουζίνα. Σε όψη που ο Λόιντ παράγει 252 αυγά την ημέρα, ο Λόιντ παράγει 100% των 252 αυγά που παράγει για 2 δολάρια την ντουζίνα. Αυτό μας μεταφραστεί σε 100% των 2
Response: Σύμφωνα με τη διαθεσιμότητα του πλοίου, ο Tom μπορεί να ταξιδέψει με 10 μίλια την ώρα. Ωστόσο η ταχύτητα του πλοίου είναι 6 μίλια, θα πλεύσει από 1 ως 4 μμ. Έτσι, πόσο καιρό θα πάρει να γυρίσει, θα είναι 2 ωραία (4 μμ - 1 ωρα).
Response: Ως η τσάντα του Ουρία 15 κιλά, τα κόμικς του ζυγίζουν ένα κιλό το καθένα. Συμπεράνω που η τσάντα του Ουρία γίνεται πολύ βαριά, η απάντηση πρέπει να είναι πολύ βαριά και να χρειάζεται να αφαιρέσει 30 κόμικς. Έτσι, η απάντηση πρέπει να είναι:  30 - 15 = 15 κόμικς.  Λόγω ότι η τσάντα του Ουρία γίνεται πολύ βαριά, η απάντηση πρέπει να είναι πολύ βαριά και να χρειάζεται να αφαιρέσει 30 κόμικς.
Response: Σήμερα (Πέμπτη), ο μηχανικός επισκευάζει 6 ελαστικά φορτηγών και 4 ελαστικά αυτοκινήτων. Ωστόσο που η τιμή που χρεώνει για κάθε ελαστικό φορτηγό ή για κάθε ελαστικό αυτοκινήτο είναι 60 δολάρια, ο μηχανικός έχει περισσότερα έσοδα στην ημέρα που επισκευάζει περισσότερα αυτοκίνητα. Σημερινά (Παρασκευή), ο μηχανικός επισκευάζει 12 αυτοκίνητα και δεν επισκευάζει κανένα λάστιχο φορτηγό. Ωστόσο που η τιμή που χρεώνει για κάθε αυτοκίνητο είναι 40 δολάρια, ο μηχανικός έχει περισσότερα έσοδα στην ημέρα που επισκευ
Response: Η Πατσί, η πρώτη γάτα, έχει τρεις φορές τον αριθμό των υιοθετημένων γατών, ενώ η Τρίξι, η άλλη γάτα, έχει 12. Συμπεράν από την πρώτη φορά, η Πατσί έχει 3 γατάκια, ενώ η Τρίξι έχει 9. Έτσι, η οικογένεια Ντάουτφάιρ έχει συνεχίσει να ενημερώθηκε για τη διαθεσιμότητα των γατάκια της.
Response: Ο Ζαν έχει 30 γλειφιτζούρια. Ωστόσο ο Ζαν τρώει δύο από τα γλειφιτζούρια. Συμπεράνω μαζί μας έχουμε 28 γλειφιτζούρια. Έχουμε να διαθέσιμοι 26 γλειφιτζούρια. Σύμφωνα με την ερώτηση, η Τζιν μπορεί να γεμίσει 14 τσάντες (26 - 12 = 14).
Response: Ως ο Peter έχει 42 δολάρια, μπορεί να πάει σινεμά 7 φορές. Συμπεραίως, παίρνει ένα εισιτήριο για 7 δολάρια και ποπκόρν για 7 δολάρια, ο which totals to 14 dolars. Therefore, Peter can go on a sinema 3 times with the money he has.
Response: Σύμφωνα με την ερώτηση, ο μέγιστos αριθμός κουτιών που μπορούν να φορτωθούν στο φορτηγό χωρίς να υπερβαίνει το όριο βάρους της γέφυρας είναι 3.625 λίβρες.
"Response: Η τελική τιμή των ψώνων του Στήβεν ήταν:  
1. Τελικός λογαριασμός = $40.00 x (1 + 0.25) = $50.00
2. Πρόσθεσαν το 25% στο τελικό ποσό = $50.00 x 0.25 = $12.50
3. Χρέωσαν 3 δολάρια = -$3.00
4. Φιλοδώρημα = $4.00
5. Τελική τιμή των ψώνων = $50.00 - $12.50 + $3.00 - $4.00 = $31.50

Therefore, the final cost of the items to Stephen was $31.50."
Response: Σύμφωνα με την ερώτηση, το θάμνος βατόμουρου έχει 6 σμήνη από 20 καρπούς το καθένα (6/20 = 0.3) και 67 μεμονωμένα φρούτα διάσπαρτα σε όλο τον θάμνο (67/1 = 67). Συνολικά, υπάρχουν 6 + 67 = 73 σμήνη συνολικά.
Response: Τα portokaliia (πορτοκάλια) είναι γεωμετρικά μεγάλα και πρέπει να μπορεί να είναι καλά ή κακά.  Η ερώτηση σας είναι πολύ σημανtha και πρέπει να μπορεί να είναι καλά ή κακά.  Σας πρέπει να προσθέσετε περισσότερα πληροφοριών για την ερώτηση σας, ώστε να μπορεί να μας δείψετε να προσθέσετε μια αριθμητική απάντηση.
"Response: Σύμφωνα με τη διαθέσιμα πληρωτική πληρωσή, η Τζάνετ αγοράζει μια καρφίτσα για την κόρη της. Πληρώνει 500 δολάρια για το υλικό για να το φτιάξει και μετά άλλα 800 δολάρια για τον κοσμηματοποιό να το κατασκευάσει. Μετά, πληρώνει το 10% για να το ασφαλίσει. Συνεχίζονται πληρωτικά πληρωσές:  
1. 500 δολάρια για το υλικό (πληρωτική πληρωσή) = 500 δολάρια  
2. 800 δολάρια για τον κοσμηματοποιό (πληρωτική πληρωσή) = 800 δολάρια  
3. 100 δολάρια για τη διαθέσιμα πληρωτική πληρωσή = 100 δολάρια  
Total amount paid by Jane = 1400 δολάρι"
Response: Η Μάρσι δουλεύει για την ίδια εταιρεία για 40 χρόνια, οπότε η ηλικία της είναι 60 ετών (18 + 40). Παίρνει ετήσια σύνταξη 50.000 δολαρίων, όπως συμβατίζει η καθορισμένη σύνταξη 5%. Σύμφωνα με την καθορισμένη σύνταξη, η ετήσια σύνταξή της είναι 25.000 δολαρίων (50.000 - 25.000), που είναι η μεταβλητική σύνταξη για την ηλικία της (18 ετών). Ωστόσο παραιτηθεί μετά από 30 χρόνια, οι προσέγγισες που αφορά την ηλικία της είναι ακόμα ενεργειακές. Το πλήθος των 20 ετών που δικαιούται 5% της αξίας της σύνταξης ανά έτος, 
Response: Στο πρώτο εξάμηνο του έτους, η εταιρεία ροής χρεώσει 140 δολάρια (αριθμός 1). Στη συνέχεια, η εταιρεία ροής χρεώσει 10% λιγότερα χρήματα (αριθμός 2) για το άλλο εξάμηνο του έτους, οπότε η πληρωμή για την υπηρεσία ροής που έχει πληρωθεί μέχρι το τέλος του έτους θα είναι 136 δολάρια (αριθμός 3). Σύμφωνα με την ερώτηση, η συνολική πληρωμή για την υπηρεσία ροής μέχρι το τέλος του έτους θα είναι 1360 δολάρια (αριθμός 4).
Response: Η Σοфиα έχει ταξιδέψει 160 χιλιόμετρα από την τελευταία φορά που γέμισε την δεξαμενή της. Ωστόσο η δεξαμενή της χωράει 12 γαλόνια βενζίνης, οπóσο λέει το εγχειρίδιο του αυτοκινήτου. Με άλλα λόγια, η Σοφία μπορεί να κάνει 14 γαλόνια βενζίνη (160 - 12 = 14).
Response: Ωστόσως, ο Τζιμ βλέπει τηλεόραση 2 ώρες και μετά πηγαίνει για ύπνο και διαβάζει για το μισό χρόνο. Σε 4 εβδομάδες, ο Τζιμ βλέπει τηλεόραση 8 ώρες (2 ώρες x 4 εβδομάδες).
Response: Σχολεία: 100 σχολεία που ανταγωνίζονται σε ένα τουρνουά μπάσκετ. Ομάδες: 400 ομάδες (5 παίκτες/ομάδα) που έχουν στείλει όλα τα σχολεία. Προπονητές: 200 προπονητές (ένα/σχολείο) που έχουν στείλει όλα τα σχολεία και όλα τα ομάδα. Τotal number of people involved in the tournament is: 1600 (100 schools x 400 teams x 200 coaches).
Response: Τα θησαυροφυλάκια είναι πλούσια πολύτιμους λίθους, και η ζωή τους είναι προς την προσέγγιση των πετράδιων. Η προσέγγιση των πετράδιων στο θησαυροφυλάκιο είναι προς την προσέγγιση των λίθων. Ωστόσο η ζωή τους είναι προς την προσέγγιση των πετράδιων, η προσέγγιση των πετράδιων στο θησαυροφυλάκιο είναι προς την προσέγγιση των λίθων. Σύμφωνα με την ερώτηση, η απάντηση είναι προς την προσέγγιση των πετράδιων.
Response: Συμπεραίως, εсли υπάρχουν 60 κορίτσια και 5 μαθητές για κάθε δάσκαλο, τότε υπάρχουν 120 δάσκαλοι (60 x 2).
Response: Στο πρώτο βήμα, η Μπέιλι ξεκινάει με 0 δολάρια. Στο δεύτερο βήμα, λαμβάνει 5 δολάρια επιδότηση. Στο τρίτο βήμα, λαμβάνει 5 δολάρια επιδότηση + 5 δολάρια από τη συγκεκριμένη ποσό χρημάτων (που είναι 50 δολάρια). Στο εύτερο βήμα, λαμβάνει 5 δολάρια επιδότηση + 5 δολάρια από τη συγκεκριμένη ποσό χρημάτων (που είναι 100 δολάρια), και στο πένθειμο βήμα, λαμβάνει 5 δολάρια επιδότηση + 5 δολάρια από τη συγκεκριμένη ποσό χρημάτων (που είναι 200 δολάρια). Στο πένθειμο βήμα, η Μπέιλι ξεκινάει με 300 δολάρια (500 - 200 =
Response: Σε κάθε μέρα της εβδομάδας, η Τζούντι διδάσκει 5 μαθήματα χορού. Ωστόσως, η καθημερινή σχολή έχει 8 μαθητές, ενώ η σχολή του Σάββατο έχει 15 μαθητές. Σε κάθε μέρα της εβδομάδας, η Τζούντι πρέπει να παίξει 5 μαθήματα χορού, ενώ η καθημερινή σχολή πρέπει να παίξει 8 μαθήματα και η σχολή του Σάββατο πρέπει να παίξει 15 μαθήματα. Σε κάθε μέρα της εβδομάδας, η Τζούντι πρέπει να παίξει $ 15.00 ανά μαθητή. Έτσι, σε 1 εβδομάδα, η Τζούντι πρέπει να παίξει $ 75.00 (5 x $ 15.00).
Response: Η πρώτη συνταγή με 20 οδηγίες πρέπει να διαβάσει ο Κέλιαν για να ετοιμάσει τα πιάτα. Σας πρέπει να διαβάσετε και να προσθέσετε τα πιάτα στην κατάσταση που έχει προσθέσει. Η δεύτερη συνταγή με διπλάσιες οδηγίες από την πρώτη πρέπει να διαβάσει ο Κέλιαν για να ετοιμάσει τα πιάτα που έχει προσθέσει. Σας πρέπει να διαβάσετε και να προσθέσετε τα πιάτα στην κατάσταση που έχει προσθέσει.
Response: Ο Τόμι πουλάει 43 μπράουνις και 23 φέτες τυροπιτάκι. Σε όλο το πρόσωπο του πουλώντας μπράουνις και cheesecakes, ο Τόμι πουλάει 176 μπράουνις (43 x 4) και 98 φέτες τυροπιτάκι (23 x 4). Ωστόσο ο Τόμι πουλάει 3 δολάρια το κομμάτι, οι χρήματα που πουλάει ο Τόμι είναι 170 δολάρια (176 - 3 = 170).
Response: Για τη δολάρια 150 τηλέφωνα, η Σίλα θα πληρώνει τόκος 2% (€30) στο καθένα μονάδα. Για τη δόση τριών μηνών, η Σίλα θα πληρώνει €450 (€150 x 3). Σε καθεστώς, η Σίλα θα πληρώνει €750 (€450 + €30) για τη δόση τριών μηνών για 3 μήνες.
Response: Ως ο Άρτι πουλάει τρία είδη λουλουδιών (μαργαρίδες, πετούνια και μπεγόνια), θα πουλήσει σήμερα 12 γλάστρες μαργαρίδες, 9 γλάστρες πετούνια και 17 γλάστρες μπεγόνια. Το σύμβολο είναι ότι ο Άρτι πουλήσει 38 γλάστρες λουλουδιών σήμερα.
Response: Σύμφωνα με την ερώτηση, ο Λουκ περνάει χρόνο στην παραλία χτίζοντας κάστρα από άμμο. Ωστόσο η μέση έκταση ενός επιπέδου δεν είναι πλέον το μισό τετραγωνικό μέγεθος του επιπέδου κάτω από αυτό. Η μέση έκταση ενός επιπέδου είναι η μέση έκταση των τετραγωνικών ποδιών του επιπέδου. Συμπεράν από την ερώτηση, η μέση Έκταση ενός επιπέδου είναι 16 τετραγωνικών ποδιών.
Response: Σύμφωνα με την ερώτηση, η Σεσίλια θα χρησιμοποιήσει 110 φλιτζάνια τροφής σκύλου στο πρώτο χρόνο. Ωστόσο η Σεσίλια θα χρησιμοποιήσει 2 φλιτζάνια σκυλοτροφή κάθε μέρα για το υπόλοιπο της ζωής του. Σύμφωνα με την ερώτηση, η Σεσίλια θα χρησιμοποιήσει σακούλες τροφής σκύλου περιέχουσες 110 φλιτζάνια στο πρώτο χρόνο.
Response: Ο Ρέιμοντ κάνει το μισό πλυντήριο από τη Σάρα 10 φορές, ενώ η Σάρα κάνει 4 φορές το πλυντήριο από τον Ντέιβιντ. Το πλυντήριο που κάνει ο Ρέιμοντ είναι μια ποσότητα πλυντηρίων που είναι μια ποσότητα πλυντηρίων που είναι μια ποσότητα πλυντηρίων που είναι μια ποσότητα πλυντηρίων... etc. Όταν η Σάρα κάνει 400 κιλά πλυντηρίων, η διαφορά στην ποσότητα πλυντηρίων που κάνει ο Ρέιμοντ και ο Ντέιβιντ είναι 400/10 = 40 κιλά. Έτσι, η διαφορά στην ποσότητα πλυντηρίων που κάνουν οι δύο είναι 40 κιλά.
Response: Ως πρωτογενή η τιμή των λουλούδιων είναι 2,50 δολάρια. Αν ο  VBINSENT θέλει να αγοράσει λουλούδια σε πακέτα τριών, τότε θα πρέπει να πήγει 30 λουλούδια (3 x 10 = 30). Αν ο VBINSENT θέλει να αγοράσει λουλούδια σε πακέτα δύο, τότε θα πρέπει να πήγει 60 λουλούδια (2 x 30 = 60). Σε όψη με την πρώτη προσέγγιση, ο VBINSENT θα πρέπει να πήγει 30 λουλούδια. Σε όψη με την δεύτερη προσέγγιση, ο VBINSENT θα πρέπει να πήγει 60 λουλούδια.
Response: Το σκυλί κοστίζει 100 δολάρια. Ως ο καλλωπιστής προσφέρει έκπτωση 30%, τότε η τιμή του μαλλί χρON 30%. Συμπεραίνει ότι η τιμή του μαλλί είναι 70 δολάρια (30% του 100).
Response: Στο πρώτο χρόνο, τα δύο κορίτσια πήραν το 1/6 από τα 24 λίτρα νερού (1/6 = 12/24). Έτσι, το ένα αγόρι πήρε 6 λίτρα νερό (6/12 = 50%). Ωστόσο, η πρωτογενή απάντηση μας είναι 50% λίτρα νερού.
Response: Ο Τσάρλι έχει 5 αυτοκόλλητα στην εξωτερική ζωή (21 - 23 = 5).
Response: Σύμφωνα με την ερώτηση, η Γκρέις ζυγίζει 40 κιλά, ενώ ο Άλεξ ζυγίζει 2 κιλά λιγότερο από 4 φορές. Το συνολικό βάρος τους σε λίβρες είναι 38 κιλά (40 - 2 = 38).
Response: Συνολικά, ο Νταν φυτεύει 900 τριαντάφυλλα (3 x 300). Συνολικά, each tritanthyllo has 25 tritanthyla, so the total number of tritanthyla is 900 x 25 = 22,500.
Response: Η ομάδα ποδοσφαίρου έπαιξε 22 παιχνίδια. Συγκεκριμένως, η ομάδα έχασε 16 παιχνίδια (16 x 0 = 0). Το κέρδος ήταν 0.
Response: Η Τζιν έχει πληρωθεί 1680 κουβέρτα (1680 x 34 = 57,920).
Response: Στην πρώτη φορά, ο συναγερμός χτύπησε τέσσερις φορές. Στην δεύτερη φορά, χτύπησε για τρεις φορές περισσότερο από τη δεύτερη φορά. Στην τρίτη φορά, χτύπησε για το μισό χρόνο από τη δεύτερη φορά. Ωστόσο, ο συναγερμός χτύπησε συνεχώς τέσσερις φορές στην ημέρα. Έτσι, ο συναγερμός χτύπησε συνεχώς 30 φορές (τέσσερις + τρεις).
"Response: Το μισθό της Sílvi πριν πέντε χρόνια έτσι:

* Γενικό μισθό: € 48.000 (€ 600 x 80)
* Πολιτική αύξηση των μισθών: € 32.000 (€ 600 x 5 x 10%)
* Total: € 80.000

Αfter 5 years of service, the total salary of Sílvi would be:

* General salary: € 72.000 (€ 600 x 120)
* Political increase in wages: € 40.800 (€ 600 x 5 x 10%)
* Total: € 112.800

So after 5 years of service, the total salary of Sílvi would be € 112.800."
Response: Ως ο Χάραλντ έχει πούλησε 88.000 αντίτυπα, όλα αυτά που πούλησε ο Χάραλντ ήταν περισσότερα αντίτυπα από των 10.000 αντίτυπα που πούλησε η Μέριλιν πούλησε.
Response: Σύμφωνα με τη συνθήματα, η Κριστίνα χρειάζεται 75 σακούλες δώρων για κάθε καλεσμένο. Ωστόσο μπορεί να προσέγγισε 16 φίλους για τα δωράκια. Το συνθηματικό παραγγελία είναι 2 δολάρια η κάθε μία.  Έτσι, η προσέγγιση της Κριστίνας θα είναι:  75 x 16 = 1100 δολάρια.
Response: Ως πρωτογενής, ο Τεντ θα χρειάζεται να φέρει 10 κιλά πατατοσαλάτα στο πικ-νικ, είτε ενήλικες είτε παιδιά. Σύμφωνα με την ερώτηση, εсли θα υπάρχουν 20 ενήλικες και 5 παιδιά στο πικ-νικ, ο Τεντ θα χρειάζεται να φέρει 30 κιλά πατατοσαλάτα (10 κιλά από ενήλικες + 20 κιλά από παιδιά). Έτσι, ο Τεντ θα χρειάζεται να φέρει συνεχώς κιλά πατατοσαλάτα στο πικ-νικ με τη συνεχή προσέγγιση των δεινόσαυρων.
Response: Η Τζαν έχει 3 φορές περισσότερα katoikia από τη Μάρσια (3 x 10 = 30). Η Μάρσια έχει 2 φορές περισσότερα katoikia από τη Σίντι (2 x 10 = 20). Συνολικά, η Σίντι έχει 40 katoikia (20 + 20).
Response: Η Έιμι είναι 5 χρόνια μεγαλύτερη από τον Τζάκσον, ο Τζέιμς είναι 10 και η Χρονιά είναι 3. Σαν ο Τζάκσον είναι 7 χρόνια μικρότερος από την Χρονιά, ο Τζέιμς είναι 3 χρόνια νεότερος από την Χρονιά.
Response: Ωστόσο ο Λι έχει τα 400 μέτρα με εμπόδια σε 38 δευτερόλεπτα, ο Τζέραλντ μπορεί να τρέξει τα 400 μέτρα με εμπόδια σε 29 δευτερόλεπτα (38 - 11 = 29). Συμπεράν από το παραγωγικό παιχνίδι του Λι, ο Τζέραλντ βελτιώθηκε τη διατροφή του και μπορεί να τρέξει περισσότερα δευτερόλεπτα σε μια συνεχή διαθεσιμότητα.
"Response: Ως προκειμένου να προσέγγιστε στη ζημια της ερώτησης, θα πρέπει να προσέγγιστε στη διαθεσιμότητα και τη διαχεία των κατοικίδιων σκύλων και γατών στη γειτονιά.

Η πρώτη θεωρία που πρέπει να προσέγγιστε είναι η διαθεσιμότητα των κατοικίδιων σκύλων και γατών στη γειτονιά. Ως προκειμένου να προσέγγιστε στη ζημια της ερώτησης, θα πρέπει να προσέγγιστε στη διαθεσιμότητα των κατοικίδιων σκύλων και γατών στη γειτονιά. Το πρώτο βήμα θα είναι να προσέγγιστε στη διαθεσιμότητα των κατοικίδιων σκύλων και γατ"
Response: Τα 2/5 είναι αγόρια (100%) και τα 2/3 των κοριτσιών είναι στο κοριτσίστικο προσκόπιο (67%). Συχνά είναι και κορίτσια που δεν είναι στο πρόσκοπο (33%).
Response: Ο Χάρι κοιμήθηκε 9 ωρες χθες το βράδυ, όπως γραφήθηκε στη συνέψη. Ωστόσο ο Φίλος του ο Τζέιμς κοιμήθηκε μόνο τα 2/3 από αυτό που κοιμήθηκε ο Χάρι. Σε όσο περισσότερα από τα 2/3 του Χάρι κοιμήθηκε ο Τζέιμς. Έτσι, ο Χάρι κοιμήθηκε 18 ωρες (9 + 9) από τα 24 ωρες που κοιμήθηκαν.
Response: Σύμφωνα με την ερώτηση, η Φρέντα χάνουν το μισό όγκο τους όταν μαγειρεύει τις κονσέρβες ντομάτας σε σάλτσα. Ωστόσο η Φρέντα έκανε 32 ουγγιές σάλτσας, που χρησιμοποιεί περιέχει τρεις ντομάτες. Το μισό όγκο τους ήταν 16 ντομάτες (32 - 16 = 16).
Response: Στη συνέχεια μαζί με την πρώτη προσέγγιση, πρέπει να δείσουμε ότι οι αυτοκίνητα περνούν μέσα στα πρώτα 15 λεπτά της κυκλοφοριακής συμφόρησης. Ωστόσο πρέπει να δείσουμε ότι 5 αυτοκίνητα από τη γραμμή δεν έχουν να οδηγήσει μέσα από την κυκλοφοριακή συμφόρηση. Στη συνέχεια, πρέπει να δείσουμε ότι 30 αυτοκίνητα έχουν διέσχισεν την κυκλοφοριακή συμφόρηση στα πρώτα 15 λεπτά.  Έχουμε να προσέγγιση στη συνέχεια μαζί με την πρώτη προσέγγιση και να δείσουμε ότι οι αυτοκίνητα περνούν μέσα στα πρώτα 15 λεπτά της κ
Response: Σύμφωνα με τη συνέψη της Μαίρη, θα δώσει ένα φυτό σε δοχείο από κάθε ράφι σε φίλους και οικογένεια αύριο. Ωστόσο θα μείνει 18 φυτά σε γλάστρες, όπως είπαμε προηγούμενα. Το σύμβουλο που δίνει η Μαίρη είναι ότι θα δώσει ένα φυτό σε δοχείο από κάθε ράφι σε φίλους και οικογένεια αύριο, με απόλυτη συμφωνία με τη συνέψη της Μαίρη.
Response: Ο πρώτος φίλος πάτησε το κουδούνι 20 φορές, ο δεύτερος φίλος πάτησε το κουδούνι 1/4 φορές περισσότερο από τον πρώτο φίλο του Τζερόμ, ο τρίτος φίλος χτύπησε το κουδούνι 10 φορές περισσότερο από τον τέταρτο. Σε όλα αυτά, ο τέταρτος φίλος πάτησε το κουδούνι 60 φορές. Ωστε να καταλήγκουμε τη διαθεωρή του κουδούνι, μπορείτε να προσθέσετε όλα τα πάτηση των φίλων σε ένα μέρος. Η τotal χτυπήσει το κουδούνι 60 + 20 + 1/4 x 10 = 95 φορές.
Response: Ωστόσο πρέπει να διαβάσει 15 σελίδες τη Δευτέρα, πρέπει να διαβάσει 5 σελίδες κατά μέσο όρο (30%) σε μια μέρα. Έτσι, ο Σόλο χρειάζεται να διαβάσει 15/5 = 3 σελίδες κατά μέσο όρο σε μια μέρα.
Response: Ως πρωινό, ο Τζον πίνει 1 ποτήρια νερό. Με το μεσημεριανό, πίνει 2 ποτήρια νερό. Και με το δείπνο, πίνει 3 ποτήρια νερό. Έτσι, σε μια εβδομάδα, ο Τζον πίνει 7 ποτήρια νερό (1 + 2 + 3).
Response: Η ομίχλη θα πάρει 10 λεπτά για να καλύψει μια πόλη με 42 μίλια από την παραλία μέχρι την απέναντι ακτή. Συμπεραναλυτικά, η ομίχλη θα πάρει 42/10 = 4.2 λεπτά να καλύψει όλη την πόλη.
Response: Σύμφωνα με τη γραπτή ερώτηση, η Πόπι λύνει ένα παζλ 1000 τεμαχίων. Ωστόσο η μαμά της το ένα τρίτο των υπόλοιπων πιτσιλιών. Το πρώτο τεταρτο των πιτσιλιών βάζει το ένα τέταρτο των πιτσιλιών στο τραπέζι. Από την ισχύ της Μαμά της, η Πόπι μπορεί να λύσει ένα παζλ 1000 τεμαχίων. Σε όσο προσέγγιζεται η μαμά της στο τραπέζι, η Πόπι μπορεί να λύσει ένα παζλ 1000 τεμαχίων. Έτσι, η πρωτοτυπή απάντηση προς τη γραπτή ερώτηση είναι 1000 κομμάτια παζλ.
Response: Ως ο Κόντι τρώει τρεις φορές περισσότερα μπισκότα από τον Αμίρ, ο Αμίρ τρώει 5 μπισκότα. Συμπληρωτικά, ο Κόντι τρώει 15 μπισκότα (3 x 5 = 15) και ο Αμίρ τρώει 5 μπισκότα (15 - 5 = 10).
Response: Σύμφωνα με την ερώτηση, ο Τζον έχει 3 κουτιά. Ωστόσο η πρώτη κουτίδα έχει 5 ίντσες επί 6 ίντσες επί 4 ίντσες, ο δεύτερος κουτίδα έχει 7 ίντσες επί 8 ίντσες επί 5 ίντσες, και ο τρίτος κουτίδα έχει 9 ίντσες επί 10 ίντσες επί 6 ίντσες. Ωστόσο, οι τοίχοι είναι 1 ίντσα πάχος. Συνολικά, ο συνολικός εσωτερικός όγκος των τριών κουτιών είναι 21 ίντσες (5 + 7 + 9 = 21).
Response: Η Φράνκι είδε 7 ώρες τηλεόραση συνολικά. Ωστόσο η τελειωμένη μερικά επεισόδια μιας εκπομπής 30 λεπτών, που είδε την Τετάρτη, είναι 14 επεισόδια. Έτσι, η Φράνκι είδε συνολικά 21 επεισόδια (7 ώρες + 14 επεισόδια) τηλεόρασης.
Response: Ωστόσο προς την πραγματικότητα ψήνει 15 περισσότερα μπισκότα από ό, τι ήθελε, ο Χένρι έψησε 110 μπισκότα πέρυσι. Συνειδητοποιεί ότι έψησε 95 μπισκότα (87%) πληθυσμένα στην πραγματικότητα. Δεν έψησε όλα τα μπισκότα πέρυσι, πραγματικά έψησε μόνο 95 μπισκότα (87%).
Response: Σύμφωνα με την ερώτηση, ο τοπικός βενζινάδιος πουλάει βενζίνη για 3 δολάρια το γαλόνι. Η εταιρεία προσφέρει $ 20 μετρητά ανά γαλόνι αν γεμίσεις στο σταθμό. Ωστόσο που κάποιος αγοράσει 10 γαλόνια βενζίνης, θα έχει 50 μετρητών (10 x $ 20) πληρώνησε τη διαθεσιμότητα της εταιρείας.
Response: Η Μαρσέλ έφαγε 3 κυλίνδρους πλάτος (ποσότητα = 3) και η Μπεατρίς έφαγε 24 κυλίνδρους μήκος (ποσότητα = 24). Συμπεράν από την ποσότητα των δύο έφαγαν 57 κυλίνδρους (3 + 24 = 57).
Response: Η βάρκα έπαιρνε δύο λίτρα νερό για κάθε τρία μέτρα που έκανε προς την ακτή. Συνεπέγγιστε ότι η βάρκα έπαιρνε 16 δευτερόλεπτα νερό για την διαρροή της. Ωστόσο η βάρκα ήταν στη λίμνη 16 δευτερόλεπτα μακριά πριν πήρε το νερό. Έτσι, η βάρκα πήρε 16 δευτερόλεπτα νερό για την διαρροή της πριν έκανε το σκάφος. Συνεπέγγιστε ότι η βάρκα πήρε 16 × 64 = 1024 λίτρα νερό για την διαρροή της.
Response: Σε κάθε μάθημα, ο πίνακας καθαρίζεται 3 φορές. Έτσι, σε μια μέρα, ο πίνακας καθαρίζεται 9 φορές (3 x 3).
Response: Ως πρωτογενή προς την ερώτηση, ο Ράιαν φυτεύει 2 λουλούδια την ημέρα στον κήπο του. Σε 15 μέρες, ο Ράιαν φυτεύει 5 λουλούδια (30 λουλούδια / 15 μέρες). Έτσι, μετά από 15 μέρες, ο Ράιαν έχει 30 λουλούδια.
Response: Ωστόσο πως η προσέγγιση της ερώτησης είναι πολύ πρωτογενή, θα πρέπει να χρησιμοποιήσουμε μια μορφή μεγαλύτερη που μπορεί να κρατήσει περισσότερες φωτογραφίες από το τηλέφωνο της Μπρίτανι. Στη συνέψη μας, η προσέγγιση της ερώτησης είναι πολύ πρωτογενή και θα πρέπει να χρησιμοποιήσουμε μια μορφή μεγαλύτερη που μπορεί να κρατήσει περισσότερες φωτογραφίες από το τηλέφωνο της Μπρίτανι. Η προσέγγιση της ερώτησης είναι πολύ πρωτογενή και θα πρέπει να χρησιμοποιήσουμε μια μορφή μεγαλύτερη που μπορεί να κρ
Response: Ο κατανόησης είναι ότι οι τιμές για ξυλεία έχουν αυξηθεί κατά 50% τους τελευταίους μήνες. Ωστόσο η Σάσα έχει πέντε σανίδες 4x4x10 που αγόρασε για 16 δολάρια η κάθε μία. Αν τα πουλήσει όλα, θα έχει πέντε σανίδες 4x4x10 που κοστίζουν 80 δολάρια (16 x 5 = 80). Έχει δεκα σανίδες 2x4x10 που κοστίζουν 10 δολάρια η κάθε μία. Άρα θα έχει δεκα σανίδες 2x4x10 που κοστίζουν 100 δολάρια (10 x 10 = 100). Συνεψίες: η Σάσα θα έχει πέντε σανίδες 4x4x10 που κοστίζουν 80 δολάρια και δεκα σανίδες 2x4x10 που κοστίζουν 100 δο
"Response: Σύμφωνα με την ερώτηση, η Katy χρησιμοποίησε 120 κουταλάκια ζάχαρης και κούπες νερό. Ωστόσο η κουταλία ζάχαρης είναι 7:13, το ποσοστό των κουταλάκια ζάχαρης που χρησιμοποίησε Katy είναι:

P = 120 / 7 = 17 κουταλάκια ζάχαρης

Therefore, Katy used approximately 17 cups of coffee."
Response: Σας χρειαζότησε 60 δολάρια για κάθε ένα από τα 3 παιδιά του. Ωστόσο ο Τζον αγοράζει 2 ζευγάρια παπούτσια, οι οποίοι κοστίζουν 120 δολάρια. Σας χρειαζότησε 180 δολάρια (120 + 60) για τα 2 ζευγάρια παπούτσια.
Response: Στη δεύτερη ημέρα, η SeaSide έχει 30 οχήματα στο λιμάνι. Ωστόσο προσέγγιζει την πρώτη ημέρα, όλοι οι εμπορευματοκιβώτια περιέχουν 5 οχήματα. Σε επιλέξεις όλα τα εμπορευματοκιβώτια που έχουν 5 οχήματα, θα έχουμε 15 εμπορευματοκιβώτια (30 - 15 = 15).
"Response: Στο 1985, ο μισθός του Άντριαν ήταν $20.000. Δεκαετία μετά, ο μισθós του έβγαζε $60.000. Ωστόσο ο μισθός της Λάιλα ήταν $30.000 στο 1985, και έβγαζε $70.000 δεκαετία μετά. Έτσι, ο συνολικός μισθός που θα λάμβαναν οι δύο τέσσερα χρόνια αργότερα ήταν:
$20.000 + ($60.000 - $30.000) = $50.000
So the total salary increase for the two periods is $50,000."
Response: Σε ένα χαρτί, ο Μιγκέλ χρησιμοποιεί 2 χαρτιά την εβδομάδα. Ωστόσο προς την ερώτηση σας, εсли υπάρχουν 30 φύλλα χαρτιού σε ένα χαρτί, όλα τα φύλλα χαρτιού χρησιμοποιεί κάθε μήνα.
Response: Η Μορισέτ έφερε 5 μήλα, ενώ ο Κάελ έφερε το διπλάσιο αριθμό μήλων (10 - 5 = 5). Το μισό αριθμό πορτοκαλιών από τη Μορισέτ ήταν 8, ενώ ο Κάελ έφερε το μισό αριθμό πορτοκαλιών (8 - 5 = 3). Συνολικά, η Μορισέτ έχει φρούτα 5 + 3 = 8, ενώ ο Κάελ έχει φρούτα 10 - 5 = 5.
Response: Στις 8 ωρές τη Δευτέρα, η Σέιντι κοιμήθηκε 8 ωρές. Στις 2 ωρές τη Δευτέρα, η Σέιντι κοιμήθηκε 2 ωρές λιγότερο. Συνολικά, η Σέιντι κοιμήθηκε 10 ωρές (8 + 2) στη Δευτέρα.
Response: Στο πρώτο βήμα, η Ρόζι μπορεί να τρέξει 10 μίλια (10 km) την ώρα για 3 ώρες (3 h). Ωστόσως, μετά τρέχει με 8 χλμ/ώρα (8 km/h), οπόσο η Ρόζι έχει τρέξει 3 ώρες (3 h), τότε η distance που έχει τρέξει είναι 3 x 8 = 24 χλμ (24 km). Στο βήμα δεύτερο, η Ρόζι μπορεί να τρέξει 24 χλμ (24 km) σε 7 ώρες (7 h). Τότε, η distance που έχει τρέξει είναι 24 χλμ / 7 ώρες = 3 χλμ/ώρα (3 km/h). Στο βήμα τρίτο, η Ρόζι μπορεί να τρέξει 3 χλμ/ώρα (3 km/h) σε 7 ώρες (7 h). Τότε, η distance που Έχει τρέξει είναι 3 χλμ/ώρα x 7 ώρες = 21 χλμ (21 km). Στο βήμα περισσότερο, η Ρόζι μπορ
Response: Στο σωρό της Μαμάς της έχουν ένα σωρό από 60 επιστολές που χρειάζονται σφραγίδες. Ωστόσο η Τζένι έχει ένα σωρό επιστολές που έχουν ήδη σφραγιστεί. Στο ένα τρίτο των επιστολών που χρειάζονται σφραγίδες, βάζει σφραγίδες η Τζένι. Αν υπάρχουν τώρα 30 γράμματα στο σωρό των ήδη σφραγισμένων επιστολών, πόσα ήταν σε αυτό το σωρό όταν άρχισε η Τζένι. Προς αυτό, η Τζένι έχει σφραγίσει 30 γράμματα από το σωρό των ήδη σφραγισμένων επιστολών. Σε αυτό το σωρό, η Τζένι έχει σφραγίσει 30 γράμματα.
Response: Η Τζούλια έφτιαχνε το στιφάδο της με 3 κουτάλια από τα πακέτα που αγόρασε. Σύμφωνα με την ερώτηση, η Τζούλια έχει συνολικά 9 κουτάλια (3 + 6).
Response: Ο Ντύλαν έχει παραγγείλει 38 λουκάνικα κοτόπουλου (38 x $10 = $380) και 6 λουκάνικα ψαριού (6 x $5 = $30). Συνεπειώντας ότι ο Ντύλαν έχει παραγγείλει λουκάνικα κοτόπουλου και ψαριού, μπορείτε να προκαλέσετε ότι ο Ντύλαν έχει παραγγείλει λουκάνικα κοτόπουλου και ψαριού παραπάνω από λουκάνικα κοτόπουλου.
Response: Η Λίλι έκανε 50 φίλους, ο Χαράκης 20. Σε όψη ότι η Λίλι έκανε 50 φίλους, η Έιμι έκανε 20 + 20 = 40 φίλους. Σε όψη ότι η Ľίλι έκανε 50 φίλους, η Έιμι έκανε 40 - 20 = 20 φίλους.
Response: Σύμφωνα με τη συνολική τιμή των προϊόντων, ο Ντίλον θα πρέπει να παραγγελίει 360 δολάρια (4 x 90 = 360) για τα καρπούζια, 800 δολάρια (20 x 40 = 800) για τις πιπεριές και 500 δολάρια (10 x 50 = 500) για τα πορτοκάλια. Σύμφωση, ο Ντίλον θα πρέπει να παραγγελίει 1.660 δολάρια (360 + 800 + 500) για τα προϊόντα που θα πurchase.
Response: Το νοσοκομείο παρακολουθεί 500 ανθρώπων την ημέρα, καθώς δεν έχει προσωπικά να παρακολουθεί περισσότερα από το κατά μέσο όρο 24 λεπτά. Ωστόσο οι γιατροί χρεώνουν 150 δολάρια την ώρα στο νοσοκομείο και το νοσοκομείο χρεώνει τους ασθενείς 200 δολάρια την ώρα. Σε αυτό το περίπτωση, το νοσοκομείο παρακολουθεί 500 ανθρώπων την ημέρα, ενώ χρεώνει 350 δολάρια (150 + 200). Η κληρονομιά του νοσοκομείου είναι 350 δολάρια.
Response: Σύμφωνα με τη Νίσα, τα ξωτικά παίζουν ξωτικά στο χωριό του Άγιου Βασίλη και παίζουν ξωτικά στο κατάστημά της. Ωστόσο η Νίσα προσλαμβάνει 60 εποχιακούς εργάτες για να παίζουν ξωτικά στο χωριό του Άγιου Βασίλη. Δεν υπάρχουν ξωτικά παίζοντας στο χωριό του Άγιου Βασίλη και δεν υπάρχουν επιλεγμένα παιδιά που παίζουν ξωτικά στο χωριό του Άγιου Βασίλη. Ωστόσο, η Νίσα προσλαμβάνει 60 εποχιακούς εργάτες για να παίζουν ξωτικά στο χωριό του Άγιου Βασίλη.
"Response: Στις 28 Δεκεμβρίου, η δαπάνη του Τζόζεφ ήταν 500 δολάρια. Στις 20 Ιούνιου, η δαπάνη του ήταν 60 δολάρια λιγότερες, τη δεδομένη διαθεωρική χρονική διαστάσεως είναι:  
Δεκαμμέρες (100) + Δεκαπέντε (10) = 600 δολάρια."
Response: Ο Φρεντ έκανε τέσσερις βόλτες, ο καθένας. Συμπεράνω που ο Φρεντ έκανε δύο βόλτες, που μεταφράσθηκαν σε 6 εισιτήρια. Το σύμβολο είναι ότι ο Φρεντ έκανε 12 εισιτήρια σε όλα τα βόλτα.
Response: Σήμερα (Δευτέρα) περπάτησε 6 χιλιόμετρα. Σήμερα (Τρίτη) περπάτησε 6 φορές περισσότερα μίλια απ' όσα περπάτησε τη Δευτέρα. Σύμφωνα με την ερώτηση, το συνολικό του χιλιόμετρο από Δευτέρα μέχρι Τετάρτη ήταν 41 μίλια. Ωστόσο η Τετάρτη περπάτησε 6 φορές περισσότερα μίλια απ' όσα περπάτησε τη Δευτέρα, οπότε η τotal μίλια περπάτησε την Τετάρτη ήταν 47 μίλια.
Response: Σε ένα χρόνο, Tom πλένει 4 αυτοκίνητα. Και για κάθε πλύσιμο, κοστίζει 15 δολάρια. Έτσι, σε ένα χρόνο, Tom πλένει 4 × 15 = 60 αυτοκίνητα. Ποσό πληρώνει Tom σε ένα χρόνο? Η απάντηση είναι 60 x 15 = 900 δολάρια.
Response: Ως ο Μπράιαν έχει 20 βιντεοπαιχνίδια, όλα αυτά έχουν περισσότερα από 5 ακριβώς πριν γίνει η σύγκριση. Συμπεράνω προς την ερώτηση μαζί μας, ο Μπόμπι έχει 5 λιγότερα από 3 φορές περισσότερα βιντεοπαιχνίδια από τον Μπράιαν. Έτσι, ο Μπόμπι έχει 15 βιντεοπαιχνίδια (20 - 5 = 15).
Response: Δεν υπάρχουν θηλυκά Σκωτσέζικα μονόκερα. Οι 27 μονόκεροι στον κόσμο για την επόμενη γενιά θα είναι όλοι άνθρωποι.
Response: 1. Σαμπάνια (2 x $7.50) = $15.00 2. Σακούλες (2 x $1.50) = $3.00 3. Μπισκότα (2 x $1.00) = $2.00 Total cost = $19.00 + $3.00 + $2.00 = $24.00 So the total cost of the order would be $24.00.
Response: Ωστόσο ο Mark έκανε 2 tests, ένα με 75 questions και ένα με 100 questions. Σημερινά, he spent 8 hours on the first test and 6 hours on the second one. So, in total, he spent 14 hours on both tests.
Response: Το πρωτογενή θέμα είναι ότι υπάρχουν 22 τσίχλες σε μια μηχανή γλυκών. Ωστόσο η ερώτηση πρέπει να προσέγγισε στην πρωτογενή αριθμητική απάντηση, όπως η πρωτογενή αριθμητική απάντηση είναι 12 μπλε τσίχλες.
"Response: Τα αυτοκίνητα που είναι αυτόματα αυτοκίνητα είναι 12, τα χειροκίνητα αυτοκίνητα είναι 4, andis ημιαυτόματα είναι 3. Συνεψη των αυτοκινήτων: 12 + 4 = 16, 3 + 0 = 3.  
Σύμφωνα με την ερώτηση, τα 3 αυτοκίνητα είναι ημιαυτόματα."
Response: Σε μια κυψέλη, υπάρχουν 700 μέλισσες. Διπλάσιες μελισσούλες εργάτριες από τα μικρά τους και διπλάσια μικρά από τις βασίλισσες. Ωστόσως, δεν υπάρχουν εργάτριες μέλισσες.  Το πλήθος των εργάτριων μέλισσες είναι 0.
Response: Ωστόσως, ο Τζόρνταν παίζει βιντεοπαιχνίδια για 2 ώρες κάθε μέρα. Συμπεράν από το παιχνίδιο, ο Τζόρνταν κερδίζει 10 δολάρια την ώρα. Ωστόσως, ο Τζόρνταν δεν έχει πολλές απόψεις για τη συνείδηση του χρόνου που διέμεσε για να παίξει τα βιντεοπαιχνίδια. Σύμφωνα με την ερώτηση, ο Τζόρνταν θα έβγαζε 100 δολάρια σε μια εβδομάδα. Αυτό μας μεταφρασμένο στην μονάδα του χρόνου που διέμεσε για να παίξει τα βιντεοπαιχνίδια, ο which is equivalent to 10 hours. Therefore, the total amount of money that Τζόρνταν will earn in one week is 100 x 7 = 700 dollars.
Response: Για το πρώτο είδos (γάλα), ο Φορός 10% είναι 5%, οι κοστές για το δολάριο είναι 0,5 €. Συνεπέγγῃ με την πληρωμή του φόρου 10%. Για το δεύτερο eidos (αυγά), ο Φορός 10% είναι 6%, οι κοστές για το δολάριο είναι 0,6 €. Συνεπέγγῃ με την πληρωμή του φόρου 10%. Για το τρίτο eidos (λαμπτήρες), ο Φορός 10% είναι 7%, οι κοστές για το δολάριο είναι 0,7 €. Συνεπέγγῃ με την πληρωμή του φόρου 10%. Για το  fjärde eidos (φλιτζάνια), ο Φορός 10% είναι 8%, οι κοστές για το δολάριο είναι 0,8 €. Συνεπέγγῃ με την πληρωμή του φόρου 10%. Για το π
Response: Σύμφωνα με την ερώτηση, ο Λούκας έχει 3 πελάτες που έχουν πληρωθεί τα δικά του καθαρισμό. Ωστε να καθαριστεί τα πελάτη, ο Λούκας πρέπει να πληρώσει 2 μπουκάλια χλωρίνης και ένα πακέτο πανιά για καθαρισμό. Σύμφωνα με την ερώτηση, ο Λούκας πρέπει να πληρώσει 92 δολάρια συνολικότητα. Η διαφορά μεταξύ του συνολικού εισοδήματος και του συνολικού κόστους είναι η διαθεσιμότητα των πελάτων που πρέπει να πληρώσουν τα δικά τους καθαρισμό. Ωστε να καθαριστεί τα πελάτη, ο Λούκας πρέπει να πληρώσει 92 δολάρια
"Response: Ωστόσως, ο Τζον μπορεί να μαζεύει τα ανανά του κάθε 3 μήνες. Συμπεραίως, ο Τζον έχει 10 εκτάρια με πεδιάδα ανανά. Έχουμε 100 ανανάδες ανά εκτάριο. Δεν υπάρχουν λímits για την μαζεία των ανανά. Ωστόσως, ο Τζον μπορεί να μαζεύει τα ανανά του κάθε 3 μήνες. Συμπεραίως, ο Τζον έχει 10 εκτάρια με πεδιάδα ανανά. Έχουμε 100 ανανάδες ανά εκτάριο. Δεν υπάρχουν λímits για την μαζεία των ανανά. Ωστόσως, ο Τζον μπορεί να μαζεύει τα ανανά του κάθε 3 μήνες.  
Σύμφωνα με την ερώτηση, ο Τζον μπορεί να μαζεύει τα ανανά του κάθε 3 μ"
"Response: Ως ο Τζόνι μαζεύει τα παιχνίδια από το πάτωμα του δωματίου του, θα μπορεί να μαζέψει όλα τα Lego με τη συνθήσεως:

* 500 κομμάτια Lego = 1/2 του αριθμού των τεμαχίων (1/2 x 500 = 250)
* 3 φορές περισσότερα κομμάτια από το 500 κομμάτια = 3 x 500 = 1500 κομμάτια
* 1/4 του αριθμού των τεμαχίων = 1/4 x 500 = 125 κομμάτια

Συνθήσεις πολλών φορών περισσότερα κομμάτια μπορεί να επηρεάζουν τη συνθήσεων που θα μπορεί να μαζέψει ο Τζόνι. Έτσι, ο Τζόνι θα μπορεί να μαζέψει όλα τα Lego με τη συνθήσεων:

* 500 κομμάτια Lego + 1500 κομ"
Response: Σύμφωνα με τη Ντέμπρα, η κυψέλη παρακολουθεί μια κυκλική δράση και προς την πρώτη μέρα της ημέρας φεύγουν 30 μέλισσες από τη κυψέλη. Μετά βλέπει τις μισές από αυτές να επιστρέφουν τις επόμενες 6 ώρες. Ωστόσο η Ντέμπρα είναι ενθουσιασμένη στην πρώτη μέρα της ημέρας, οι μέλισσες που έφυγε πριν από αυτό και δεν είχε ηδη επιστρέψει επιστρέφουν στην κυψέλη μέσα στις επόμενες 6 ώρες. Συμπεραστικά, η Ντέμπρα δεν είναι ενθουσιασμένη στις μέλισσες που έφυγε μετά την πρώτη μέρα της ημέρας, και οι μέλισσες που έ
Response: Η μαμά της Μπρίτανι δίνει στον ταμίας χρήματα για ένα παιδικό και ένα ενήλικο εισιτήριο. Ωστόσο η επιλογή της μαμάς είναι να δίνει 8 δολάρια σε ρέστα, όπως στο παραπάνω σχεδιασμένο παραγωγικό σχήμα. Σε δολάρια, η μαμά της Μπρίτανι έδωσε 8 δολάρια.
Response: Ως ο Τσάρλι έχει 12 φίλους στο Facebook, ο Τζέιμς έχει 14 φίλους στο Facebook. Συγκεκριμένα, ο Τζέιμς έχει 2 φίλους περισσότερους φίλων στο Facebook από το Τσάρλι.
Response: Ωστόσως, ο Στιβ και ο Τιμ μπορούν να δουν ποιος θα γυρίσει σπίτι από το σχολείο πιο γρήγορα. Η μεταβολή που θα γίνει στα 440 πόδια το λεπτό θα είναι 13,78 m/s^2. Ωστόσως, ο Στιβ μένει 5 χιλιόμετρα από το σχολείο, οπότε του επιτρέπεται να κάνει ποδήλατο στα 440 πόδια το λεπτό. Η ταχύτητα που θα έχει ο Στιβ είναι 264 πόδια το λεπτό, οπότε θα περιμένει ο νικητής στο σπίτι του πριν ο χαμένος τελειώσει τον αγώνα. Η περίodo που θα περιμένει ο νικητής για να περάσει στο σπίτι είναι 5,9 s.
Response: Ο καλύτερος τρόπος να επιτεθεί είναι από το λάστιχο. Ωστόσο η κοστίζει 25 σεντς για να φουσκώσει. Έτσι, ο πρώτos λάστιχo κοστίζει 25 x 5 = 125 σεντς. Την πρώτη μέρα, 5 άνθρωποι με ποδήλατα ήρθαν να φουσκώσουν και τα δύο λάστιχα. Τα δύο λάστιχα κοστίζουν 25 x 2 = 50 σεντς. Τρεις άνθρωποι ήρθαν να φουσκώσουν τα λάστιχα των τρίκυκλων τους. Τα λάστιχα των τρίκυκλων κοστίζουν 25 x 3 = 75 σεντς. Τελικά, ένας άνθρωπος ήρθε με μονοκύκλο. Ωστόσο δεν έχει ποδήλατα, ο κοστίζει 0 σεντς. Συνεψίες: Συνεψίες 125 + 50 + 75 +
Response: Ως ο Καρλ αγοράζει δέκα πακέτα μπισκότα, οι πακέτα έχουν έξι μπισκότα μέσα. Σε καθεστώς, ο Καρλ πληρώνει με ένα χαρτονόμισμα των 10 δολαρίων. Τότε, ο Καρλ παίρνει 10 x 0,10 = 1 δολάριο.
Response: Ως εξαιρετικά, ο Ντέιβ αγόρασε 28 πατάτες (14 + 14). Συμπεράν από τη μισή ποσότητα πατάτες που έφαγε ο Γλάρος, και τα μυρμήγκια πήραν την τελευταία πατάτα, αφήνοντας πέντε πίσω.
Response: Ο Κίμο έχει 3 εβδομάδες μαθήματα στην Δευτέρα, 2 εβδομάδες στην Τετάρτη, 3 εβδομάδες στην Παρασκευή και 2 εβδομάδες στην Πέμπτη. Σε ένα εξάμηνο, ο Κίμο ξοδεύει 48 ώρες (3 × 3 + 2 × 2).
Response: Σε όλα τα ψητά, ο Μπιλ βάλει 300 ρολά, 120 κρουασάν σοκολάτας και 60 μπαγκέτες. Ωστόσως, όλα τα ψητά έχουν μήκος 18 ίντσες (4 + 6 + 2 = 18). Έχουμε να διαθέσκουμε ότι ο Μπιλ βάλει όλα τα ψητά από άκρη σε άκρη, οπόσο θα κρατήσουν σε πόδια. Η απάντηση είναι 18 πόδια (300 / 18 = 18).
Response: Ωστόσο προς την πρώτη στιγμή, ο κηδεμόνας ταΐζει όλους τους πιθήκους του ζωολογικού κήπου. Συμφέρονται όλες τις μπανάνες! Αν οι μαϊμούδες χρειάζονται 200 μπανάνες, οι γορίλες χρειάζονται 400 μπανάνες, και οι μπαμπουίνες χρειάζονται 100 μπανάνες κάθε μήνα, πόσες μπανάνες χρειάζεται να παραγγείλει για να αντέξει για 2 μήνες? Η απάντηση είναι:  Δεν χρειάζεται να παραγγείλει περισσότερες μπανάνες από τις προηγούμενες προσπάθειες. Το πρωτογενή προσπάθημα είναι να παραγγείλει 200 μπανάνες (για τα μαϊμούδες
Response: Στο 15 λεπτά που είναι διαθέσιμο στο γήπεδο ποδοσφαίρου, ο Μπλέικ και η Κέλι τρέχουν συνήθως 25 φορές (15 φορές μπρος-πίσω για τον Μπλέικ και 10 φορές μια φορά μπρος-πίσω για τη Κέλι). Ωστόσο ο Νικητής τρέχει 34 φορές προς τη γραμμή των 40 γιάρδων, οπότε η μακριά που τρέχει ο νικητής από τον χαμένο είναι 34 x 15 = 510 μέτρα.
"Response: Ο Ραφαήλ έχει πήγε να αγοράσει 4 μολύβια που κόστιζαν 1,5 δολάρια το καθένα, 2 τετράδια που κόστιζαν 4 δολάρια το καθένα, και ένα χάρτινο χαρτί που κόστιζε 20 δολάρια. Συνεπέγγιστε όλα αυτά:  4 + 4 = 8 δολάρια για τα μολύβια, 8 + 4 = 12 δολάρια για τα τετράδια, 12 + 20 = 32 δολάρια για το χάρτινο χαρτί. Έτsi ο Ραφαήλ έχει πήγε να αγοράσει όλα αυτά, πού θα έχει πήγε να αγοράσει?  
Σαν ερωτήθηκαν προς σας να προσθέσετε μια περίπτωση για την αριθμητική απάντηση, μπορείτε να προσθέσετε μια περίπτωση που μπορεί να επ"
Response: Σύμφωνα με την ερώτηση, ο Φιν βλέπει 11 κατσαρίδες να κολυμπούν στην λίμνη. Ωστόσο μπορεί να δει ο Φιν μόνο 6 από αυτούς να βγαίνουν από την κρυψώνα τους κάτω από ένα μπουμπούκι. Το δεύτερο πρόβλημα είναι ότι μετά βλέπει 2 από αυτούς να κρύβονται κάτω από μια πέτρα. Έτσι, ο Φιν μπορεί να δει 11 κατσαρίκια στην λίμνη.
Response: Την Τρίτη, η δεξαμενή είχε 2 μέτρα περισσότερο νερό. Συμπεράνω για 1 μέτρο και είναι 3 μέτρα. Συμπεράνω για 1 μέτρο και είναι 4 μέτρα. Συμπεράνω για 1 μέτρο και είναι 5 μέτρα. Ωστόσο η δεξαμενή έχει βάθος 5 μέτρα τη Δευτέρα, τότε η δεξαμενή είναι 5 μέτρα.
Response: Ο Άνακιν έπιασε 10 αστεράκια, 6 θαλάσσια άλογα και 3 κλόουνψαρα. Ωστόσο ο Λόξιν έπιασε 5 λιγότερους αστέρες της θάλασσας από τον Άνακιν, 3 λιγότερους θαλάσσιους ίππους από τον Άνακιν, και 2 περισσότερα κλόουν ψάρια από τον Άνακιν. Σε όλο το παραλία, οι psaráia έχουν πιάσει 17 αστέρα, 9 θαλάσσια άλογα, 3 κλόουνψαρα και 2 περισσότερα κλόουν ψάρια.  Όταν μιλάμε για τα αστέρα, μπορείτε να πιάσετε περισσότερα αστέρων στην παραλία. Η διαθεσιμότητα των αστέρων στην παραλία είναι 17 αστέρων. Ωστόσο, η διαθεσιμότητα τω
Response: Στο πρωτογενή διασκεδασμένο σακί με βότσαλα κοστίζει 20 δολάρια. Ως η τιμή αυξάνεται κατά 20% της αρχικής τιμής κάθε δύο μήνες, θα κοστίζει 24 δολάρια (20 δολάρια + (20% x 20 δολάρια)) μετά από 36 μήνες. Το σακί θα κοστίζει 84 δολάρια (24 δολάρια x 3).
Response: Ο κόκκινος αυτοκίνητο κοστίζει 4 δολάρια, ο πρώτos μοντέλα κοστίζει 2 δολάρια, ο δεύτερος μοντέλα κοστίζει 3 δολάρια και η κούκλα κοστίζει 3 δολάρια. Τotal cost of all the toys is 10 + 6 + 9 = 25 dollars.
Response: Ως η Tzaki, θα πρέπει να προσλάβει έναν λογιστή για να καταλαβέτω τις φόρους της. Σύμφωνα με την ερώτηση, εάν προσλάβει τον λογιστή, θα πρέπει να πληρώσει $90 για την υπηρεσία. Ως η Tzaki θα πρέπει να προσλάβει έναν λογιστή, θα μπορεί να κάνει 3 λιγότερες ώρες ελεύθερης εργασίας, χάνοντας 35 δολάρια την ώρα σε χαμένο εισόδημα. Έτσι, η Tzaki θα πρέπει να πληρώσει $90 + (3 x $15) = $127 για την υπηρεσία του λογιστή.
Response: Η Ελβίρα επέλεξε ένα νέο υπολογιστή με πολλά αξεσουάρ ως δώρο. Ότι θα μπορέσει να κρατήσει λίγα χρήματα για να αγοράσει ένα ρούχο, είναι 1500 ευρώ. Σε κατάστημα ηλεκτρονικών υπολογιστών, επιλέγει μια μηχανή που κοστίζει 1090 ευρώ με οθόνη, πληκτρολόγιο και ποντίκι. Τα χρήματα που θα της έχουν μείνει για τα ρούχα της, είναι: * 157 ευρώ (σαρωτή) * 74 ευρώ (καυστήρα CD) * 102 ευρώ (εκτυπωτή) Στο σημείο ότι η Ελβίρα επέλεξε ένα ρούχο με κοστό 1090 ευρώ, θα έχει λίγα χρήματα για να αγοράσει το ρούχο.
Response: Ωστόσο πως η Σάντρα έχει την αποστολή να φτιάξει 15 ισπανικά φλάνα, πρέπει να κάνει μπέιμπι σίτερ 15 × 9 = 135 φορές.  Έτσι, η Σάντρα πρέπει να κάνει μπέιμπι σίτερ 135 φορές για να φτιάξει ισπανικό φλαν.
Response: Το Σεθ έχει 26 χρόνια.
Response: Ως ο Τζίμι έχει 2 δολάρια περισσότερα από τα διπλάσια χρήματα που έχει η Έθαλ, ο Τζίμι έχει 16 δολάρια (2 δολάρια - 8 δολάρια).
Response: Ωστόσως, περπατάει 30 χιλιόμετρα την ημέρα. Δεν περπατάει 10 μίλια εξαγωγικά. Σε μια εβδομάδα, περπατάει 300 μίλια (30 x 10).
"Response: Η ορχήστρα παραγγέλνει καινούργιες στολές, όπως η στολή με καπέλο, η στολή με σακάκι και η στολή με παντελόνια. Σε καθεστώς, η κάθε στολή συνοδεύεται από ένα καπέλο που κοστίζει 25 δολάρια. Το σακάκι που κοστίζει τρεις φορές περισσότερο από το καπέλο, και παντελόνια που κοστίζουν το μέσο όρο του κόστους του καπέλου και του σακάκι. Ωστόσο που η κάθε στολή συνοδεύεται από ένα καπέλο, η κοστισμένη τιμή της στολής είναι η μεταβλητική τιμή του καπέλου. Έτσι, η κοστισμένη τιμή της στολής είναι:

* Στολή "
Response: Ως ο Τζέικ περπατάει στο Μουσείο Εντομολογίας, βλέπει 80 αράχνες με 8 πόδια το καθένα, 90 έντομα με 6 πόδια το καθένα, και 3 σπάνια μεταλλαγμένα ασπόνδυλα με 10 πόδια το καθένα. Συνολικά, ο Τζέικ βλέπει 270 πόδια (80 + 90 + 3).
Response: Η Σάλι Δύο είναι 3 χρόνια μεγαλύτερη από τη γιαγιά Ρεντ, οπόσο η γιαγιά Ρεντ είναι 2 φορές μεγαλύτερη από τη Σάλι Φόρ. Ωστόσο η Σάλι Τέσσερα είναι στην ίδια ηλικία με την Σάλι Τριάντα Δύο, η συνολική ηλικία των τεσσάρων πουλιών είναι 16 ετών (3 + 2 x 8).
Response: Η Τζέσικα θέλει να πληρώσει 50% παραπάνω από το ελάχιστο, το οποίοс είναι 1.500 δολάρια. Σε ένα χρόνο, η Τζέσικα θα πληρώσει 750 δολάρια (50% από το ελάχιστο).
Response: Σύμφωνα με την ερώτηση, ο Μπίλι ξεφλουδίζει και κόβει πατάτες για να ετοιμάσει πατατοσαλάτα για το μεγάλο μπάρμπεκιου της οικογενειακής επανένωσης. Ωστόσο ο Μπίλι ξοδεύει περίπου ενάμιση λεπτό για να ξεφλουδίσει μια πατάτα, αλλά μόνο περίπου 5 δευτερόλεπτα για να την κόψει. Το σημαντικότερο είναι ότι ο Μπίλι ξεφλουδίζει και κόβει πατάτες για να ετοιμάσει πατατοσαλάτα για το μεγάλο μπάρμβεκιου της οικογενειακής επανένωσης. Έχει 60 πατάτες να περάσει, οπότε χρειάζεται περίπου ο ίδιος χρόνος για να ξε
Response: Ως πρωτογενή η ερώτηση, πρέπει να δείσουμε τις λεμόνια που πουλάνε οι Χουάν και ο αδερφός του ο Κάρλος. Σε όλους τους ποτήρια που πουλάνε, πληθίστε τη διαθεσιμότητα των λεμόνια. Τότε, μπορείτε να προγραφήσετε τη διαθεσιμότητα των λεμόνια σε δολάρια. Η διαθεσιμότητα των λεμόνια είναι 3 δολάρια για κάθε γαλόνι. Αυτό means that for every galon of oil they sell, they make $3 profit. Now, let's calculate how much money they made from selling 20 potions. Since each potion costs $0.50, and they sold 20 potions, their total revenue from selling potions is $10 (20 x $0.50). So, their total profit from selling both oil and potions is $3 + $10 = $13 per galon. Therefore, if they sold 25 gallons of oil, they would have made a profit of $325 ($13 x 25 gallons).
"Response: Οι 80 Ιάπωνες Ασιάτες είχαν συνεχίσει την διαθεσιμότητα τους στο άρθρο 150 διαστάσεων. Ωστόσο η κινεζική ομάδα έχει 60 διαστάσεων. Το πλήθος των κορίτσια στην κινεζική ομάδα είναι:  
(60/150) x 100% = 40%.  
Συνεχίστε να μιλάτε για την πληθυσμένη των κορίτσια στην κινεζική ομάδα."
Response: Στο πρώτο έξοδο, ο Ζαΐντ ξοδεύει το 1/4 του μισθού του στο νοίκι, το 1/3 στο καύσιμο του αυτοκινήτου και δωρίζει το μισό από το υπόλοιπο ποσό στο αγαπημένο του φιλανθρωπικό ίδρυμα. Ωστόσο που ο Ζαΐντ κερδίζει 6.000 δολάρια το μήνα, πόσα χρήματα θα έχει ακόμα μετά από όλα αυτά τα έξοδα και τις δωρεές? Η απάντηση είναι ότι ο Ζαΐντ θα έχει 5.400 δολάρια (6.000 - 1/4 του μισθού του στο νοίκι - 1/3 το καύσιμο του αυτοκινήτου).
Response: Ο Μπο έχει 40 καβούρια. Η Ράνι έχει δέκα περισσότερα καβούρια από τη Μόνικ, η οποία έχει τέσσερα λιγότερα από τον Μπό. Συνολικά, η Ράνι έχει 40 + 10 = 50 καβούρια.
Response: Το Λόιντ έχει κερδίσει 10 δολάρια στην ώρα από μαθηματικά. Η πρώτη εβδομάδα έχει διαθεωρηθεί ως 5 ώρες, οπόσο η δεύτερη έχει διαθεωρηθεί ως 8 ώρες. Σε όψη που η πρώτη εβδομάδα έχει διαθεωρηθεί για 5 ώρες, όταν η δεύτερη έχει διαθεωρηθεί για 8 ώρες, τότε ο Λόιντ έχει κερδίσει 10 x (5 + 8) = 40 δολάρια.
Response: Ο νικητής πήρε τα 3/4 των ψήφων (75), όταν η συνολική τάξη των μαθητών ήταν 80. Το αριθμό των ψήφων που πήρε ο ηττημένος είναι:  75 / 80 = 92,5%.
Response: Η Σάντρα παραγγείλει 700 κόκκινα τριαντάφυλλα και 200 ροζ κρίνα. Ωστόσο ο Φρεντ παραδώσει 500 κόκκινα τριαντάφυλλα και 100 ροζ κρίνα. Δεν παραδώσει τα πλεονεκτήματα (300 κόκκινα τριαντάφυλλα) προς την Σάντρα. Το πλήθος των ροζ κρίνα παραδώσει είναι 100, όπως παραγγείλησε. Σύμφωνα με την επιβεβαίωση της Σάντρα, ο Φρεντ πρέπει να παραδώσει 500 κόκκινα τριαντάφυλλα και 100 ροζ κρίνα μέχρι τις 5 μ.μ.
Response: Στο 1980, ο Μαρκ ήταν 20 χρόνια μεγαλύτερος από την μισή ηλικία της Τζαν (30 - 20 = 10). Στο 1984, ο Μαρκ ήταν 24 χρόνια μεγαλύτερος από την μισή ηλικία της Τζαν (30 - 24 = 6). Έτσι, η Τζαν είναι 30 χρονών.
Response: Σύμφωνα με τις πληροφορίες που διαθέτουμε, η ταχύτερη ομάδα θα κερδίσει 120 δευτερόλεπτα (1 minute and 20 seconds).
Response: Ως προκειμένου να ρίξει Ένα Ζάρι με έξι πλευρές, τότε πιο πιθανό είναι να ρίξει έναν αριθμό μεγαλύτερο από το 3. Σύμφωνα με την ερώτηση, να ρίξει δύο ζυγούς αριθμούς στη σειρά, θα πρέπει να ρίξει έναν αριθμό μεγαλύτερο από το 6. Αυτό μας προκύψει στην αριθμητική απάντηση που πρέπει να προσφέρει.
Response: Η Τζένα και η μητέρα της μάζεψαν μερικά μήλα από το αγρόκτημα τους. Ωστόσως, η Μαμά της πήρε 20 μήλα. Σε χρόνια προηγμένα, η Τζένα και η μητέρα της μάζεψαν 15 μήλα (30 - 20 = 15). Οι δύο μάζεψαν 5 μήλα (20 - 15 = 5).
Response: Σε κάθε κλουβί, που δεν χρησιμοποιείται καμιά καλαμάτα, θα γίνει διανέμωση μεταξύ των μικρών τρωκτικών. Ωστόσο θα πρέπει να δείσουμε ότι η διανέμωση θα πρέπει να γίνει σε ένα κατάστημα που είναι διαθεσιμό στο κατάστημα. Σε όσο πρέπει να δείσουμε ότι η διανέμωση θα πρέπει να γίνει σε ένα κατάστημα που είναι διαθεσιμό στο κατάστημα, θα θέτουμε ότι η διανέμωση θα πρέπει να γίνει σε ένα κατάστημα που είναι διαθεσιμό στο κατάστημα. Σε όσο πρέπει να δείσουμε ότι η διανέμωση θα πρέπει να γίνει σε ένα κ
Response: Η Μάντι έχει πληρώσει 100 δολάρια στον Μπένεντικτ μετά από 3 μήνες. Συμφώνησαν να έχουν minaiaí tokó 2%. Ωστόσο η Μάντι δεν έχει πληρώσει το πληρωτικό της στον Μπένεντικτ.  Το πληρωτικό ήταν 100 δολάρια. Δεν έχει πληρώσει κανένα πληρωτικό στον Μπένεντικτ.  Έχει πληρώσει μία πληρωτική ποσότητα στον Μπένεντικτ (100 δολάρια).
"Response: Ο έμπορος αγοράζει μερικά σακία σιτάρι από έναν αγρότη με τιμή 20 δολάρια το ένα σακί. Ωστόσο ο κοστός μεταφοράς σακίας είναι 2 δολάρια για κάθε σακούλα από το αγρόκτημα στην αποθήκη. Συνολικά, ο έμπορος έκανε συνολικό κέρδος 400 δολαρίων αφού πούλησε όλες τις σακούλες με τιμή 30 δολάρια η κάθε μία. Το πλήθος σακούλες πούλησε είναι:

1. Δividing the total revenue by the cost of transportation gives us:
Revenue = 400 dolars
Cost of transportation = 2 dollars per sack
Number of sacks = Total revenue / Cost of transportation
Number of sacks = 400 dolars / 2 dollars = 200 sacks
Therefore, the number of sacks the trader purchased is 200 sacks."
Response: Ο πρώτος φίλος ξόδεψεν € 20,25 για 3 eisitirionia (€6,75 περ ισότιμα). Συμφωνώντας να μοιράσουν όλα τα έξοδα ισότιμα, ο δεύτερος φίλος ξόδεψεν € 15,75 για 2 eisitirionia (€7,88 περ ισότιμα). Ωστόσο η δεύτερη διαφορετική βόλτα κοστίζει € 33 για κάθε βόλτα, ο τреίτος φίλος ξόδεψεν € 49 για 2 βόλτες (€24,50 περ ισότιμα). Συμφωνώντας να μοιράσουν όλα τα έξοδα ισότιμα, ο πρώτos φίλος πληρώσει € 20,25 + € 15,75 = € 36,00. Ωστόσο η δεύτερη διαφορετική βόλτα κοστίζει € 33 για κάθε βόλτα, ο τρίτος φίλος πληρώσει € 49 x 2 = € 98.
Response: Ως ο Τζον μαζεύει ροδάκινα για 3 ώρες, πρέπει να μαζέψει 60 ροδάκινα (3 × 20). Συλλέγει ο Τζον 24 ροδάκινα (60 - 36).
Response: Ως προκείμενος, the average weight of a newborn baby is around 3 kilograms (6.6 pounds). As the baby grows and gains weight, it will need to consume more calories per day to maintain its weight. The exact amount of calories needed depends on various factors such as age, sex, height, and activity level. Generally, infants double their birth weight by around 4 months of age, and triple it by 1 year old. Therefore, if there are 10 babies, they would need approximately 30 kilos (66 pounds) of food per day by the time they reach 1 year old. However, this is just an estimate and the actual amount may vary depending on individual circumstances.
Response: Στο χρόνο 10, Tom έχει κλειστεί 10 δέντρα (since he started with 50 and after 10 years only 40 are left). In the next year (year 11), he will have to close another 2 trees (since every year he loses 2 trees). So in total, after 10 years, Tom has closed 10 + 2 = 12 trees.
Response: Στη συλλογή της Σου, έβαλαν 36 ροζ πλαστικά φλαμίνγκο (18 στη συλλογή και 18 στη συλλογή). Στη συλλογή της Σου, πήραν πίσω το ένα τρίτο των φλαμίνγκο (τα βάφτηκαν άσπρα) και έβαλαν αυτά τα φλαμίνγκο που είχαν μόλις βαφτεί άσπρα πίσω στην αυλή της Σου. Στη συλλογή της Σου, πρέπει να έχουμε 24 ροζ πλαστικά φλαμίνγκο (18 στη συλλογή και 6 στη συλλογή). Στη συλλογή της Σου, έβαλαν 18 ροζ πλαστικά φλαμίνγκο στη συλλογή της Σου (τα βάφτηκαν άσπρα). Στη συλλογή της Σου, πήραν πίσω το ένα τρίτο των φλαμίνγκο (τα 
Response: Σύμφωνα με την ερώτηση, η Βιολέτα θέλει να αγοράσει 5 διαφορετικά χρώματα μολύβια. Ωστόσο η κοστότητα μας είναι 2 δολάρια για καινούργιο μολύβι, οπόσο η Βιολέτα θέλει να πάρει 20 δολάρια. Σε όσο η κοστότητα μας είναι 10 δολάρια (ωστόσο η Βιολέτα θέλει να πάρει 20 δολάρια), τότε η Βιολέτα θα πάρει 2 δολάρια.
"Response: Η τotal cost of 8 stylo is:

1. 8 x 1,20 = 9,60 (cost of 8 molybi)
2. 8 x 0,30 = 2,40 (cost of 8 skoupisi)
3. Total cost = 9,60 + 2,40 = 12,00 (dollar)

So the total cost of 8 stylo is $12.00."
Response: Σε κάθε εστιατόριο, 2 κιλά καρότα θα λάβει. Έτσι, σε 40 εστιατόρια, θα λάβουν 80 κιλά καρότα. Ωστόσο, δεν θα χρησιμοποιηθούν κανένα κιλά καρότα.
Response: Στη Σόδα υπάρχουν 5355 παιδιά (31,5% των κατοίκων).
Response: Στο πρώτο μήνα, η Ελέιν είχε 20 κάρτες Πόκεμον. Μετά από ένα μήνα, μάζεψε τρεις φορές τον αριθμό αυτό, όπως μπορείτε να δείτε από τη συνοπή. Στο δεύτερο μήνα, μάζεψε 20 λιγότερες κάρτες από αυτές που είχε συγκεντρώσει τον πρώτο μήνα. Στο τρίτο μήνα, μάζεψε διπλάσιο αριθμό καρτών Πόκεμον από τον πρώτο και τον δεύτερο μήνα. Ωστόσο, η Ελέιν έχει συνολικά 40 κάρτες Πόκεμον (20 + 3 x 20 = 40).
Response: Σε μια εβδομάδα, ο Μαρκ πληρώνει 1000 προτάσεις (έχουν τιμή 5 σεντς). Ωστόσο ο Εκδότης Α πληρώνει 5 σεντς ανά πρόταση, ο Μαρκ πληρώνει 2000 σεντς (5 σεντς / πρόταση). Σε σεντς, ο Μαρκ πληρώνει 2000/1000 = 2 σεντς.
Response: Καθώς ο Μπάλντουρ παίρνει 5 κουβάδες νερό κάθε πρωί και 6 κουβάδες νερό κάθε απόγευμα, παίρνει συνήθως 11 λίτρα νερού (5 + 6).
Response: Στο πρώτο χρόνο, Τζον έχει 2000 την εβδομάδα και πήρε το βραβείο με μια χρηματική αμοιβή 5000 δολαρίων και αύξηση 5%. Έτσι, το Τζον έχει συνεχίσει να κληθεί βραβείο στη δουλειά με 5000 δολαρίων και αύξηση 5% στον μισθό. Στο δεύτερο χρόνο, Τζον έχει 2000 την εβδομάδα και πήρε το βραβείο με μια χρηματική αμοιβή 5000 δολαρίων και αύξηση 5%. Έτσι, το Τζον έχει συνεχίσει να κληθεί βραβείο στη δοуλειά με 10000 δολαρίων και αύξηση 5% στον μισθό. Στο τреιτο χρόνο, Τζον έχει 2000 την εβδομάδα και πήρε το βραβείο 
Response: Στα 10 στρεμμάτων της, παράγει 5 τόνους σταφυλιών το χρόνο. Ωστόσο παράγει και 5 βαρέλια κρασί, ο αγρόκτημα της παράγει συνήθως 10 βαρέλια κρασί (5 βαρέλια κρασί παράγει και εACH στρέμμα). Έτσι, το αγρόκτημα της παράγει συνήθως 50 βαρέλια κρασί (10 βαρέλια κρασί παράγει και εACH στρέμμα).
Response: Στο πρώτο μέρος, ο Καρλ έτρωγε ένα σάντουιτς κάθε μέρα αυτή την εβδομάδα για μεσημεριανό και χρησιμοποιούσε 2 φέτες τυρί σε κάθε σάντουιτς. Ωστόσο προς την επόμενη εβδομάδα, ο Καρλ έτρωγε ένα μεγάλο πιάτο από μακαρόνια και τυρί για να του αρκετά γεύματα για την εβδομάδα και χρησιμοποίησε 8 φέτες τυριού σε αυτό. Σε όλα τα δύο μέρη, ο Καρλ χρησιμοποίησε 10 φέτες τυρί (5 φέτες στο πρώτο μέρος + 5 φέτες στο δεύτερο μέρος).
Response: Στη συνέψη της Τζάνετ έχει 22 πράσινα στυλό. Έτsi ξαναπνίγγει 6 σακούλες μπλε και 2 σακούλες κόκκινα, τότε έχει 38 στυλό (22 + 6 + 2).
Response: Σύμφωνα με την ερώτηση, η Μπρίνλεϊ έχει βαθμολογίες 89, 71, 92, 100 και 86 στα πρώτα πέντε τεστ. Ωστόσο πρέπει να πάρει μέσο όρο 93 στο έκτο τεστ, η βαθμολογία που χρειάζεται είναι 5 (93 - 86 = 5).
Response: Σύμφωνα με την ερώτηση, ο Μάικλ έκανε ποδήλατο 5 φορές την εβδομάδα, και έκανε 25 χιλιόμετρα κάθε φορά. Σύμφωνα με την επόμενη ερώτηση, ο Μάικλ έκανε ποδήλατο μόνο δύο φορές την εβδομάδα, αλλά για 60 χιλιόμετρα κάθε φορά. Σύμφωνα με την επόμενη ερώτηση, ο Μάικλ έκανε ποδήλατο για τρεις εβδομάδες. Σύμφωνα με όλα τα παραπάνω, ο Μάικλ έκανε συνολικά 175 χιλιόμετρα ποδήλατο (5 x 25 + 2 x 60).
Response: Σε καθείδευση, το σακίδιο καραμέλας του Τζο έχει 80 καραμέλες μήλα. Ωστόσο η τσάντα με τα γλυκά του Τζο έχει 25 σοκολάτα, ο σακίδιος καραμέλας του Τζο ζυγίζει 1600 γραμμάρια (25 x 60).
Response: Στη συνέχεια, η Ρόουζ έχει αγόρασε 12 φορές τον αριθμό των κέικ (4 + 3 + 5).
Response: Σύμφωνα με την ερώτηση, η καθεδρική τιμή της ντουζίνας φλιτζάνιας είναι 1.200 δολάρια. Ωστόσο η καθεδρική τιμή μιας ντουζίνας πιάτων που πωλούνται σε 6.000 δολάρια είναι 5.800 δολάρια (6.000 - 1.200 = 5.800). Το συνολικό κόστος αγοράς κάθε φλιτζάνιας είναι τότε 5.800 / 6 = 970 δολάρια.
"Response: Η Σάρα θέλει να αγοράσει το μπουφάν και τα παπούτσια πριν μπορέσει να αγοράσει αυτά. Ωστόσο η Σάρα είχε αποταμιεύσει 10 δολάρια πριν αρχίσει να κάνει μπέιμπι σίτινγκ. Πως θα κουρεύσει το γρασίδι πριν μπορέσει να αγοράσει το μπουφάν και τα παπούτσια; Η προσέχιση της Σάρα είναι 4 φορές, κερδίζοντας 5 δολάρια κάθε φορά. Σε όψη προς την προσέχιση της Σάρα, η γονιμότητα της δίνει 4 δολάρια κάθε φορά που κουρεύει το γρασίδι. Έτσι, η Σάρα θα κουρεύσει το γρασίδι 4 φορές, κερδίζοντας 20 δολάρια (5 δολάρια × 4 φο"
Response: Ως προκείμενος να προκαλέψει τα κόκκινα κοτόπουλα να παράγουν 3 αυγά την ημέρα, ο Τζέρι πρέπει να μαζεύει 126 αυγά (3 x 42). Ως προκείμενος να προκαλέψει τα λευκά κοτόπουλα να παράγουν 5 αυγά την ημέρα, ο Τζέρι πρέπει να μαζεύει 200 αυγά (5 x 42). Συνεχίστε τη σχέση...
Response: Σύμφωνα με την ερώτηση, ο Γκάρι του αρέσει να περπατάει στην άκρη του τοπικού πάρκου, που είναι ένα ορθογώνιο που μετράει 1,5 με 6 μίλια. Ωστόσο περπατάει με 5 χιλιόμετρα την ώρα, πόσες ώρες περπατάει. Η απάντηση είναι:  20 ώρες.
Response: Στην πρώτη μέρα, ο Σλόαν μετράει 100 πελάτες. Στην επόμενη μέρα, μετράει 50 πελάτες παραπάνω από την πρώτη μέρα. Ωστόσο, ο αριθμός των πελατών μέχρι την τρίτη μέρα ήται 300 (500 - 200). Έτσι, την τρίτη μέρα, ο Σλόαν μετράει 300 πελάτες.
Response: Η μεγάλη πισίνα έχει διπλάσιο νερό από την μικρή πισίνα 4 λεπτά πριν. Συμπεραίως, η μικρή πισίνα έχει τέσσερις φορές περισσότερo νερό από την μεγάλη πισίνα. Ωστόσο η μικρή πισίνα έχει διαρροές που τις αδειάζουν με 4 γαλόνια, οι δύο πισίνες έχουν πληθυσμένες νερό από την μικρή πισίνα. Συμπεραίως, η μικρή πισίνα έχει πληθυσμένο νερό από την μεγάλη πισίνα. Σε όλα τα παραμένουμε, η μικρή πισίνα έχει νερό 32 γαλόνια (4 γαλόνια x 7 φορές).
Response: Η Λόρι θέλει να αγοράσει ένα ζευγάρι παπούτσια 320 δολαρίων και μια ταιριαστή ζώνη που κοστίζει 32 δολάρια. Ωστόσο η δουλειά της με μερική απασχόληση της πληρώνει 8.00 δολάρια την ώρα. Στο προσωπικό πανεπιστημικό πανεπιστημιακό πανεπιστημιακό πανεπιστημιακό πανεπιστημιακό πανεπιστημιακό πανεπιστημιακό πανεπιστημιακό πανεπιστημιακό πανεπιστημιακό πανεπιστημιακό πανεπιστημιακό πανεπιστημιακό πανεπιστημιακό πανεπιστημιακό πανεπιστημιακό πανεπιστημιακό πανεπιστημιακό πανεπιστημιακό πανεπιστημιακό πανε
Response: Σύμφωνα με την ερώτηση, Τζάνεθ δανείστηκε 2.000 δολάρια και υποσχέθηκε να τα επιστρέψει με επιπλέον 10% του ποσού. Ωστόσο πρέπει να πληρώνει 165 δολάρια το μήνα για 12 μήνες, τότε θα είναι το υπόλοιπο της Τζάνεθ μέχρι τότε 165 x 12 = 2040 δολάρια. Έτσι, το υπόλοιπο της Τζάνεθ θα είναι 1835 δολάρια (2040 - 2000).
Response: Σύμφωνα με την ερώτηση, υπάρχουν 18 τριαντάφυλλα (4 x 7) στο βάζο.
Response: Σύμφωνα με τη  Хронологија που δείχνει, η ηλικία του Άντριαν είναι 30 ετών σήμερα, εξαιρετικά με την ηλικία της Χάριετ (21 ετών). Ωστόσο η Χάριετ είναι μια από τα τριών πρωτογενή στο πλαίσιο της ιστορίας του Ζακ, ο οποίος είναι 35 ετών σήμερα.  Έτσι, η μέση ηλικία των τριών σε τρία χρόνια είναι 28,5 ετών.
Response: Ο Τζότζο έβαλε συνολικά 234 πόντους (93%), όπως μπορείτε να δείτε από τη γραφή. Σύμφωνα με την ερώτηση, ο Γιούρι έβαλε 10 από τους πόντους (4%) και η Μπριάνα έβαλε 17 από τους πόντους (7%). Ωστόσο ο Τζότζο έβαλε περισσότερο από το μισό του αριθμού των πόντων της Ναόμι και η Μπριάνα.
Response: Δεν μπορεί να τελειώσει ένα σταυρόλεξο σε 10 λεπτά, πρωτογενή για την προσθήκη της ενέργειας που επιτρέπει να τελειώσει ένα σταυρόλεξο. Ωστόσο μπορεί να τελειώσει ένα σουντόκου σε 5 λεπτά, πρωτογενή για την προσθήκη της ενέργειας που επιτρέπει να τελειώσει ένα σουντόκου. Έτσι, η προσθήκη της ενέργειας που επιτρέπει να τελειώσει ένα σταυρόλεξο ή ένα σουντόκου είναι μια προσθήκη που χρειάζεται περίμενος και δεν μπορεί να τελειώσει ένα σταυρόλεξο σε 10 λεπτά.
Response: Δεν μπορεί να χρησιμοποιήσει τη Σελίν 90 λίτρα νερού από την δεξαμενή για να ποτίσει τον μικρό της κήπο. Ωστόσως, η Σελίν χρησιμοποίησε 90 λίτρα νερού από την δεξαμενή για να ποτίσει τον μικρό της κήπο. Έτσι, η δεξαμενή νερού γεμίζει με 120 λίτρα νερού. Στις 120 λίτρα νερού, η Σelín χρησιμοποίησε 90 λίτρα νερού, οπότε η δεξαμενή νερού είναι 30 λίτρα (120 - 90 = 30).
Response: Συνολικά, ο Άντι φυτεύει 130 λουλούδια (90 γερανία + 40 λιγότερες πετούνια).
Response: Στο πρώτο χρόνο, η εταιρεία ξοδεύει 15.000 δολάρια για διαφήμιση. Έτσι, στο δεύτερο χρόνο, η εταιρεία ξοδεύει το ένα τρίτο αυτού του ποσού (15.000 x 3 = 45.000) για διαφήμιση. Ωστόσως, η εταιρεία ξοδεύει σήμερα σαν 45.000 - 15.000 = 30.000 δολάρια για διαφήμιση.
Response: Ωστόσως, ο Κάρλος χρησιμοποιεί το σκάφος για 3 ώρες, ο Μπέντζι χρησιμοποιεί τη σχεδία για 5 ώρες. Συνολικά, ο Κάρλος πληρώσει 30 δολάρια x 3 = 90 δολάρια για τα ενοίκια του, ενώ ο Μπέντζι πληρώσει 18 δολάρια x 5 = 90 δολάρια για τα ενοίκια του. Έτσι, οι δύο παιδιά θα πληρώσουν συνολικά 180 δολάρια για τα ενοίκια τους.
Response: Σχεδιάζονται 6 μέρες για την πέραση από το Νιου Τζέρσεϊ στο Ρότσεστερ με λεωφορείο. Η πέραση με λεωφορείο θα ταξιδέψει 6 μέρες. Ωστόσο η πέραση με αυτοκίνητο θα ταξιδέψει 12 μέρες. Έτσι, συμπεραστικά, θα ταξιδέψει 18 μέρες για να πάει στο Ρότσεστερ με λεωφορείο και αυτοκίνητο.
Response: Ωστόσο πως η πιθανότητα μιας τυχαία επιλεγμένης κάρτας θα είναι του τύπου του νερού, θα πρέπει να μετρηθούμε τη διαθεσιμότητα του νερού στη συνέχεια. Σύμφωνα με την ερώτηση, η διαθεσιμότητα του νερού είναι 8/30 = 1/5. Σε συνέχεια, η πιθανότητα μιας τυχαία επιλεγμένης κάρτας θα είναι 1/5.
Response: Η πρώτη προσθήκη είναι το βασικό μπουρίτο, που κοστίζει $6.50. Σύμφωνα με την ερώτηση, προσθέτει επιπλέον κρέας για 2 δολάρια (που κοστίζουν $12.00), τυρί για 1 δολάριο (που κοστίζει $3.00), αβοκάντο για 1 δολάριο (που κοστίζει $3.00) και 2 σάλτσες για 0,25 δολάρια (που κοστίζουν $1.50). Σύμφωνα με την ερώτηση, ο Τσαντ παρήγγειλε να αναβαθμίσει το γεύμα του με επιπλέον 3 δολάρια (που κοστίζουν $9.00), που θα προσθέσει πατάτες και ένα ποτό. Ωστόσο η κάρτα δώρου για $5.00 που χρησιμοποιεί στο τσεκ-αφ δεν προσθέτει 
Response: Η Καλίντα δουλεύει ένα παζλ 360 τεμαχίων με τη μαμά της. Ωστόσο η μαμά της μπορεί να τοποθετήσει τα μισά κομμάτια ανά λεπτό από την Καλίντα. Σε αυτό το παזλ, η Καλίντα μπορεί να προσθέσει 4 κομμάτια ανά λεπτό. Το παγκόσμιο χρόνο που θα πρέπει να παρέχει η Καλίντα για να ολοκληρώσει αυτό το pazl είναι 120 ώρες. Έτσι, η Καλίντα θα πρέπει να παρέχει 120 ώρες για να ολοκληρώσει αυτό το pazl.
Response: Σύμφωνα με τη διαθεσιμότητα πληροφοριών, η Άσλιν πήγε στο αγρόκτημα μετά από δύο μήνες και ανακάλυψε ότι το 30% των καρπουζιών ήταν έτοιμα για συγκομιδή. Ωστόσο προς την ερώτηση σας, δεν ήταν έτοιμα πεπόνια δεν ήταν έτοιμα για συγκομιδή μετά τις δύο εβδομάδες. Σύμφωνα με τη διαθεσιμότητα πληροφοριών, η Άσλιν πήγε στο αγρόκτημα μετά από δύο μήνες και ανακάλυψε ότι το 30% των καρπουζιών ήταν έτοιμα για συγκομιδή. Ωστόσο προς την ερώτηση σας, δεν ήταν έτοιμα πεπόνια δεν ήταν έτοιμα για συγκομιδή μετά τις δ
Response: Σύμφωνα με την ερώτηση, ο Mark αγοράζει ένα στόλο 12 αυτοκινήτων για την εταιρεία του. Κάθε αυτοκίνητο πουλιέται για 20.000 δολάρια. Πληρώνει 10% φόρο στα αυτοκίνητα (2.000 δολάρια) και μετά άλλα 1000 δολάρια για την εγγραφή σε κάθε Ένα από αυτά (1.000 δολάρια). Το πλήρωμα για όλα είναι 3.000 δολάρια.
Response: Την Δευτέρα, η Κάιλι μαζεύει 5 περισσότερα κέλυфиα από τον Ρόμπερτ, ο οποίος μαζεύει 20. Σε όσα μαζεύει η Κάιλι, η διπλάσια είναι 10. Σε όσα μαζεύει ο Ρόμπερτ, η διπλάσια είναι 40. Την Τρίτη, η Κάιλι μαζεύει διπλάσια όστρακα απ' ό,τι τη Δευτέρα. Σε όσα μαζεύει η Κάιλι, η διπλάσια είναι 5. Σε όσα μαζεύει ο Ρόμπερτ, η διπλάσια είναι 80. Therefore, the number of spheres that Kaili mazes on Tuesday is 5 + 10 = 15.
Response: Σύμφωνα με την ερώτηση, η Ntax έχει πήγε στο αγρόκτημα τους για να μαζέψει μερικά μήλα. Ωστόσο προς την ερώτηση σας, δεν υπήρχαν 50 μυρμήγκια στον κήπο.  Έχουμε προσωπικά μια αριθμητική απάντηση, που μπορεί να μας βοηθήσει να καταλαβем τη σituation.
"Response: Σύμφωνα με τη ζωή των πιγκουίνων, οι 36 πιγκουίνοι που κάνουν ηλιοθεραπεία στο χιόνι, πρέπει να έχουν τρίτο από αυτά. Ωστόσο ο ένας πιγκούιος που κάνει ηλιοθεραπεία στο χιόνι πρέπει να έχει και ένα παράλειψη στη σπηλιά για να φάει το δείπνο τους. Σύμφωνα με τη ζωή των πιγκουίνων, οι 29 πιγκουίνοι που δεν κάνουν ηλιοθεραπεία στο χιόνι, πρέπει να έχουν και ένα παράλειψη στη σπηλιά για να φάει το δείπνο τους.  
Σύμφωνα με τη ζωή των πιγκουίνων, οι 5 πιγκουίνοι που δεν κάνουν ηλιοθεραπεία στο χιόνι και "
Response: Ως ο Stiv είναι προς την επιλογή να τρώει περισσότερες ντομάτες, θα πρέπει να παράγει 18 ντομάτες (3 x 6) στην εβδομάδα. Αν ένα αμπέλι μπορεί να παράγει 3 ντομάτες, θα πρέπει να παράγει 6 αμπέλια (3 x 2).
Response: Ο Τζον παραγγείλει 20 φίλοι. Συνολικά, κάθε φίλος θέλει 4 φέτες. Ωστόσο οι πίτσες πωλούνται μόνο σε 8 μερίδες, πρέπει να παραγγείλει 16 πίτσες (4 x 8).
Response: Ωστόσως, ο Ραμ χρησιμοποιεί πολλά στυλό. Αν αγοράσει 25 στυλό, θα έχει ένα γεμάτο στυλό με 25 x 5 = 125 στυλό.
Response: Η πρώτη προσθήκη ήταν 20 δολαρίων, που τότε προσθέγξει ένα άλλο 10 δολαρίων, που προσθέγξει ένα άλλο 10 δολαρίων, και así σε ένα χρόνο. Σε ένα χρόνο, η πρώτη προσθήκη ήταν 30 δολαρίων, που τότε προσθέγξει ένα άλλο 10 δολαρίων, που προσθέγξει ένα άλλο 10 δολαρίων, και así σε ένα χρόνο. Έτσι, η πληθυσμένη προσθήκη ήταν 40 δολαρίων.
Response: Η Μαίρη είναι 18 χρόνια για την πρώτη φορά, οπόσο η Τζέσα είναι 25 χρόνια. Συμπεράν από την οποία η Μαίρη είναι μικρότερη, η Τζέσα είναι πέντε χρόνια μεγαλύτερη από την Μαίρη.
Response: Σύμφωνα με την ερώτηση, τον αριθμό των μαθητών που βγήκαν από την έξοδο Γ είναι 270. Δεν μπορεί να μαθαίνει όλοι οι 30% των μαθητών που βγήκαν από την έξοδο Α, και δεν μπορεί να μαθαίνει όλοι οι 50% των υπόλοιπων μαθητών που βγήκαν από την έξοδο Β, και δεν μπορεί να μαθαίνει όλοι οι 40% των υπόλοιπων μαθητών που βγήκαν από την έξοδο Γ.
Response: Ως ο Τζον έχει διπλάσια καραμέλες από τον Ρόμπερτ (54), ο Τζέιμς έχει 6 περισσότερα γλυκά από αυτό (60). Σε όψη που ο Τζον έχει διπλάσια καραμέλες από τον Ρόμπερτ, ο Τζέιμς έχει περισσότερα γλυκά από αυτό (60 - 54 = 6).
Response: Η Ντόλι έχει δύο βιβλία, ο πρώτος έχει διαβάσει 50 σελίδες και ο δεύτερος έχει διαβάσει 25 σελίδες. Η Πανδώρα έχει ένα βιβλίο που έχει διαβάσει 30 σελίδες. Σε όλα τα βιβλία, η Ντόλι και η Πανδώρα έχουν διαβάσει 75 σελίδες (50 + 25 + 30).
"Response: Ωστόσως, ο Κάθε τους στέλνει 2 επιστολές την εβδομάδα, οτότε ο Μάικ ήταν φίλος με 5 ατόμα. Σταμάτησε να είναι φίλοι με δύο από αυτός. Το καθένας τους στέλνει 2 επιστολές την εβδομάδα, οτότε ο Μάικ ήταν φίλος με 3 ατόμα. Ανταποκρίνεται με το ίδιο τρόπο. Γράφει μια σελίδα κάθε 6 λεπτά. Πόσες ώρες γράφει την εβδομάδα;  
 Answer:  Η Μάικ ήταν φίλος με 5 ατόμα. Σταμάτησε να είναι φίλοι με δύο από αυτός. Το καθένας τους στέλνει 2 επιστολές την εβδομάδα, οτότε ο Μάικ ήταν φίλος με 3 ατόμα. Ανταποκρίνεται με το ίδιο τρόπο."
Response: Σε κάθε μέρα τηλεφωνήματος, ο Τζέισον έχει 15 λεπτά τηλεφωνήματος με το αφεντικό του. Ωστόσο ο Τζέισον έχει 300 επιπλέον λεπτά τηλεφωνήματος αυτόν τον μήνα σε άλλους ανθρώπους. Έτσι, ο Τζέισον έχει 300 + 15 = 315 λεπτά τηλεφωνήματος στο μήνα. Σε άλλα περισσότερα λεπτά, ο Τζέισον έχει 315 λεπτά τηλεφωνήματος στο μήνα.
Response: Στο τέλος, ο Γκρίφιν είχε 27 πατάτες. Η Τζίντζερ έδωσε στον Γκρίφιν 3 λιγότερες από τις πατάτες που είχε πάρει ο Κάιλ (5). Ωστόσο, ο Κόλмπι πήρε από τον Γκρίφιν 3 πατάτες που είχε πάρει ο Κάιλ (3), οπόσο η Τζίντζερ έδωσε στον Γκρίφιν 3 λιγότερες από τις πατάτες που είχε πάρει ο Κάιλ (5). Έτσι, η Τζίντζερ έδωσε στον Γκρίφιν 6 πατάτες (3 + 3).
Response: Σε ένα ενυδρείο, η ποσότητα των ψαριών είναι διπλάσια από την ποσότητα των σαλιγκάριων. Ωστόσο η διαφορά μεταξύ των δύο ενυδρείων είναι διπλάσια από την ποσότητα των ψαριών και στα δύο ενυδρεία. Σε ένα άλλο ενυδρείο, η ποσότητα των ψαριών είναι η αίτια που διαθέτει η διαφορά μεταξύ των δύο ενυδρείων. Ωστόσο, η διαφορά μεταξύ των δύο ενυδρείων είναι διπλάσια από την ποσότητα των ψαριών και στα δύο ενυδρεία. Το πλήθος ψαριών σε κάθε ενυδρείο είναι η αίτια που διαθέτει η διαφορά μεταξύ των δύο ενυδρείων.
Response: Ο Καλλιτέχνης του μακιγιάζ δίνει στην Τζιν 10% έκπτωση λόγω της ποσότητας της δουλειάς που έχει γίνει. Σε όψη που η ταινία παίζει 4 φορές την εβδομάδα, τότε η ποσότητα της δουλειάς που έχει γίνει ήταν 4 x 4 = 16 δολάρια. Ωστόσο που η ταινία παίζει 6 ώρες την εβδομάδα, τότε η ποσότητα της δουλειάς που έχει γίνει ήταν 6 x 4 = 24 δολάρια. Σε όψη που η ταινία παίζει 5 εβδομάδες, τότε η ποσότητα της δουλειάς που Έχει γίνει ήταν 5 x 4 = 20 δολάρια. Σε όψη που η ταινία παίζει 3 φορές την εβδομάδα, τότε η ποσ
Response: Ο Καθένας πληρώσε 120 δολάρια (12 x 10 = 120).
Response: Ο σεφ αγόρασε 4 σακούλες κρεμμύδι. Σακούλα 1 ζυγίζει 50 κιλά, οι 4 σακούλες ζυγίζουν 200 κιλά (4 x 50 = 200). Ωστόσο ο κιλό κρεμμύδι κοστίζει 1,5 δολάρια, ο σεφ έχει πληρωθεί 1,5 x 200 = 300 δολάρια.
Response: Η Σου έφαγε 4 φορές περισσότερα mbiskota από την αδερφή της στην Δευτέρα. Όψ! Συμπεραίνει ότι η Σου έφαγε 5 μπισκότα τη Δευτέρα και 13 την επόμενη μέρα. Συμπεραίνει ότι η Σου έφαγε 200 θερμίδες στο σύμβουλο της. Ωστόσο η αδερφή της έφαγε 5 μπισκότα στην Τρίτη (που είναι μια διαφορετική μέρα) και 13 την επόμενη μέρα. Έτσι, η Σου έφαγε περισσότερες θερμίδες από την αδερφή της.  Συμπεραίνει ότι η Σου έφαγε 200 θερμίδες, αλλά η αδερφή της έφαγε 18 θερμίδες (που είναι μια διαφορετική μέρα).
