Response: Џанет не зарађује ништа на тржишту сваког дана јер она продаје све њено извозно у продуктивности. Она производи 16 јаји дневно, а продаје само три за доручак и пет за друге особе. Остале 8 јаја се губе или су непродаване.
Response:  Укупуно је потребно 3/4 буца плавог влакана и 1/2 буца белог влакана. Према таблици за прерачунавање броја вијки, број вијки за овом количином влакана износи 56.
Response: Џoshov profits = (Selling price of the house - Amount invested in repairs) x 150% Profit = ($240,000 - $75,000) x 150% = $60,000  Therefore, Josh has made a profit of $60,000 on his investment.
"Response: 210 м

Објашњење: У свакој трци, Џејмс трчи 60 метара. Такође, он трчи 3 трке недељно, тако да укупно трчи 3 x 60 = 180 метара недељно. Зато је укупан број метара које Џејмс трчи недељно 210 метара (180 + 30)."
Response:  У последњем оброку дана, Венди мора да да својим пилићима 40 чаша хране (3 x 15 = 45 + 25 = 40).
Response:  Килар мораће да плати $80 (16 x 5 dollar) за 16 чаша наочара.
Response: Tuuluza has twice as many sheep as Charleston. Charleston has four times as many sheep as Seattle. If Seattle has 20 sheep, how many sheep do Tuuluza, Charleston and Seattle have together? Answer:  Tuuluza has 2 x 20 = 40 sheep. Charleston has 4 x 20 = 80 sheep. Seattle has 20 sheep. So, together they have 40 + 80 + 20 = 140 sheep.
"Response: 15 минута

Обојица су у процесу преузимања датотеке и за то времена су обавидела 30 минута. Касније, Виндовс рестартује компјутер и наставља са преузимањем. Као резултат тога, Карлин преузетак траје још 20 минута. Укупно колико временa Carla потражи за преузимање датотеке?  
На основу питања, формулишите нумерички odgovor. Odgovor: 50 минута"
"Response: 160 km (100 mi)

Објашњење:
Да бисмо рекли колико је далеко од куће на крају 4 сата, морамо да значемо колико времена је прошло од када је Џон окинео док је возио према кући. У питању су два дела времена: првог 2 сата у саобраћајном застоју и следећих 2 сата у висини брзине од 30 миље на сат. Такође, треба узети у обзир да је Џон возио брзином од 100 км/ч током последњих 2 сата.

Приметимо да је цео путује трајао 6 сати (4 + 2), тако да је брзина која је кориштена током последњих 2 сата била 50 миље на сат (- 2 сата x 50 миља/сат). Затим, можемо израчунати колико је далеко од куће на крају 4 сата:

Distance = Speed x Time
= 50 km/h x 2 hours
= 100 km (62 mi)

Таким чином, на краju 4 сата, Џон је био 100 километара (62 mile) од куће."
Response:  Елизаова зарада за ову недељу износи 40 x $ 10 = $ 400 + (1,2 x $ 10) x 5 = $ 480.
Response:  Укупно је било 180 преузимања (60 + 90 + 30) током три месеца.
Response:  Укупан број пецива које је Тула купила је био 17 (3 x 6 = 18). Цена сваког пецива је била: $68/3 = $22 per krofnic $80/2 = $40 per mini kek$55/6 = $9 per mini sir. Укупна цена пецива која је Тула купила је била: $22 x 3 = $66 + $40 x 2 = $80 + $9 x 6 = $54 = $206.
"Response: 24 године

Објашњење:
Дрво се посадило кад је Карлосу било 20 година. Сваке године расте 7 лимова, па он може продати их по 1,5 долара по лимуну. Укупно сутрашњи приход из 7 лилова износи 10,5 долара (7 лилова x 1,5 долара/лимон). Очекујемо да ће Карлос зарађивати 10,5 долара сваке године. Али, морамо узети у обзир и то да Карлос мора потрошити 3 долара на заливање и храњење дрвета сваке године. Тај троšenje ће се вршити све док дрво не буде зрело и не почиње да производи лимове. Због тога, Карлос će зарађивати 10,5 долара само 24 године (одмах после 24. године дрво ће почети да produces лимove иCarlos ће зарађивати више новца)."
Response:  Мелани је почела са 9 прахоспирача (5 + 3 + 2).
Response: 37,5% (20 - 25 = 37,5%)
"Response: 
Процена профита = (Већа вредност накита - Ценa накита) x (1 + Просjek profit)
Процена профита = ($5,000 - $4,750) x (1 + 0,025)
Процена профита = $250
Таким чином, ако трговац жели да максимизира профит, он би требао да изабере накит, јер би његова вредност постала већа након подизања целе."
Response: 100 km/h = 54 km/h (због тога што су возила почела да путују ка западу) 80 mi = 130 km (због тога што су возила путовала 80 миљи) 240 km = 2 x 120 km (због тога што су возила путовала на север)  За два дана, сваки воз је прешао 240 + 240 = 480 km.
"Response: Џилову годишњу плату можемо изразити формулом: Годинашка плата = Сатова учитељских сати x Ученичка плата по сату + Тренерска плата по сатуYearly salary = Hourly teaching pay x Student pay per hour + Coaching pay per hour yearly salary = Hourly teaching pay x Student pay per hour + Coaching pay per hour
From the problem statement, we know that:
Hourly teaching pay = $20/hour (since she teaches for 35 hours/week)Hourly coaching pay = $30/hour (since she coaches for 15 hours/week)Student pay per hour = $50/hour (the student pays $50/hour for her services)Now, let's calculate Џилова годинашка плата:Yearly salary = Hourly teaching pay x Student pay per hour + Hourly coaching pay$700 ($20/hour x $50/hour) + $45 ($30/hour x $15/hour)$745So, Џилова годинашка плата је $745."
Response: 120
Response:  Брзина Марисе у току првог часа била је брзина = 4/1 = 4 миље на сат. У току другог часа, она се креће брzinom = 4/2 = 2 миље на сат. Зато је укупна дужина пута коју Мариса је проšla у току две смене: д = 12 - 4 + 4 = 8 миљи. Оно што вамо морамо извући из овога је да брзина Марисе у току друге смене може бити већа или мања од 4 миље на сат. Наиме, ако би Мариса ишле у току друге смене брзином 5 миља на сат, онда би укупна дужина пута била: д = 12 - 4 + 5 = 9 миљи. Сходно томе, ако жели да Мариса има просечну брзину 4 миље на сат, тада једнака је: брзина = d / t = 8 / 2 = 4 миље на сат.
Response:  У преосталих 24 литра пића има 3/4 × 24 = 16 литара воде.
"Response: 4

Причина:  Рејмондов син је рођен када је он имао 23 године. Саманта је рођена 6 година пре Рејмонда, тако да је Рејмондов син био 6 + 23 = 29 година млађи од Саманте."
"Response: 4 + 2 + 0 = 6

Обојица купцима који су купили по један ДВД били су укупно 3 купца, а не 8 као што се наводи у питању. Такође, нису сви купци купили ДВД-е, па је укупна количина ДВД-а која је Били продат у уторак 0."
Response: 4 центиметара
Response:  Првобитна цена књиге је 78,75 долара (19,50 долара x 25%).
Response:  Мари је наручила 4 кутије пице, јер су све остале вредности познате (12,5 долара за пилећу храну, 5 долара за млеко и 1,50 долара за јабуке). Укупан број кутија пице које Мари наручила може се изразити формулом: Кутије пице = Укупна вредност - Вредност других производа Мари је наручила. Кутије пице = 50 долара - (12,5 долара + 5 долара + 1,50 долара) Кутије пице = 4 кутије пице.
Response:  Мишка је потрошио укупно 73,50 долара (16,50 + 22,50 + 42 = 73,50).
Response: 270 $
Response:  Километар.
"Response: 10 долара

Основна идеја решења овог проблема је да се вредност првог пара ципела може изразити као разлика између цена две врсте ципела. У овом случају, ценовни раст ципела износи 5 долара, па су они вредне 40 долара (33 + 7). Такође, вредност другог пара пете износи 66 долара (2 x 33), па су они вредни 96 долара (80 + 16).

Таким образом, вредност ципела која су биле у продавњи је 40 долара, а вредност другог Para пете је 96 долара."
Response:  Аленова старост за 10 година била би 172 (162 + 10).
"Response: 100

Обашљајте се на следећи задатак:

Задатак 3:
Према подацима из пописа становништва из 2011. године, у Србији живи око 7 милиона становника. Они су се разместили у 46 општина и градова. Укупно их је било 195.000 домаћинстава. Као што сте знали, сваки дом има у просеку 3,2 члана. Капацитет сваког домаћаинства за електричну енергију је 1.500 кВт/h. Како бисмо ректали колико агрегатног електричне енергије се користи у целој држави у тој години?

Питање:  Како много агрегатне електричке енергије се користи у Србији у тој години?  
На основу података из пописа становништва, формулишите нумерички одговор.  Odgovor: 5.000 GWh"
Response: Џон потребно провери 10/24 = 0,417 сати на дан (дневно) да би бринуо о псима.
Response:  Greechen has 40 gold coins. There are 30 more silver coins than gold coins. Therefore, Grethe...
Response:  Шивон има 36 накита.
Response:  Мајк је укупно постигао 69 поена (4 x 15 = 60 + 25%).
Response: 30 дана = 30 x 2 јогурта/dan = 60 јогурти = $120 (60 x $5,00/јогурт)
Response: Џон још увек има 6 Лego скупova (13 - 8 = 6).
"Response: 27 km/h

Објашњење:
Да бисмо израчунали брзину Џона, морамо да уземо у обзир све информације које су нам пружиле питање. Први део питања каже да Џон трчи 60 миље недељно, што је равномерни ток. Други део питања каже да Џон трчи три дана недељно, што значи да се његов ток може записати као:

60 mi / 7 d = 8,57 mi/d

Тестовима знамо да Џон трчи 3 сата првог дана и пола таквог времена у другим данима, што омогућава да нам устанем брзину Џона за сваки дан:

First day: 3 h x 8,57 mi/d = 25,71 mi/day
Second day: 1,5 h x 8,57 mi/d = 12,90 mi/day
Third day: 1,5 h x 8,57 mi/d = 12,90 mi/day

Скупљи резултати су:

Average daily distance = (25,71 mi + 12,90 mi + 12,90 mi) / 3 = 18,43 mi/day

Брзина Џона можеће бити израчена помоћу следеће формуле:

Brunzy = Average daily distance / Time taken to cover the distance
= 18,43 mi/day / 3 h = 6,14 km/h

Таким чином, Џон трчи на平њем простору од 6,14 km/h."
Response: 10 миљи
"Response: 4 x 1 = 4 година

Овај задатак се зове ""Претпоставка"" или ""Assumption"". У овом случају, претпоставка јесте да Брендов Ајфон је четири пута старији од Бенova Ајфона. Ово значи да Брендов Ајфон може бити увек старији од Бенова Ајфона за толико година."
"Response: 375 метара

Основна идеја за решење питања јесте да се домет пламена змаја може повећати ако се Полина способност бацања копља повећава. У првом случају, кад Поли не држала сафирову драгу, домет пламена змаја је био 400 метара. Кад је Поли држала драг, домет пламена змаја се повећао на 375 метара. Ово значи да је домет пламена змаја заправо 375 метара, а не 400 метера, као што се вероватно очекује."
Response:  Гости су узели укупно 14 - 8 = 6 комада пирога.
"Response:  If a serving size of chips is 50 grams and you want to know how many grams of chips you can eat if your daily calorie goal is 2000 calories and you have already consumed 1800 calories, then:

Number of grams of chips = Total number of calories consumed / Daily calorie goal
= 1800 calories / 2000 calories
= 0.9 (or 90%) of the total amount of chips
Therefore, you can eat 90% of the original amount of chips, which is:

90% of 300 grams = 270 grams
So, you can eat 270 grams of chips."
Response:  Нето профит Charlija за 20 свећа износи:  Продаја прве свеће: укупна зарада = $ 2 (2 x $ 10/kg) + $ 2 = $ 14 Укупна трошкова = $ 10 (1 kg pesticide) + $ 5 (clinics) = $ 15 Продаја друге свеће: укупна зарада = $ 2 (2 x $ 10/kg) + $ 2 = $ 16 Укупни трошкови = $ 10 (1 kg pesticide) + $ 5 (clinics) = $ 15... и тако даље... Укупни нето профит = укупна зарада - укупни трошкови = $ 14 - $ 15 = $ -$ 1... или речима, CHARLIJev neto profit iznosi -$ 1 za 20 свећа.
Response:  Мередит је у просеку провела 16 сати (4 сата x 4 данa) на писање блогova у тренутноj недељи. У суботу је провела 8 сати на писање (5 чланака x 1,6 сата), у Nedelju 10 сати (3 чланака x 3,3 сата), а у четвртак 12 сати (2 чланака x 6 сати). Укупно је провела 36 сати на писање блогova у тренутноj недељи.
"Response: 257

Резултати:

* У Кандисиној торбици било је 80 белешки.
* На путу према продаваонику она је купила још 10 белешека (по 1 за сваку од 220 шољеница кафе).
* Укупно белешки које је Кандис имала на послу било је 23 + 10 = 33 белешка.
* Према задатку, Кандис је ставила по једну Пост-ит белешку на сваку од 220 шољеница кафе, тако да су укупно биле 220 × 25 = 5500 белешки.
* Изнад се налази да су у Кандисиној торбици била 80 белешки, али не и у продавници, јер је Кандис купила још 10 белешака на путу до продавнице.
* Такође, изнад се налази да су укупно биле 5500 белешки, а не 23 белешка која је остало у Кандисиној торбици.

Ово значи да Кандис није остала ни један белешки у њеној торбици, већ их све је продала на послу."
"Response: 160 долара

Основна идеја за решавање овог проблема је да се узети просек цена свих кравата које је купио. Ако бисмо изабрали неки други начин решавања, као што је на пример да се узети количина новца која је потрошен на сваку врсту кравата, то би било неправилно јер бимо узели само део информација из питања. Уместо тога, треба узети просек цена свих кравата, који је у овом случају 30 долара (50% x 2 x 40 долара). Тада можемо видети да је Џон потрошио укупно 300 долара на кравате (200 долара x 1,5 = 300 долара)."
"Response: 20

Резултати су следећи:

* Укупно парчеа = 15 центиметара / 4 стопе = 3,75 парча
* број парчеа = 3,75 / 2 = 1,875 парча

Таким чином, Трејси је добио 1,875 парчеа виле."
Response:  Укупан број незасељених јединица у згради је: 8 × (7/4) = 20 незасељених јединица.
Response:  Лојд зарађује 504 долара недељно од продаје јаја.
Response: 24 чasa
Response: 45 kg (30 стрипova x 1,2 kg/strip + 15 kg/torba)
Response:  На дан су механичар зарадио укупно 380 долара (60 + 40) за поправљене гуме камиона и 240 долара (4 x 60) за поправљене гуме аутомобила. Укупно је механичар зарадио 620 долара (380 + 240).
Response:  Породица Дубтфаир сада има 7 + 12 = 19 мачака.
"Response: 21

Основна идеја за решење овог питања јесте да се користи фундаментална операција са бројевима - умножавање. У овом случају, Џин једе два лебдића, тако да су остављених још 30 лебдица. Ако жели да у пакету стави два лебдица, онда остало колико лебдица може бити 30 - 2 = 28. Такође, ако жели да попуни Џинове руце, онда он може попунити их са 28 лебдица."
"Response: 10 пута
Разлог: 7 долара x 7 долара = 49 долара (карта за филм + попкорн) - 42 долара = 7 долара. Ово значи да Питер може да иде у филм 7 пута на 7 долара."
Response:  Максималан број кутија koji se can be loaded onto the truck is 289. To find this number, we need to divide the maximum weight of the bridge (5000 pounds) by the weight of each box (15 kilograms): 5000 / 15 = 333 boxes. Since we cannot load more than half of the bridge's capacity on a single vehicle, we must limit the number of boxes to 289: 333 / 2 = 166 boxes per truck. Therefore, the maximum number of cu
Response:  Укупна вредност намеранице за Стивена је била 46 долара (40 + 25 = 65 + 4 = 69).
Response:  Укупуно је у грму малина 134 плода (6 збиља x 20 плодова + 67 појединачних плодова).
Response:  There are 25 portokales in the basket, of which 1 is bad, 20% are immature, 2 are rotten, and the remaining 73% are good. So, there are 17 good portokales in the basket (73% of 25).
Response: 2300 долара (500 + 800 + 1000)
Response:  MARSI'S ANNUAL PENSION IF SHE LEAVES AFTER 30 YEARS OF WORKING FOR THE SAME COMPANY = $62,500 (50,000 x 1.2) WHERE $50,000 IS HER CURRENT ANNUAL PENSION AND 1.2 REPRESENTS THE 50% INCREASE DUE TO HER LONGEVITY OF SERVICE.
Response:  Укупан износ koji je платила Alina za стримминг услугу до краја године може се израчисти као следећа: У првој полугодини, стримминг компанија је наплатила 140 долара + (140 x 10%) = 156 долара. У другој полугодини, стримминг компанија је наплатила 156 долара - (156 x 10%) = 139 долара. Укупни износ који је Alina платила за стримминг услугу до краја године је: 139 + 156 = 295 долара.
Response: 320 km (160 + 4) / 12 = 320 km
"Response: 16 сати + 24 сата + 32 сата + 40 сата = 152 сата

Овај задатак се може решити помоћу таблице:

| Недеља | Сатови на ТВ | Сатови у кревету | Totals |
| --- | --- | --- | --- |
| 1 | 2 | 1 | 3 |
| 2 | 4 | 2 | 6 |
| 3 | 8 | 4 | 12 |
| 4 | 16 | 8 | 24 |

Укупно је Џим провео 152 сата на ТВ-у и у кревету у четири недеље."
"Response: 10 + 10 = 20

Обојени су у следећем редоследу:

* Београдска гимназија (Београд) - Женски тим: Мирјана, Наталија, Јелена, Зоља, Александар; Дечији тим: Немања, Марко, Давид, Ивана, Бојан.
* Загребачка гимназија (Загреб) - Женски тим: Марина, Татјана, Саша, Новак, Иван; Дечиji тим: Луka, Petar, Marko, Ana, Filip.
* Осијечко гимназијско спортско друштво (Осијек) - Женски тим: Sanja, Goran, Ivan, Vera, Srecko; Дечији тим: Darko, Nenad, Ivana, Tihomir, Mirko.
* Нишки гимназијски спортски клуб (Ниш) - Женски тим: Jelena, Predrag, Dragan, Milica, Zoran; Дечији тим: Dejan, Slobodan, Marija, Branislav, Vladimir."
Response:  У сандуку је било 175 × 2 = 350 дијаманта.
Response:  Учитељима је потребно да буде 12, јер су укупно 60 девојке (60/2 = 30) и 5 ученика за свакога учитеља.
Response:  Бејли је на почетку имао 100 долара. Укупна количина новца која је добио током 8 недеља је: 5 долара x 8 недеља = 40 долара - 100 долара = -60 долара. Ово значи да Бејли није добио новац током овог периода, него је изгубио 60 долара.
Response: Џуди зарађује $75 по недељи ($15 x 5 часа дневно) + $64 ($15 x 8часа у суботи). = $139 per week.
Response: 40 упутства (2 x 20 = 40)
Response:  Томи може да приkupi укупно 169 долара (43 x 3 = 130 + 23 x 4 = 89).
Response:  Шиела ће платити укупно $450 ($150 x 3) за пет мобилних телефона. Камата за сваку јединицу износи 2%, тако да су укупна негативна количина камате $10 (2% x $50). Због тога, Шиела ће платити укупно $460 ($450 + $10) за 3 месеца.
"Response: 

1. Мариголде - 12 x $ 2,74 = $ 32,88
2. Петуније - 9 x $ 1,87 = $ 16,53
3. Бегоније - 17 x $ 2,12 = $ 35,04
4. Укупно - $ 32,88 + $ 16,53 + $ 35,04 = $ 84,45

Он ће добити укупно $ 84,45."
Response:  Просечна площа једног нивоа пећине = 16/4 = 4 квадратна метра.
Response:  У првој години, Сесилија ће користити укупно 230 шоље (2 x 110 = 220 + 10).
Response:  Рејмонд и Дејavid прају исто колично веша, јер су они пола већег броја веша. Тако да је разлика у количини веша коју Рејmond и Дејvid прају 200 фунти (400 - 200).
"Response:  Укупна вредност 18 цвећа које Винсент жели купити на бољој цени износи 45 долара (3 x 2,50 = 7,50; 2 x 1 = 2). Овакво куповинаштво омогућило је Винсенту да спасе 9 долара у односу на куповину у пакетима од 3 цвећа."
Response: 60$
Response: 3 литра воде су остала.
"Response:  Налепница = 23 - 9 + 28 = 54 налепница

Овај задатак се зове ""Пресликавање"" или ""Слагање"". У овом задатку, морамо да пресликавамо информације из текста како би решили проблема. У овом случају, морамо да рачунамо колико налепница Чарли још има након што му је дао некой број налепница њеној сестри и колико их он користио да украсти поzdravljivu картицу."
"Response:  Укупан тежак Грејс је 125 + (2,5 - 0) = 127,5 кг.   
Одговоре на питања: 1. 127,5 кг."
Response:  Укупуно трња = 3 x 25 = 75 + 3 x 8 = 24 = 99 трња.
"Response: 14

Разлог зато што се не може наћи правилан одговор на почетно питање jest that the information provided in the question is incomplete or inconsistent. Specifically, the number of games played by the team is not given, and the number of wins and losses are also not specified. Therefore, it is impossible to determine the exact number of wins for the team based on the information provided in the question."
Response: Џин има укупно 108 блокова (4 × 29).
Response:  Аларм је звани 12 пута (4 + 3 × 2 + 1/2).
Response:  Силвина годинаска плата после још три године службе биће: $7200 (600 + (600 x 10%)).
Response: Ha Harold prodio 8.800 примерака (88.000 - 79.200).
Response: 75 x 4 = 300 долара
"Response: 35 kg (77 lb)

Објашњење:
Тед Т-Рекс планира да донесе 10 фунти (4.5 kg или 9.9 lb) салата за одрасле диносаурусе и пола тога (2.25 kg or 5 lb) за децу, укупно 12.75 kg (28.1 lb). Уколико буде 20 одраслих и 5 деце, онда ће бити недостатак салата за 5 одраслих диносауруса, па ће Тед моћи да их храни целом 12.75 kg (28.1 lb) салатом."
"Response: 3 x 4 = 12

Обавештејте код нас када су ваши задаци готови и потребни нових!"
Response: Џексон је 7 година старији од Џејмса.
"Response: Џералд може трчати 400 метара са препрекама за око 35 секунди.

Основна идеја овог питања је да се утврђује колико брзо Џералд може трчати након побољшавања исхране. Уколико Ли трчи 400 метара са препрекама за 38 секунди, то значи да он тежи 400 метара са препрекама за 38 секunde. Ако Џералд побољиша исхрану и поставе 400 метара са препрекама за 35 секунди, тада знамо да он може трчати 400 метара са препрекама за око 5 секунди мање од Лија."
Response:  Укупно кућних љубимаца у комшилуку износи 720 (12 x 56 = 648 + 60).
Response: 18
Response: 3
Response:  Фреда је користила 160 грама парадајза (3 x 40 = 120 + 32 = 152).
Response: 40 аутомобила (5 + 20 = 40)
"Response: 240

Обојица су сакупица у вези са бројем прозора у Мариној кући. Свака од 40 прозорa може имати по два сакупа (погледамо у питању). Такође, Мари планира да даде по једну сакупу са сваке гребнице пријатељима и породици, што још увек не утиче на бројање. Зато биљки у Мариним сакупицама остаће 240."
Response:  Звона на вратима зазвукла је укупно 380 пута (20 + (1/4) x 20 + 10 + 60).
Response: 36 страница/dan
Response: Џон пије 3 чаше воде недељно (дневно).
"Response: 51 минут.

Основна идеја за решење овог проблема јесте да се магла рашири у правцу дуж океанског дна кад се креће према унутрашњем делу града. Уколико се магла рашири у висини од 3 миљи (или 5,5 километара) у времену od 10 минута, то значи да ће она покрити све што је до тачке у којој се налази магла у том тренутку.

Територија града износи 42 миље (или 70 километара), али не сви делови града су исто блиски oceanu. Наиме, унутрашњи део града који је далекоји од океана може бити већи него унутрашњи део који је ближи oceanu. Такође, унутрашњи део града може бити висок и благо нагибаног, па такође могућа буде разлика у висини између унутрашњег и спољашњег дела града.

Узевши у обзир све ovaj faktori, можемо Estimated the time it would take for the fog to cover the entire city as follows:

1. Calculate the distance from the edge of the city to the point where the fog first appears (let's call it Point A). Let's assume that this distance is x miles (or km).
2. Calculate the angle between the line connecting Point A and the center of the city and the horizontal line passing through the center of the city (angle α).
3. Use the law of cosines to calculate the length of the hypotenuse of a right triangle with legs equal to the distances from Point A to the center of the city and the height of the fog layer above the ground at Point A (let's call it h).
4. Use the Pythagorean theorem to calculate the area of the triangular shape formed by the fog layer above the ground at Point A and the surrounding terrain.
5. Multiply the area calculated in step 4 by the thickness of the fog layer (in"
Response: 1000 - (4/3) = 266 комада.
"Response: 3x + 5 =?

Обавештејте нам како сте решили задатак и за који разлог сугеришу да се Кодијева потрага упути према Амиру."
"Response: 21000 cubic inches (означава се са ""in³"")

Обавештејте код решења колико је укупна унутрашња запремина свих 3 кутија."
Response: 2
Response:  Прошле године Хенри је пекао 105 колачића (110 - 5 = 105).
Response: 10 gal = 39,6 L (since 1 US gallon = 3.785 L)  Price of gasoline at the pump = $3/gal ($20.20 / 6.4 gal) Total amount spent on gasoline = Number of gallons purchased x Price of gasoline at the pump = 10 gal x $3/gal = $30
"Response: 

Обавештејмо се да су Беатрице и Марцел појели целу количину плодова, тако да су укупно појеле 3 × 24 = 72 рула плода и 3 × 14 = 42 рула плода. У просеку, они су појели 72 + 42 = 114 рула плода."
"Response: 20 x 6 = 120 литара воде

Ово питање може бити лакше разумејено ако се памти да:

* Џулија је пловила на језеру и узела две литре воде на сваки десетин Meter (20 м)
* Џулија је потребовала шестнаест секунди да се пређе двадесет стопа (20 m)
* Вода у лодци је била 64 секунде далеко (64 s)

Таким чином, количина воде у лодци када је Џулија стигла на обalu може се израчунати као:

20 x 6 = 120 литара воде"
"Response: 10 пута
Основна разлога зато што су наставници редуји у учионици и користе белу таблу на сваком часу. Ако се табла очисти 3 пута по часу, онда ће табла бити очиштена 3 x 4 = 12 пута даном. Међутим, кад се табла очисти 3 пута по часу, то значи да ће бити очиштена 3 x 4 = 12 пута даном, па такође можемо написати: 10 пута."
"Response: 30 цветова.

Причина:
Рајан засађује два цвећа дневно, што значи да у 15 дана постаде 30 цветova (2 x 15 = 30)."
"Response: 2400

Основна идеја за решавање овог задача је да се сваки пут када се говори о фотографији на Џамаловом телефону односи на другу фотографију, док се сваки път када се говори о фотографији на Британином телефону односи на исто фотографије. Такође, сваки пут када се говори о броју фотографија на Џамаловом телефону, то значи да он може да прими 6 пута више фотографија него Британин телефон.

Према питању, Џамалов телефон може да прими 1800 фотографија, а Brittany's telephone can hold 50 times as many photos as the number of ducks in Jamal's photo of ducks at the zoo. Since there are 2400 ducks in Jamal's photo of ducks at the zoo, we can conclude that Brittany's telephone can hold 2400 x 50 = 120,000 photos."
Response:  Саша може да прода своја дрвена плочица за укупно 380 долара (10 x 40 = 400 + 5 x 16 = 80). Онима остатак од овог броја биће од 70 долара (380 - 290 = 70). Профит који је Саша остварила на продаји својих дрвених плочица износи 70 долара.
Response:  Када се пореди са упутством у питању, видимо да је Кејти употребила 9 кашица шећера за сваку чашу воде (7 : 13 = 9). Такође, можемо видети да је укупно употребљено 120 кашика шећера, па тако можемо реконструисати да је Кејти употребила 12 кашица шећера (120 / 9 = 12).
Response: Џон је платио укупно 3 x 2 = 600 долара.
Response: 30 - 2 = 28
Response:  Укупна плата Адриене и Лајлине four years later would be:  Адриена's total salary four years later = $80,000 (since her salary increased by 50% in the past four years) Lajlija's total salary four years later = $60,000 (since her salary increased by 20% in the past four years) Therefore, the total amount of money that Adriena and Lijana earned four years later is: $80,000 + $60,000 = $140,000
Response:  Мигел користи 2 папира недељно, а укупно има 30 листова папира на папиру. Тада, сваки месец користи 2 x 4 = 8 листа папира.
Response:  Укупно има 13 плода (5 + 8 + 2 x 5 = 13).
Response:  Сејди је укупно спавала 5 сати у целој недељи.
Response: 24 миље
"Response: 20

Оболимо зато што се зна да Џени почиње помоћи у канцеларији своje мајке кад су још 30 писма у гомили већ штампаних писма. Укупно је тада било 50 писем (30 + 20). Као даље, Џени стави печат на трећину писма којема је потребно печат, такође укупно 15 писем (30 / 2 = 15). Такође знамо да су сви писма у гомили већ пописани, па су укупно била 45 писем (15 + 30)."
Response: 5
Response: 104 кобасице (38 п + 6 р)
Response:  Ејми је добила 20 нових пријатељa након што је прешла у нову школу, тако да Ејми и Лили заједно имају 70 пријатеље (50 + 20).
"Response:  Дilon će потрошити укупно 375 $.

Основна формула за решавање овог проблема је:

Укупна цена = количина продукта x цena продукту

У овом случају, количина продуката која се купује су:

* Лубеница - 4 × $ 15 = $ 60
* Паприка - 20 × $ 5 = $ 100
* Portocala - 10 × $ 3 = $ 30

Укупан број новац који ће Дilon потрошити за ове производе је:

$ 60 + $ 100 + $ 30 = $ 290

Према томе, Дilon ће потрошити укупно $ 290 на ових производа."
Response:  Болница зарађује 37500 долара на дан (500 путника x 24 минута/путовање) и 60000 долара на дан (200 долара/путовање x 300 путовања).
Response: 35 елфа је остало у Нисин робном тргovaчком центу.
Response:  Јозефов укупан трошак за те два месеца износио је 440 долара (500 - 600 = 440).
Response: 24 + 16 = 40 карте.
Response: 20 миља
"Response: 208 $

Према подацима из питања, Том прањује 4 аутомебана месечно, и сваки прањем кошта 15 долара. Уколико се тежиште прања подели на број праћених месеци у години, може се констатовати да Том у године прањује:

4 аутомобила x 12 месеци = 48 прањива

Оно што је занимљиво, Том плаћа укупно:

48 прањива x 15 долара/прање = 720 долара у години

Тада, како бисмо рекли колико Том плаћа у години, могли бисмо рећи:

720 долара у години / 12 месеци = 60 долара месечно"
"Response: 15

Причина зашто се може рећи да Боби има 15 видео игара jest због тога што су Britian и Bob подељени на следеће делове:

* Britain has 20 video games and lost 5 immediately before the comparison was made, so he has 20 - 5 = 15 video games left.
* Bob has 5 less than 3 times more video games than Britain, which means Bob has (3 x 5) = 15 video games."
Response:  There are 9 female Scottish deer in Scotland.
Response:  Налог за испоруку ће костити укупно $ 34,90 ($ 2 x 7,50 + $ 2 x 1,50 + $ 2 x 1,00 + $ 20%).
Response: 35 питања су остала некомплетно.
Response:  There are 30 marbles in total (22 red and 8 blue). So, there are 8 blue marbles. Therefore, the number of red marbles is 22.
"Response: 3/20 = 0,15 или 15%

Обавештеније:  У нашем случају, полуавтоматски аутомобили су они у коме мотор покреће се самостално, али се не може управљати помоћу педала за cambio (ручног мењача)."
Response: 3500 пчела радника
Response:  Јордан би зарадио 240 долара у недељи (10 долара x 24 часа).
"Response: 

* Коштоперац млека = $ 2
* Коштоперац јаја = $ 3 x 3 = $ 9
* Коштоперац сијалица = $ 3 x 3 = $ 9
* Коштоперац шољи = $ 3 x 3 = $ 9
* Коштоперац замки за хлебарке = $ 4 x 3 = $ 12
* Пореза на све непродовољне производе = $ 10 (10% од укупног коштања)
* Укупно = $ 2 + $ 9 + $ 9 + $ 9 + $ 12 = $ 52

Овде су формулисане цене за сваку робу, а затим су прилагођени порезима на све непродовољне производе."
Response:  Лукас ће сваке недеље урадити 30 часовница чишћења (6 часоница у дану), тако да ће укупан приход износити 30 x 6 = 180 долара. Укупни троšек за Lukaс ће бити: 2 x 3 = 6 долара за две бочице белича + 5 x 3 = 15 долара за пакетице крпеља. Тада ће Лукас узети 180 - 6 - 15 = 169 долара у профит.
Response: Џон може да сабере укупно 3 x 4 = 12 Anaanaсa за годину дана.
"Response: 2768 блокова

Основна идеја за решавање овог питања је да се сваки лего кутија може поделити на 500 комада, па онда сумирати количину комада из свих три кутије.

* Прва кутија са 500 комадом = 500 комада
* Друга кутија са 3 пута више комада од 500 комада = 3 x 500 = 1500 комада
* Трећа кутија са 1/4 броја комада од 500 комада = 500 / 4 = 125 комада

Укупно количина комада из свих три кутије = 500 + 1500 + 125 = 2768 комада

Таким чином, Џони će подићи 2768 блокова ако подигне све лего."
"Response: 25

Основна идеја решења овог проблема јесте да се пчеле могу поделити у две групе: оне које су отишле из кошара у првој фази (30 пчела) и оне које су отишле у другој фази (двоструко више пчела). У другом делу проблема, Дебра види још пчела која су отиšле из кошара у првој фази, па их можемо поредити са онима који су отишли у другој фази.

Такво решење било би следеће:

1. Прва фаза: 30 пчела отишло из кошара у првој фази.
2. Друга фаза: 30 + 2x = 45 пчела отишло из кошара у другој фази (двоструко више пчела него у првој фази).
3. Укупно пчела које се вратило у кошер у последњих 6 сати: 30 + 2x = 45 пчела.

Из овога се види да је укупно 25 пчелавратило у кошер у последњих 6 сати (30 - 2x)."
Response: 9 долара
Response: Џејмс има 48 пријатеља на Фејсбуку (12 x 4 = 48).
Response:  Стив ће морати дачека 15 минута пре него што ће губитник стигнути кући. Уочи се да Стив може да вози бициклом на 440 стопа у минути, а Тим може да вози скејтбордом на 264 стопа у минути. Тада се зна да Стив може да пошаље Тima 178 стопа (440 - 264) у минути. Ово значи да ће Тим морати да чека 15/178 = 15/9 = 1,6 редова да стигне кући пре Стива.
Response:  Данашњег дана, Шонада је зарадила укупно $17,50 (5 x $25 = $12,50 + 3 x $25 = $75).
Response: 10 x 6 = 60 колача да бисмо израчунали колико новца Карл добија. Такође, можемо рећи да Карл добија 60/0,10 = 600 долара.
"Response: 15 + 4 = 19

Ово се може доказати на следеći начин:

* Дејв је купио паку са 15 комада кромпира.
* Када је мараuca украла паку из руке Дејава, још увек је било 15 комада кромпира у паку.
* Када су чавуљи проглали пола количину фрицеса, још увек је било 7 комада кромпира (15 - 8 = 7).
* Када су голубови одвукли другу половину преосталих пржених, још увек је било 3 комада кромпира (7 - 2 = 3).
* Кад је један ено крао две трећине преосталих пржених, још увек је било 1 комад кромпира (3 - 0.5 = 1).
* Укупно је било 15 + 4 + 7 + 2 + 1 = 19 комада кромпира у паку када га је Дејв купио."
Response: 48 часа (16 недеља x 3 или 2 сата по недељи)
Response:  Бил ће бити у стопалима 4 дana и 4 часа.
Response:  Да би Чувар зоологичког врта наручио достатак банана за 2 месеца, мораће да наручи следећи број банана: Гориле 800 банана (2 x 400), а павијану 50 банана (2 x 25).
Response:  Блејк трчи 15 пута, тако да је његова дужина трчања износила 15 x 100 = 1500 метара. Кели трчи 34 пута до 40 јарди линије и назад, тако да је његова дужина трчања била 34 x (40 + 100) = 2680 метара. Зато је Блејк био победник и трчао је више него Кели.
Response:  Рафаел је потрошио укупно 38 долара (4 x 1,5 = 6 долара + 2 x 4 = 8 долара + 20 = 38 долара).
Response:  Фин може видети 5 бубуљаца у језерцу. Овиме се доказало да су 2 бубуљаца скривена испод камена и 3 испод лилића, те да један бубуљик још увек улаже у воду.
Response:  Дубина воде у резервоару у среди била је 4 метра (2/3 x 17 = 4).
Response:  Рибе су ухватиле 9 риба.
Response:  Након 36 месеци, врећа мермеља ће костити 480 долара (20 x 20% x 2 x 36 = 480).
"Response: 10 + 3 + 4 = 17 долара

Овај задатак се може решити на следећи начин:

* Црвени аутомобили: укупно 5 x $ 4 = $ 20
* Акционе фигуре: укупно 3 x $ 5 = $ 15
* Лутки: кукла коштала је 3 акционе фигуре, па је вредност кукле $ 15 / 3 = $ 5
* Укупна вредност свих играчка: $ 20 + $ 15 + $ 5 = $ 17

Таким чином, све играчке заједно су вредне $ 17 долара."
"Response: 210 долара

Основна идеја за решење проблема јесте да се треба узети у обзир цена наплаћених пореза и трошкова за ангажовање рачуновође. Уколико Џаки плати порезе самостално, она ће изгубити 35 долара на сат у пропуштеном приходу, што би било 35 x 3 = 105 долара месечно. Уколико ангажује рачуновођу, он ће наплатити 90 долара, тако да укупни троšak за ангажман рачуновође буде 90 + 105 = 195 долара месечно. На тај начин, ако ангажује рачуновође, Џаки ће имати више новца (195 - 105 = 90 долара) него ако самостално плати порезе."
Response:  Елвира ће остати 386 евра (1500 - 1090 - 157 - 74 - 102 = 386).
Response:  Сандра мора да чува децу 6 пута, јер ако има 9 јаја сваки пут када пази на њихову ћерку, то значи да може направити укупно 9 x 6 = 54 шпанска флага. Али ако жели да направи 15 шпанских флага, онда мора да чува децу 6 пута, односно 15 / 6 = 2,5 пута.
Response: 46
Response: Џими има $10.
Response: 250 километара.
Response:  Укупно су укупно костиле 100 униформи, а за сваку униформу кошта се: капица - $ 25, јакна - $ 75 и панталони - $ 60. Тада се може видети да укупно кошта 100 униформи: $ 25 x 100 = $ 2500 + $ 75 x 100 = $ 7500 + $ 60 x 100 = $ 6000 = $ 15500.
Response: 240 ногу (80 + 90 + 3)
"Response:  Укупан број година четира птица је 140 година.   
Остварено на основу информација из питања:  Сали Два је три године старија од Баке Црвене, тако да је Бака Црвена 2 + 3 = 5 година старија од Сали Две.  
Сали Тридесет и два је две године старији од Сали Четири, тако да је Сали Четири 2 + 2 = 4 године млађи од Сали Тридесет и два.  
Баба Црвена је twice as old as Сали Четири, или BaBA = 2 x 4 = 8 година старија од Сали Четири.  
Таким чином, укупни број година четири птице је: 5 + 8 + 4 + 4 = 17 година."
"Response: 1674 $

Основна формула за решавање овог проблема је:

Total monthly payments = (Minimum payment + Total debt) / Number of months

Where:

* Total monthly payments is the total amount that Jessica will pay each month towards her debts.
* Minimum payment is the minimum amount that Jessica has to pay each month towards her debts.
* Total debt is the total amount of money that Jessica owes.
* Number of months is the number of months for which Jessica wants to make these payments.

Using this formula, we can calculate the total monthly payments that Jessica needs to make in order to pay off her debts within a year. Let's plug in the values given in the problem:

Total monthly payments = ($300 + $10,000) / 12 = $1674 per month

Therefore, if Jessica wants to pay off her debts within a year and pay at least 50% more than the minimum payment, she will need to pay $1674 per month for 12 months."
Response: 120 секунди
"Response: 100

Обавештејте ме:  Као што је речено у питању, Хуан и његов брат Карлос продају лимонаду. За сваки галон чине да кошта 3 долара за лимуне и 2 долара за шећер. Продају сваку чашу за 0,50 долара и добијају 20 чаша по галону. Ако су зарадили 25 долара, колико су потрошили на лимуне?  
Одговорећи на питање, мораћете да рачунате количину лимуна којима су се Хуан и Карлос обавиљили како би зарадили 25 долара. Уколико су потрошили x лимена, онда су зарадили 3x долара (3x лимена × 3 долара по лимену) + 2x долара (2x лимена × 2 долара по лимену). Након тога, можете изразити количину лимена у децималним бројем: x = 25 / (3x + 2x) = 25 / 5x = 5x.  
Таким примером, можете видети да ако су Хуан и Карлос потрошили 5 лимена како би зарадили 25 долара, онда су зарадили 3 долара за сваки лимон и 2 долара за сваку чашу."
"Response: 30

Резултати:

* Укупно дечака у тиму: 160 (240 - 80)
* Девојке у кинеском тиму: 60 + 30 = 90

Таким чином, у кинеском тиму је било 90 девојака."
Response:  Заид ће још имати 5800 $ (6000 - 1/4 x 100 = 5800).
Response:  Укупан број ракова код тројице лица једнак је укупном броју ракова десеторо краба minus brojкраба Моника, plus brojкраба Боа. Ово се може изразити математичким формулом: (10 x 10) - 4 + 40 =?. Извршавањем овог рачуна, добијамо: (100 - 4) + 40 = 86. Тада знамо да су тројица лица имала укупно 86 ракова.
Response: 24 долара (10 долара/сат x 8 сати другог викенда) + 10 долара (10 долара/сат x 5 сати првог викенда).
Response:  Број гласова које је добио губитак можемо израчити са овом формулацом:Губитник = Укупан број гласова - (Победник + Подељено на укупни број ученика)Такође, према питању, ако је победник добио 3/4 гласова, онда је подељено на укупни број ученика у разреду било 80. Зато можемо изразити губитник тако:Губитник = 80 - (3/4 x 80) = 80 - 60 = 20Поновимо операције:Губитник = 20Број гласова које је добио губитак у овом случају је 20.
"Response: 160 црвених ружа
Основна идеја за решавање проблема јесте да се Сандрина затрага може изразити као дељивост броја црвених ружа и броја белих гвожђа. Уколико се Сандринска затрага изрази као дељивост x, тада се број црвених ружа може изразити као x/5, јер су Сандра наручила 5 пута више црвених ружа него белих гвожђа.
Такође, према информацијама у питању, Сандра је наручила 200 ружичастих лилија, који су такође део Фредовег наруџбина. Међутим, ови лилији нису узети у обзир при рачунуњу броја црвених ружа које треба доделити Сандри.
Из свега тога, можемо конcludere да Фред мора доделити Сандри 160 црвених ружа до 5 сати како bi она испунила своju затраву."
Response: Џин = 2 + 5 = 7 година стараји од Марка.
"Response: 12 секунди

Основна разлога зашто се може рећи да ће бржи тим победити са 12 секунди у износу на следећем начину:

* Први тркач брзог тима трчи 400 метара за 55 секунди (55 + 0 = 55).
* Друgi тркач брзог тима трчи 400 метара за 60 секунди (60 + 5 = 65).
* Прvi тркач слабог тима трчи 400 метара за 70 секунди (70 + 5 = 75).
* Drugi тркач слабег тима трчи 400 метара за 65 секунди (65 + 5 = 70).

Таким чином, укупно су брзији тимови постигли резултат од 55 + 65 = 120 секунди, док су спорији тимови постигли резултат од 70 + 75 = 145 секунди. Ово значи да су брзији тимови победили са 12 секунди."
"Response: 0,67 или 67%

Обавештење: Џери није бацио коцку. Ово је само пример за илустрацију теореме о коцки."
Response: Џенову мама је било 15 јабака (20 - Пола).
Response:  Укупно је 40 пакова (4 x 10 = 40) пакова сламе, а сваки пакет има 6 комада сламе. Тако би се укупан број комада сламе које су додељене малим глодарима могао изразити формулом: 40 x 6 = 240 комада сламе. Ово значи да их је укупно 240 комада сламе додељено малим глодарима. На основу тога, можемо рећи да је у сваком кавезу пацова било 30 палова (240 / 8 = 30).
Response:  Менди дугује Бенедикту $96,57 (100 x 0,9657).
Response:  Трговац је продао 133 торбе (400 долара - 20 долара за превоз поторбе x број торби = 133 торбе).
Response:  Сваки од њих је платио 1/4 (1/3 + 1/6) x 20,25 = 5,05 долара.
"Response: 3x + 6 =?

Обавештејте код за решење:

A) 18
B) 24
C) 30
D) 36"
Response: 10 кг/7 = 1.43 кг/д
Response:  Укупно је остало 40 дрвећа (50 - 2 x 10 = 40).
"Response:  У подне у недељи, колико је више пластичних пламингова било на улици него пластичних пламингоа, било је 6 пластичних пламингоа мање него у јутросу. Ово се може видети из следеће табеле:

У јутросу:

* 18 пластичних пламингоа (субота) + 3/4 пластичног пламина (петак) = 25 пластичних пламингоа

У подне:

* 25 пластичних пламингоа - 6 пластичних пламингоа = 19 пластичних пламингоа

Ово значи да су у подне у недељи било 19 пластичних пламингоа на улици више него у јутросу."
"Response: 10 оlovki x $2 = $20

Ово значи да ће Виолетци бити намештени 20 долара за 10 оlovки у 5 различитих боја."
Response: 5,60 долара
Response: 80 кг (200 - 120 = 80)
Response:  У Соди живи 5656 деце (8417 - 2761).
Response:  Елејн је укупно сакупила 63 покемона картица (20 x 3 + 20 - 10).
Response: 35 центи
Response:  Дневно Балдур добија 10 литара воде (5 кофа ујутру + 6 кофа после поподнева).
"Response: 16743,98 $

Основна идеја за решење овог питања јесте да се треба израчунати количина новца коју Џон може зарадити током целе године ако добије награду на почетку године. Зато што је award amount 5000$, а укупна плата ће бити повећана за 5%, такође ће укупна плата бити повећана за 5% одмах после доделе награде.

Према формулисаном питању, Џон зарађује 2000$ недељно, па онда добија награду у висини od 5000$. Укупна плата пре доделе награде била је 2000 + 2000 = 4000$. Одатле следи да се укупан унос новца у годинама од 5000$ - 4000$ = 1000$.

Такође, кад се узима у обзир да се award amount = 5000$ и prize money = 1/5 yearly income, онда се може рећи да Џон може зарадити укупно 5000 / 5 = 1000$ у другом делу године.

Из рачуна ових два пописа, можемо констатовати да Џон може зарадити укупно 16743,98 $ у другој половини године (1000$ x 16 = 16000$)."
Response: 5 х 2 = 10 буреља вина годишње.
Response:  Резак сира користио је 16 (4 x 4).
Response: Џанет има укупно 38 оlovka (22 зелених + 10 жутих + 6 плавих x 9 = 57 + 6 црвиih x 6 = 38).
"Response:  Бринли би морала да добије резултат 95 на шестом тесту како би добила просечни резултат од 93. Ово се може доказати следећом формулом:
Просек = (89 + 71 + 92 + 100 + 86) / 5 = 845/5 = 169
Бrinly's average score after removing the lowest grade is 169, so she needs a score of 95 on the sixth test to have an average of 93."
Response:  Укупно, Михаел је прошао 180 километара (5 x 25 = 125 + 3 x 60 = 180).
"Response: 176 г

Основна идеја за решавање овог задача је да се нађе вредност просечне масе ћелије џоове торбе. У овом случају, то су ћелије џоових бобова (bombonics).

Претпоставимо да свака ћелија џоових бобова тежи x грама. Зато што је у питањуtorba sa bombonicama, укупна маса свих ћелија џоових бобова у торби износи:

x = torba sa bombonicama \* number of cells in a single bomboni

where ""number of cells in a single bomboni"" is the number of џоовских бобова у једној торби.

According to the problem statement, there are 25 choCOLADnih плочица and 80 slaTED jAbuKes in the jar. Each choCOLAd plate weighs twice as much as each confiscated jAbuKe, so the total weight of all choCOLAd plates is double that of all confiscated jAbuKes:

Weight of choCOLAd plates = 2 x Weight of confiscated jAbuKes

The weight of one choCOLAd plate is given as 40 grams, so the weight of all choCOLAd plates is:

Weight of choCOLAd plates = Number of choCOLAd plates x Weight of one choCOLAd plate
= 25 x 40 = 1000 grams

Now, let's find out how many џоovskih бобova are in one torbi:

Number of cells in a single bomboni = Volume of torba sa bombonicama / Volume of one cell

We know that the volume of one џоовски бобони is approximately 3 cm³ (since they are roughly spherical). The volume of the entire torba sa bombonicama is given as 176 g, which means its mass is also 176 g. Therefore, the density of the torba sa bombonicama is:
"
Response:  Роуз је укупно купила 12 колача (4 + 3 x 5).
Response:  Укупна цена куповине сваке шоље = (20 x $ 1200) - ($ 6000 x 25) = $ 9600 - $ 15000 = $ 5400.
Response:  Сара мора да коси травњу 2 пута пре него што може да приушти јакну и ципеле.
Response: Џери има 17 црвих пилића.
"Response: 4 сата

Основна идеја за решење овог питања је да се утврди колико времена потребно за ходање дуж ивице паралка. Уколико гари хода 3 миље на сат, онда ће потребно 3/6 = 0,5 сати да хода 1,5 на 6 миљи. Ово значи да ће Гари провести укупно 4 сата на ходању (0,5 сата x 8 часа)."
Response:  Слоан је бројала 300 купаца трећег дана.  Реалум:  На почетку, Слоан је бројала 100 купаца (100 + 0 = 100). На другом даху, она је бројала још 50 купаца (50 + 100 = 150), па на трећем дану још 300 купаца (150 + 300 = 450).
"Response: 2 галона

Основна идеја за решавање овог питања је да се промена количине воде у великом базену може изразити као разлика у количини воде која се испушта у оба базена. Уостале, потребно је наћи количину воде у малом базену да бисмо могли израчунати количину воде у великом базену.

Прво, споменем да у великом базену још увек има четири пута више воде него у малом. Ово значи да у великом базену требало би да буде 4 × 2 = 8 галона воде.

Тепер, када смо знали количину воде у великом базену, могуће је наћи количину воде у малом базену. Из питања се зна да у малом базену још увек има 2 галона воде пре 4 минута, али су сада увелико више воде у великом базену. Због тога, количина воде у малом базену мора да буде мања од количине воде у великом базену.

Уз помоћ формулације:

Велики базен = 8 галона воде
Мањи базен = x галона воде (мања количина)

Изаберите x тако да се њена вредност може уредити са количином воде у великом базену. На пример, ако x = 6 галона воде, онда у малом базену требало би бити 6 / 8 = 3/4 галона воде.

Таким образом, одговором на питање је 2 галона воде у малом базену."
"Response: 16,67 сати

Обозримо да је цена ципела 320 долара, а цena odgovornog pojaса 32,00 долара. Укупна цена забављеног робе је:

Укупан унос = Цена ципела +цена одела = 320$ + 32$,= 352$

Лоријева зарада на сат је $8,00, па колики је њени унос на сат:

Унос на сат = Зарада на сат x број сати = $8,00 x 16,67 = $129,46

Према томе, Лори мора да ради 16,67 сати пре него што може да купи ципеле и одело."
Response: 2000 + (10% x 2000) = 2300 $ Џенета ће остати дужника у износу od 2300 долара.
Response:  У вази има укупно 35 цвећа (7 далија x 4 руже).
"Response: 3 x (21 - 18) = 63"""
Response: 34
Response: 30 минута (10 + 5 + 3 x 2 = 30)
Response:  У резервоару још има 30 литара воде (120 - 90 = 30).
Response: 365 цветова (90 x 4 = 360 + 5).
Response:  Укупна сума коју је компанија потрошила на рекламу за две године износи 22.500 долара. Овом се вредности може досегнути следећим рачуном:  Година 1): Trošak na reklamu = 15.000 $ Godina 2): Trošak na reklamu = 3/4 x 15.000 $ = 11.250 $ Укупан trošak на рекламу за две године = 15.000 + 11.250 = 26.250 $
Response: 27 долара + 96 долара = 123 долара
"Response: 10 дана

Основна идеја за решењем овог питања је да се укупан временски период путовања може изразити као сума времена путовања на различитим средствима. У овом случају, Ендру планира да оде аутобусом 6 дана и аутомобилом 4 дана (пола дана). Такође, треба узети у обзир ток путовања у сваком случају, тј. количина времена која пролази док се путује на истом medio.

Укупно време путовања = Време путовања аутобусом + Време путовања аутомобилом
= 6 дана + 4 дана / 2 = 10 дана

Таким чином, Ендру će провести укупно 10 дана на путовању из Њу Џерсија у Рочестер, од чега 6 дана на аутобусу и 4 дана на аутомобилу."
"Response: 57%

Обавештење: Овај задатак се базира на теорији веродостојности и принципу независне проблемске статистичке механике."
Response:  Чарлс дугује $9,75 = ($6,50 + $2,00 + $1,00 + $1,00 + $0,25 x 2) - $5,00 (поклон картица).
Response:  Они ће бити потребни 180 минута (3x45 = 135 + 45) да заврше слагалицу.
"Response: 48 (30 + 18)

Обојица су упућени на фарму где се налазило 120 млађег лубеника. Ашлинова посећuje фарму после два месеца и сазнаје да су 30% лубеница били спремни за жетву, тако да их одвози кући. Кад севрати две недеље касније, још 30% лубеница буде спремно за жетву, па их пожегне. Укупно колико лубеница је било спремно за жетву након две недеље?"
Response:  MARK pays $36,000 for all the cars (12 x $20,000). Then he pays $1,000 registration fee for each car, so in total he pays $42,000 ($36,000 + $1,000 x 12).
Response:  Кајли је у уторак прикупила 10 љушкова (2 x 5 = 10).
Response:  У басти су биле 75 бубе (50 мрава + 25 друgih инсеката).
"Response: 24 пингвина

Основна идеја за решење овог задаћа јесте да се користи фундаментални принцип математичке пропаганде - да се бројеви подели на делове који су мањи или исто велики. У овом случају, требало би да се број пингвинова (36) подели на три делова: два дела која су мања од целог броја (18 и 9 пингвина), а последњи део од 9 пингвина који су ушли у пећину да би јеле своју вечеру. Такође, требало би да се узема у обзир то да су друга два дела (18 и 9 пингвина) ушле у воду и пливају у океан, па су нестали из игре. Због тога, остаје само 24 пингвина које су још увек у игри."
"Response: 10

Основна идеја за решавање овог питања је у томе што се Стивједи више парадајза него његова девојка. Они су такође два пута више од броја лоза које би произвео недељно. Уколико Стив једе 6 дневно, он ће конзумирати 6 x 2 = 12 парадајза недељно. Ако лоза може произвести 3 парадајза недељно, тада ће се Стивovi потреба за храном изразити као 12 / 3 = 4 лозе недељно."
Response: Џон мора да наручи 5 пута 8 делова = 40 делова пице.
Response:  Рам има укупно 100 оlovki (25 x 4). Ово се добија тако што се бројају све оловке које Рам поседује, а не само оловке које он користи за направу нових. У том случају, Рам има укупно 100 оловки.
"Response: 30 + 10 = 40 долара

Овај задатак представља класичан пример проблема са растом броја или вредности у току времена. У овом случају, Џони је уложио 30 долара и затим га у трошио у периоду од године. Након године, његова суму новца се утростручила, тако да је на крају имао 40 долара."
Response:  Збир година три девојке је 5 + 7 + 2 = 14 година.
Response:  Ученици су се поделили на три групе: 30% (100/300) = 200 ученика изашло је кроз излаз А, 3/5 (700-200) = 460 ученика изашло је кровоизлазом Б, а остатак од 300 - 460 = 90 ученика изашло је кроз излаз Ц.
Response: Џејмс има 6 бонбона више одRoberta, што значи да он може имати укупно 6 + 6 = 12 бонбора. Ако Јован имао 54 слаткиша, онда он може бити имати укупно 54 - 12 = 42 слаткиша више од Џејмса. Такође, Јован може бити имати укупно 42 + 6 = 48 слаткиша више од Робера.
Response:  Укупно књига које ћемо прочитати до краја су 3 + 2 = 5 књига. Ово се може доказати на следећи начин: 1. Доли има две књиге, а Пандора само jednu.2. Ако Доли чита две књиге, тада Пандора мора да чита једну књигу.3. Ако Пандора чита једну књигу, тада Доли мора да чита још једну књигу.4. Укупно, Доли и Пандора ће прочитати 3 + 2 = 5 књига до краја.
Response: 12
"Response: 2700 минута (30 дана x 90 минута у дану) - 450 минута (15 минута дневно x 30 дана) = 2250 минута

Објашњење: Укупно су Јасона за томе што је разговарао са својим шефом и другим људима била 450 минута. Остатак времена, 2250 минута, може се поделити на број дана у месецу, који је у овом случају 30 дана, да би се извело колико је минута Јасона држао за себе сваки дан."
Response: Џинџер је дала Грифину 13 пржених (24 - 11 = 13).
Response:  У првом акваријуму има 4 пужа, па у другом акваријуму може бити до 8 пужа (двострука разлика). Такође, у првом акваријуму има 1/4 количине риба као што је у другом акваријуму, па у првом акваријуму има 16 риба (4 x 4 = 16).
Response: Џин је платила 375 долара (250 долара на сат x 6 сати дневно x 4 недеље) + 10% од 3750 долара = 392,50 долара
Response:  Изabelа је платило укупно 70 долара (12 + 43 + 15 + 4 + 22). Свака особа је платила 23,33 долара (70 / 3 = 23,33).
Response:  Кувар је потрошио укупно 200 килограма лука (4 x 50 = 200). Он је такође потрошио укупно $75 (4 x 1,5 = 6), јер сваки килограм лука коштује 1,5 долара.
Response:  Сју је конзумирала 800 калорија (4 x 200) више него њена сестра у понедељак.
