Response:  Janet tjänar 32 dollar per dag på bondmarknaden, eftersom hon har 16 x 2 = 32 ägg som hon säljer för 2 dollar per stck.
Response:  Det tar en kappa 4 bolter (2 blå + 2 vita) för att få tillbaka de initiala 8 boltrna.
Response:  Josh har gjort en vinst på 75 000 dollar, det vill säga 75 000 - 50 000 = 25 000 dollar.
Response:  James springer totalt 180 meter i veckan, genom att summera de 60 meter han springer i varje av de tre sprinten (3 x 60 = 180).
Response: 37 koppar
Response:  Kylar behöver betala i genomsnitt 48 dollar (5 x 32 = 160 / 60% = 48) för de 16 glasen.
Response:  Toulouse har dubbelt så många får som Charleston, dvs 2x = 14 får. Charleston har fyra gånger så många får som Seattle, dvs 4x = 80 får. Total antal får i alla tre städer är därmed: 14 + 80 + 20 = 134 får.
Response: 156 MB
Response: 25 miles
Response:  If Eliza works 45 hours per week and her hourly wage is $10, then her total income for the week is: 45 x $10 = $450 + (1,2 x $10) x 45 = $540 Total income for the week = $990
"Response:  Totalt hadde programmet 180 nedladdningar under de tre månaderna.   
Förklaring:  Vi vet att antalet nedladdningsunder den första månaden var 60, och att det ökade till 3 x 60 = 180 under den andra månaden. Därefter minskade det med 30%, vilket ger oss 180 / (1 - 0,3) = 120 nedladdningar under den tredje månaden. Slutligen summan av dessa tre värden är 60 + 180 + 120 = 360, vilket är svaret på frågan."
Response:  Det kostade totalt $479 att köpa de olika bakverken på bakeriet.
Response:  Det kommer att ta Carlos 7 år innan han börjar tjäna pengar på sitt citronträd. Därför behöver han ha tillräcklig information om hur mycket han spenderar i vardagen för att kunta beräkna hur länge det kommer att ta innan han blir rik. Förstår du fråga?
"Response:  If Melanie had five remaining vacuum cleaners and she sold a third of them to each of three houses (the green, red, and orange houses), then she sold:

* A third of 5 = 1.67 vacuum cleaners to the green house
* A third of 5 = 1.67 vacuum cleaners to the red house
* A half of 5 = 2.5 vacuum cleaners to the orange house

So, in total, Melanie sold 1.67 + 1.67 + 2.5 = 5.84 vacuum cleaners.
Therefore, Melanie had 5 - 5.84 = 0.16 vacuum cleaners left after selling them."
Response:  Av totalt 20 elever var 10 elever inskrivna i hiphop, vilket innebär att andelen av alla elever som var inskrivna i hiphop är 50%.
"Response: 

Totalvärdet på de båda alternativena är $5000 x 1,025 = $5125 för smyck och $8000 x 1,012 = $8160 för electronics.
Köpmannens totala vinst vid val av det ena alternativet blir då ($5125 - $8160) / $5000 = -$3475.
Det vill säga, om köpmannen väljer det ena alternativet kommer han att ha en negativ vinst under månaden."
"Response:  Det finns tre olika möjliga lösningar till denna fråga, men vi kommer att visa hur man kan hitta lösningen genom att använda sig av algebraiska metoder. Först behöver vi skissa ner alla möjliga kombinationer av sträckor som tågen kan ha tagit under de två dagarna. Vi kan lista ut dessa kombinationer genom att anvende oss av binomialsatsen:

* Dag 1: 2x + y = 130 km (San Rafael - x km) + y km (nordligare riktning)
* Dag 2: 2x + 2y = 150 miles (San Rafael - x km) + 2y miles (norrligare riktning)

Nu kan vi substituera x med y i den andra formeln för att få:

2x + 2y = 150 miles

Substitutionen ger oss:

2(70) + 2y = 150

Man kan nu se att y = 80 miles, vilket innebär att tågen har tagit följande sträckor:

Dag 1: San Rafael - 70 km norrut
Dag 2: San Rafael - 80 miles norrut

Det enda annat sättet att lösa problemet på är att använda sig av en geometrisk metod, där man ser hur tågen rör sig på kartan och beräknar deras färdiga sträckor. Men genom att använda sig av algebraiska metoder kan man snabbare och mer precist hitta lösningen."
Response:  Jills årslön = (20 x 50) + (30 x 35) + (30 x 15) = 47 500 dollar/år
Response:  Om Claire gör en 3-äggomlett varje morgon, kommer hon att äta totalt 4 * 28 = 112 ägg under fyra veckor.
Response:  Marissa behöver gå med en genomsnittlig hastighet av 7,5 km/tim för att komma ikapp med sitt mål om genomsnittshastigheten skall vara 6 km/tim.
Response:  Det finns 23 liter vatten kvar i de återstående 24 literna.
Response: 4
Response: 8 x (1/3) + 2(1/2) = 8 x 1/6 + 2 x 1/2 = 12 + 2 = 14 DVD-skivor.
Response:  Om ljuset smälter med 2 cm/tim, blir det kortare med 6 cm (13-17) + 2 cm/tim = 8 cm totalt.
Response:  The original price of the book was $74.25 (19.50 x 25%).
Response: 6 lådor med pizza
Response:  Mishka har spenderat totalt 16,5 + 22,5 + 42 = 80 dollar på kläderna.
Response:  Cynthia kommer att spendera totalt 900 dollar på glass under de 60 dagarna (15 portioner/dag x 60 dagar = 900 portioner).
Response:  The distance between the first and second stops is 45 miles (15 + 30).
Response:  The cost of the boots is $33 + ($2 \* 2 =) $46 = $79.
Response:  Allen har ännu inte fyllt 80 år, men han kommer att fylla 80 år om 10 år. Han är nu 70 år gammal (7:11 = 70).
"Response:  De i genomsnitt gissar att det finns cirka 137,6 bönor i burken (med storleksordningen i parentes).   
Bakgrunden till problemet är att vi har tre olika uppgifter om antalet bönor i burken som kommer ifrån tre olika personer. Vi kan inte direkt använda dessa uppgifter för att beräkna totalt antal bönor i burken utan behöver istället hitta genomsnittsvärdet genom att kombinera deras uppgifter.    
Lösning:  Först beräknar jag summan av alla uppgifterna: 80 + 20 + 25 = 125. Därefter dividerar jag summan med antalet personer som ger uppgiften (tre): 125 / 3 = 41,67. Slutligen multiplicerar jag resultatet med 100 för att få heltaligt svar: 41,67 x 100 = 4167.  
Svarets precisa värde är 4167 bönor i burken."
Response:  Om varje hund tar 1,5 timmar per dag på att gå och sköta sitt eget ärende, innebär det att de totalt tog Hand om 10 hundar 15 timmar per dag (10 x 1,5 = 15). Det betyder att John ägnar sig 15 timmar i veckan åt att ta hand om hundarna.
Response:  Gretchen har 40 guldmynt.
Response:  Siobhan har totalt 38 juveler (2 + 5 = 7).
Response:  Totalt fick Mike 36 poäng i sin pingispel.
Response:  Terry kommer att spendera $120 på yoghurt under 30 dagar, eller $4 per dag.
Response:  John har 6 lego-satser kvar (13 - 8 = 6).
Response:  John springer totalt 100 km under veckan, medeldeläggenhet 50 km/dag. Den första dagen springer han 3 timmar, vilket motsvarar en distans på 3 x 3 = 9 km. På de övriga two dagarna springer han halva tid, det vill säga 2 x 2 = 4 km/dag. Totala distansen under veckan är därmed 50 km + 4 km + 4 km = 68 km.
"Response:  If Dana can jump four times faster than she can walk and she jumps with half the speed of her running, then she can cover a distance of x miles in y hours if she spends z/3 of the time walking and (1-z)/3 of the time jogging. Since she walks at 2miles/hour and runs at 6miles/hour, we have:
x = (2/3)yz + (1/3)(4yz - 2m)
Solving for x gives us:
x = 8yz + 4m
In this case, since Dana can jump three miles per hour, we have:
x = 8(3yz + 4)
x = 24yz + 12
So, if Dana spends two thirds of her time walking and one third of her time jogging, she can cover a total distance of 24yz + 12 miles in six hours."
Response:  Brandon's iPhone är fyra gånger 4 = 16 år gamla.
Response:  If Polly held the diamond stone, she could throw the gold spear 3 times farther than her normal throwing distance of 120 meters, resulting in a total throwing distance of 390 meters (120 + 3 \* 150).
Response:  Gästerna tog totalt 60 bitar (5 pajer x 8 bitar/paj).
Response:  If you have a daily calorie intake of 2000 calories and you have already consumed 1800 calories from the bag of chips (which contains 250 calories per portion), then you can eat up to 400 grams of chips (5 portions x 250 calories/portion = 1250 calories).
Response:  Charlie har en nettovinst på 48 dollar (2 x 20 = 40 + 10 = 48).
Response: 16 timmar
Response:  The number of Post-it-notes in the package that she bought is 16 (23 - 8 = 16).
Response:  John har spendat totalt 800 dollar på slipsar, varav 600 dollar på röda slipsar och 200 dollar på blå slipsar.
Response:  Tracy fick totalt 60 bitar av tråd (15 cm x 4).
Response:  Det finns totalt 120 enheter i byggnaden (15 våninger x 8 enheter per våning). Av dessa är 3/4 av byggnaden upptaget, vilket innebär att 90 enheter är upptagna (75% av 120). Däremot har endast 30 enheter ledigt rum (90 - 60 = 30).
Response:  Lloyd tjänar 704 dollar på ägg per vecka, det vill säga: 2 dollar per dussin x 252 ägg per dag / 7 dagar i veckan = 704 dollar per vecka.
Response:  Det tog Tom 2 timmar att segla tillbaka, eftersom han har seglat 4 mil (10 miles / 2 = 4 miles) under tiden han var borta.
Response:  If Uriah takes away 30 comic books, which weigh half a kilogram each, he needs to take away 15 lego sets to make up the remaining weight of 2.5 kilograms (since 30 x 0.5 = 15).
"Response: 

Mekanikern tjänade totalt 3840 dollar den dagen (60 x 6 = 360 + 40 x 4 = 160)."
Response:  The Doubtfire family has adopted a total of 7 + 3 = 10 kittens.
Response:  Jean kan fylla 15 påsar med de resterande 18 lollipoperna.
Response:  Peter kan gå på bio 6 gånger om han har 42 dollar i veckan.
Response: 16
"Response:  Slutpriset på Mat för Stephen var $68.

Bakgrund:
Stephen beställde mat på nätet via en leveransförsäljare som tillskotterade 25% av den slutliga summan plus tog ut 3 dollar i leveranskostnader. Dessutom gav han ett dricks på fyra dollar. För att hitta slutpriset på maten behöver vi知ledge fråga om hur mycket maten kostade innan tillskott och avgifter. Vi kan använda oss av följande formula:
Slutpris = Inkomst + Tillskott - Avgifter
Inkomst = Beställningssumma x (100 / 100)
Tillskott = Summan av alla tillskott
Avidia = Summan av alla avgifter
Vi har att arbeta med är att hitta inkomsten, tillskott och avgifterna.
Första steget är att beräkna inkomsten. Vi har att arbeta med är att multiplicera beställningssumman med (100/100), vilket ger oss 40 dollar.
Nästa steg är att beräkna tillskottet. Vi har att tillskota 25% av den slutliga summan plus 3 dollar i leveranskostnader, vilket ger oss 17,5 dollar i tillskott (25% x 40 dollar + 3 dollar).
Sedan behöver vi att beräkna avgiften. Vi har att arbeta med är att summation av alla avgifter, vilket ger oss 7 dollar i avgifter (dricks x 4 dollar + leveranskostnader x 3 dollar).
Slutligen kan vi beräkna slutpriset på maten genom att kombinera inkomsten, tillskottet och avgiften:
Slutpris = Inkomst + Tillskott + Avgifter
= 40 dollar + 17,5 dollar + 7 dollar
= "
"Response:  Det finns i genomsnitt 3,54 frukter per cm² på en hallonbuske. Om vi antar att busken har en yta av 1 m², vilket ger oss en totalantal av 3,54 kg frukt. Men vi känner inte till storleken på de individuella frukterna, så vi kan inte skära ner dem i kg. Vi kan dock beräkna antalet frukter genom att räkna ut hur många frukter som finns i varje cluster (i det här fallet 6) och sedan dividera det talen med 6 för att få det totala antalet frukter.   
Första steget är att räkna ut antalet frukter i varje cluster. Vi kan göra det genom att dela den sammanlagda längden på frukterna i varje cluster med den genomsnittliga längden på en enda frukt. Ditt resultat blir:  
Cluster 1: 80 frukter / 19,5 cm = 4,06 frukter/cm²  
Cluster 2: 100 frukter / 20,5 cm = 4,85 frukter/cm²  
...  
Cluster 6: 60 frukter / 17,5 cm = 3,53 frukter/cm²  
Totalantalet frukter i alla clusters: 4,06 + 4,85 +... + 3,53 = 3,54 frukter/cm²  
Sedan kan vi beräkna totalt antal frukter genom att multiplicera antalet frukter i varje cluster med antalet clusters (sex): 6 x 3,54 = 21,24 frukter.  
Totalt har vi därmed 21,24 kg frukter på en hallonbuske med en yta av 1 m²."
"Response: 23

Explanation:

* 1 av de 25 apelsinerna är dålig, dvs inte god.
* 20% av de 25 apelsinerna är omogna, dvs inte fullständigt utvecklade. Dessa kan ändra på sin sötma vid skörden.
* 2 av de 25 apelsinerna är sura, dvs har en sämre smak än genomsnittet.
* Resten av de 23 apelsinerna är goda, dvs har den normativa smaken för apelsiner.

Svaret på frågan är därför 23 goda apelsiner ur de totalt 25 som fanns i korgen."
Response:  Totalt betalade Janet 2300 dollar (500 + 800 + 10%).
Response:  För att lösa detta problem kan vi använda oss av formeln för beräkning av pensionen som är baserad på tidspersondelning. Formeln lyder: Pension = (Pensionsvärde x % av pensionsvärdet) / Åldern vid slutavrinningsområdet. Vi har givits information om att Marcy har arbetat i samma företag i 40 år, vilket innebär att hon har vunnit 40 års pension. Vi också har information om att hon får 5% av pensionsvärdet varje år sedan hon är 20 år gammal. Slutligen har vi given information om att hon kommer att få en årlig pension på 50 000 dollar. Vi kan nu skapa en tabell med de relevanta värdena: |Ålder|Pensionsvärde|% av pensionsvärdet|Summa pension|  |40|50 000|5|250 000|  |30|...
Response:  Totalbelopp Aleenas utgifter för strömlinnetjänst under året är 1620 dollar (140 x 1,1 = 154 + 140 x 10%).
Response:  Sophia kan köras 40/160 = 2,5 timmar med en enda bensintank. Det betyder att hon kan köra cirka 250 kilometer innan hon behöver fylla på igen.
Response:  Jim tittar på TV i totalt 8 timmar (2 x 2 = 4) och läser i totalt 10 timmar (3 x 2,5 = 7,5). Det innebär att han har tillbringat sammanlagt 18 timmar på att titta på TV och läsa under de fyra veckorna.
Response:  Om vi antar att det finns fyra skolor som tävlar i turneringen, och att varje skola har skickat ett basketlag för flickor och ett basketlag för pojkar, då har varje skola totalt 10 spelare (5 flickor + 5 pojkar). Dessutom har varje skola skickat en tränare till varje lag, vilket ger ytterligare 4 tränare (2 för flicklagen + 2 för pojklagen). Totalantal personer som skolorna har skickat är därför 10 + 4 = 14 personer.
Response:  The number of diamonds is 175, the number of rubies is less than 35, and the number of emeralds is twice as many as rubies. Therefore, the total number of stones in the chest is: 175 + (less than 35) = 209.
Response:  If there are twice as many boys as girls at Dr. Wertz's school and there are 60 girls and 5 students per teacher, then there must be 12 teachers (twice the number of girls). Therefore, there are 12 teachers at Dr. Wertz's school.
Response:  Bailey had $28 in the end (100 - 72 = 28).
Response:  Hon tjänar 750 dollar på en vecka (15 elever x 15 dollar/elever x 5 dagar = 750 dollar).
Response:  Kelian behöver läsa totalt 40 instruktioner för att laga båda rätterna. Det ena receptet har 20 instruktioner och det andra har dubbelt så många instruktioner som det första, dvs 2 x 20 = 40.
Response:  Tommy får totalt 106 dollar (43 x 3 + 23 x 4).
Response:  For each mobile phone, Sheila will pay $150 upfront and then $150 x (1 + 0.02) = $165 per month for the next three months. Therefore, she will pay a total of $495 ($150 + $165 x 3) over the three-month period.
Response: 35,60 dollar
"Response:  Vi kan skissa hur stor sandslottet blir vid varje nivå genom att använda sig av formeln för area av en fyrkantig figur med sidlängderna som är lika de halva längdarna på varje nivå. Vi kan också antaga att alla sidlon ger oss en halv meter i omkretsen.
Vi kan starta med den övre nivån som har en arean av 16 m². Vi kan sedan beräkna arean av varje nedre nivå som har en arean som är hälften av den övre nivån.
Nivå 2: Arean = (halvan av 16) = 8 m²
Nivå 3: Arean = (halvan av 8) = 4 m²
Nivå 4: Arean = (halvan av 4) = 2 m²

Som du kan se har vi nu beräknat arean av alla fyra nivåerna av sandslottet. Avrinningsområdet av totalt 16 m² som given i frågan.
Svaret på frågan är alltså 16 m²."
Response: 365 påsar
"Response:  If Raymond does half as much laundry as Sarah and Sarah does 4 times as much laundry as David, the difference in the amount of laundry Raymond and David do is equal to 400 pounds if Sarah does 400 pounds of laundry.

Here's how you can calculate it:

Raymond does half as much laundry as Sarah, so he does 50% of her laundry.
Sarah does 4 times as much laundry as David, so she does 4 x 4 = 16 times as much laundry as David.
So, the total amount of laundry done by Sarah and David is:
Sarah's laundry = 50% of her laundry + David's laundry = 50% of 400 + David's laundry = 200 + David's laundry
Therefore, the difference in the amount of laundry between Raymond and David is:
Raymond's laundry - David's laundry = 50% of 400 - 200 = 300 pounds."
Response:  Om Vincent köper 18 blommor i paket på tre för 2,50 dollar, kommer han att betala totalt 49,50 dollar (3 x 2,50 = 7,50 per blomma). Om han istället köper dem i paket på två för 1 dollar, kommer han att betala totalt 36 dollars (2 x 1,50 = 3 dollar per blomma). Han sparar därmed 13,50 dollar (49,50 - 36) genom att välja det bättre priset.
Response:  Det kostar John 70 dollar (100 - 30 = 70) att ha sin hund vårdad.
Response:  Det finns 108 liter vatten kvar (24 - 6 = 18 + 6 = 108).
Response:  Charlie har 40 klistermärken kvar (10 - 9 = 40).
Response:  Grace väger 45 kg, Alex väger 43 kg (2 kg mindre än Grace). Deras sammanlagda vikt är därmed 45 + 43 = 88 kg.
"Response:  Det finns totalt 200 taggar på de tre rosbuskarnas rosor.    
Förklaring:   
1. Antalet rosor per buske = 3 x 25 = 75 rosor.     
2. Antalet taggar per ros = 8 taggar/ros.     
3. Totala antallet avtaggar = 75 x 8 = 600 taggar."
Response:  Detta kan vi lösa genom att använda oss av informationen i frågan. Vi vet att laget spelade 22 matcher, och att de vann 8 gånger mer än de förlorade. Vi kan också antaga att det var lika många matcher som de vann och förlorade tillsammans. Därför kan vi skriva en ekvation baserad på dessa uppgifter: W = 8 - L, där W är antalet vinster och L är antalet förluster. Om vi nowser att laget vann 8 matcher och förlorade 14 matcher (som anges i frågan), kan vi sluta att deras totala vinstantal är 8 + 14 = 22. Därmed har vi funnit ut svaret på fråan: Lagets totala vinstantal är 22 matcher.
Response:  Gene har totalt 11 täckblock, en för varje semester han varit på sedan han var 23 års ungdom.
Response:  Larmet ringde totalt 7 gånger.
Response:  Sylvies årslön = (Sylvies månadslön x 1 + 10%) x 3 = $7200 x 1.1 = $8400.
Response:  If Marilyn sold 880 000 copies of their first album and Harald sold 88 000 copies of his album together, then Harald sold 10 times fewer copies than Marilyn. Therefore, Harald sold 88 000 / 10 = 8800 copies of his album.
Response:  $2 x (75 / 4) = $300
"Response:  To calculate the amount of potato salad needed for the dinosaur picnic, we need to use a proportion to find out how much each person will eat based on their age and size. Let's assume that an adult dinosaur eats 10 pounds (4.5 kg) of potato salad per meal, while a child dinosaur eats half as much, or 5 pounds (2.3 kg) per meal.
If there are 20 adult dinosaurs and 5 child dinosaurs at the picnic, then the total amount of potato salad needed is:
Adults: 20 x 10 = 200 pounds (90.7 kg)
Children: 5 x 5 = 25 pounds (11.3 kg)
Total: 200 + 25 = 225 pounds (102.1 kg)
Therefore, Ted should bring approximately 225 pounds (102.1 kg) of potato salad to the dinosaur picnic to ensure that everyone has enough to eat."
Response: 3x + 2 = 10 (Jan har tre gånger så många husdjur som Marcia) + 2 = 12 (Marcia har två husdjur mer än Cindy) + 4 = 16 (Cindy har fyra husdjur) => 3x + 2 = 16 => x = 5 (antal husdjur Jan har).
Response:  Jackson är tre år äldre än Amy. Amy är fem år äldre än Jackson, vilket innebär att hon är tio år äldre än han. Amy är också två år yngre än Corey, vilket innebär att Corey är åtta år äldre än Jackson. Därför är Jackson femton år gammal.
Response:  For att lösa detta problem behöver vi veta hur mycket tid som passerar innan Gerald har sprungit 400 meter med hinder. Vi vet att han tidigare sprang 400 meter med hinder i 38 sekunder, vilket innebär att han sprang en fjärdedel av distansen (200 meter) på 38/4 = 9,5 sekunder per fjärdedelsdistans. Sedan har han förbättrat sitt resultat med 10%, vilket innebär att han nu kan springa 400 meter med hinder på 35,2 sekunder (38 + (10% x 38)) = 35,2 sekunder. Därefter kan vi beräkna hur fort Lee kan springa 400 meter med hinder genom att jämföra hans tid med Geralds nya tid: Lee springer 400 meter med hinder på 34 sekunder, vilket är 1 sekund snabbare än Geralds nytta.
"Response:  Det finns 120 husdjur i grannskapet.

Bakgrunden till problemet är att vi har en lista över husdjur i grannskapet, men listan innehåller inte information om kön på de olika djuren. Vi vet dock att det finns fler honor än hanar bland kaninerna, och att det finns lika många hanar som honor bland hundarna och katten. Vi vill nu skapa en matematisk modell av situationen för att hitta utavrinningsområdet av husdjur i grannskapet.

Vi börja med att lista ut antalet kaniner, hundar och katter i grannskapet baserat på de uppgifter vi har. För kaninerna har vi att deras antal är tolva mindre än det totala antalet hundar och katter, vilket innebär att kaninernas antal är 120 (tolvan minus 60). För hundarna har vi att deras antal är 60, sedan det står att det finns two katter för varje hund. För katten har vi inga exakta uppgifter, men vi vet att det finns lika många hanar som honor bland katten, vilket innebär att det finns 60 katter i grannskapet (30 hanar och 30 honor).

Nu kan vi forma en matematisk modell av situationen genom att använda sig av en tabell som visar antalet husdjur i grannskapet baserat på kön på de olika djuren. Tabellen ser ut ungefär såhär:

| Djurs kön | Antal husdjur |
| --- | --- |
| Kaniner | 120 |
| Hundar | 60 |
| Katter | 60 |

Med denna tabell kan vi snabbt se att det finns sammanlagt 240 husdjur i grannskapet (120 kaniner + 60 hundar + 60 katter)."
Response:  Om av de 200 eleverna i femte klass är två femtedelar pojkar, innebär det att 40 elever (2 x 5/10) är pojkar. Därefter har vi 160 elever som är flickor (100 - 40). Av dessa 160 flickor är två tredjedelar flickor i flickskyttar, vilket innebär att 128 flickor (2 x 3/4 x 160) är i flickskyttar. Slutligen har vi 32 flickor som inte är i flickskyttar (160 - 128).
Response:  Harry sov totalt 9 timmar, medan James sov 2/3 * 8 = 5 timmar. Det innebär att Harry har på sig 4 extra timmar (9 - 5 = 4).
Response:  Freda använde totalt 16 tomater (3 x 5 = 15).
Response:  Under de första 15 minuterna av trafikstockningen kördes totalt 16 bilar genom (5 + 11).
Response:  Mary kommer att ha 2 krukväxter kvar, dels de 2 krukväxterna som redan finns på fönsterbrädorna i hennes hus, dels den ene krukväxten som hon tänker ge bort till vänner och familj i morgon.
Response:  The doorbell rang 80 times (60 + 20).
Response: 3,67
Response:  John dricker totalt 7 glas vatten i genomsnitt per vecka, varav 5 glas under dagtid och 2 glas under nattetid på helgerna.
Response:  The time it takes for the fog to cover the entire city can be calculated as follows: Let's assume that the distance from the shore to the opposite inland edge of the city is 42 miles (67.6 km). Since it takes 10 minutes to travel one mile (1.6 km), it will take 420 minutes (or 7 hours) for the fog to roll in and cover the entire city. Therefore, the answer is 7 hours.
Response:  Det finns totalt 1000 pusselbitar (1000 = 4 x 250 + 3 x 75). Av dessa har Poppy lagt 250 bitar på brädet, varav 75 är kvar att placera.
Response:  De två äter totalt 15 kakor (3 x 5 = 15).
"Response:  Den totala inre volymen av alla 3 lådor är 2700 cubic centimeters (cm³).   
Förklaring:     • Lådan med en yta på 15 cm x 15 cm har en volym som är 15 cm x 15 cm x 15 cm = 2250 cm³     • Walls are two-centimeter thick, so the volume of each wall is 2 cm x 2 cm x 3 walls = 480 cm³     • Total volume of all three boxes is therefore 2250 + 480 = 2700 cm³"
Response: 2
Response:  Henry bakade 28 kakor förra året.
Response:  If someone buys 10 gallons of gasoline at a local gas station where the price is $3 per gallon and they receive $20 cashback for each gallon, then the total cost of the gasoline after the cashback would be: Total Cost = Price of Gasoline x Number of Gallons - Cashback Amount Total Cost = $3 x 10 - $200 Total Cost = $280 The person would pay $280 for 10 gallons of gasoline after receiving the cashback.
"Response: 

Beatrice tog totalt 60 fruktroll (24 x 2 + 14). Marcell tog totalt 27 fruktroll (3 x 14).
Så i genomsnitt åt de båda 43 fruktroll (60 - 27 = 33)."
Response:  Julia tog 128 liter vatten med sig till stranden (sektionsavstånd x tid = volymvatten).
Response:  The whiteboard is shared between the 4 teachers who use the classroom and each teacher has two lessons per day. If the board is cleaned 3 times per lesson, then it will be cleaned a total of 6 times per day (2 lessons x 3 cleans per lesson = 6).
"Response:  Om Ryan plantar två blommor om dagen och det tog femton dagar för de första blomörna att sprida sig, då kommer antalet blommor på trädgården att bli:
2 x 2 = 4 blommor per dag (eller 40 blommor under perioden av 15 dagar)
Men om fem blommor inte vuxit under denna tid, sedan har Ryan fjorton blommor i sitt trädgård (40 - 5 = 14)."
Response:  If Jamal's phone can hold 1800 photographs and Britanny's phone can take 6 times as many pictures as Jamal's phone, then the maximum number of pictures that Britanny's phone can take is 1800 x 6 = 10800 photographs. Since each picture shows 50 birds, the total number of birds that can be seen on Britanny's photo of the ducks in the park is 10800 / 50 = 216 birds.
Response:  The total cost of the remaining wood is $80 (10 x $10 = $100 + 5 x $16 = $80). Since she sold all the wood for a total price of $300, her profit will be $220 ($300 - $80).
Response:  Katy använde totalt 96 teskedar socker (7 x 13 = 91 + 5).
Response:  John betalade i total 180 dollar (2 x 3 = 6, 60 dollar per par).
Response:  Den andre dagen importerades 6 containrar (30 - 25 = 6).
"Response: 
Om vi antar att Adriens totala lön för fem år sedan var $40 000 (dvs. $10 000/år) och att han nu tjänar $56 000 ($14 000/år), kan vi beräkna den totala lönen de båda fick fyra år senare genom att multiplicera deras genomsnittliga årslön med fem:
$40 000 x 5 = $200 000
Samma princip gäller för Lylah, som tidigare tjänade $30 000 ($7 500/år) men nu tjänar $42 000 ($10 500/år). Deras totala lön fyra år senare blir alltså:
$30 000 x 5 = $150 000
Totalt har därmed Adriens och Lylahs totala lön under de fem åren steget utökats med $350 000 ($200 000 + $150 000)."
Response:  Miguel använder 60 pappersark var månaden (30 x 2 = 60).
Response:  Om Morisette tog med sig fem äpplen och åtta apelsiner, har han tagit med sig i genomsnitt en fjärdedel av alla frukter (5 + 8 = 13). Därmed har han tagit med sig 13/4 = 3,25 frukter totalt.  Kael tog med sig dubbelt så många äpplen som Morisette, d.v.s. 2 x 5 = 10 äpplen, samt hälften så många apelsiner som Morisette, d.v.s. 4/2 = 2 apelsiner. Totalt har Kael därmed tagit med sig 10 + 2 = 12 frukter. Till sist har vi Morisettes och Kaelts tillsammanlagda frukter, som är 3 + 12 = 15 frukter totalt.
Response:  Sadie sov totalt 24 timmar under veckan.
Response:  Rosie kan springa 48 km på sju timmar.
Response:  The number of unstamped letters is 2/3 x 60 = 40 letters.
Response:  Julia köpte 8 skedar i det nya paketet.
Response: 44 korvar
Response:  If Amy gained 20 more friends after moving to a new school and Lily got 50 friends, then together they have 70 friends (Amy has 20 + 50 = 70 friends).
Response:  The total cost of the melons is 3 x $15 = $45. The total cost of the paprika is 20 x $15 = $300. The total cost of the apricots is 10 x $15 = $150. Therefore, the total amount that Dylan will spend is $45 + $300 + $150 = $685.
"Response:  Detta kan vi lösa genom att multiplicera antalet patienter med tidens längd för varje patient, sedan summera alla läkarsavgifterna och slutligen summera alla patientavgifter. Vi får:
Antal patienter/dag = 500
Tid per patient = 24 minuter = 0,4 timmar (vi dividerar med 60 för att konvertera till timer)
Läkarsavgiften = $150/timme
Patientavgiften = $200/timme
Summa av läkarsavgifterna = 500 patienter x $150/timme = $75 000/dag
Summa av patientavgifterna = 500 patienter x $200/timme = $100 000/dag
Total income = $75 000 + $100 000 = $175 000/dag
Svaret är alltså $175 000/dag."
Response:  Om vi antar att det är 60 säsongsarbetare som arbetar som alver i Santa Village, och att tre av dem sluter sig sedan barn har spytt på dem, så blir det totalt 57 alver kvar (60 - 3 = 57). Om sedan tio av de återstående alverna sluter sig sedan barn har sparkat deras skinn, blir det totalt 47 alver kvar (57 - 10 = 47).
Response:  Totalt kostade Joseph 440 dollar under de två månaderna (500 - 60 = 440).
Response: 18 biljetter
Response:  Walt gick 41/6 = 7 miles på onsdag.
Response:  Om Tom får fyra biltvätt i månaden, betalar han sedan totalt 4 x 15 = 60 dollar per månad. I genomsnitt betalar han därmed 60 x 12 = 720 dollar om året.
Response:  Bobby har 15 videospel.
"Response:  Om vi antar att den genomsnittliga populationen av enhörningar i Skottland är 27, och att två tredjedelar (6/3) av dessa är kvinnor, kan vi beräkna antalet kvinnliga skotska enhörningar som följer:
Antal kvinnliga skotska enhörningar = Antal skotska enhörningar x Procent av kön som är kvinnor
= 27 x 6/3
= 18
Så har det cirka 18 kvinnliga skotska enhörningar kvar i världen."
Response:  Rory's order costs $34.90 (7 x $7.50 + 2 x $1.50 + 2 x $1.00 + $5.00).
Response:  Mark lämnade 29 frågor ofullständiga under de åtta timmarna han hadde till det första testet och 36 frågor ofullständiga under de sex timmarna han hadde till det andra testet.
Response:  The number of pink bubbles is 4 times the number of blue bubbles, which means there are 4 x 12 = 48 pink bubbles in total.
Response:  Halvautomatiska bilar finns i antalet 5.
Response:  Om vi antar att det finns dubbelt så många arbetarbin som honungsbin (dvs 2 x 350 = 700) och dubbelt så många honungsbin som drottningar (dvs 2 x 150 = 300), kan vi sluta sig till att det finns totalt 700 + 300 = 1000 arbetarbin i bikupan.
"Response:  If Jordan spent two hours playing video games every day and worked part-time for $10 per hour, he would earn a total of $240 in one week if he dedicated all his time to gaming. Here's how the calculation works out:

* Daily gaming income: 2 hours x $10/hour = $20/day
* Weekly gaming income: $20/day x 7 days = $140/week

So, if Jordan were to dedicate all his time to gaming, he would earn $140 in one week."
Response:  Alltsammans kostade i total 24 dollar (3 + 3 + 3 + 3 + 4 = 24).
Response:  $136
Response:  Om det tog tre månader att sköra alla ananaserna, och det finns 100 ananas per hektar, kan John skörda totalt 300 ananaser (10 hektar x 100 ananas/hektar x 3 månader).
"Response:  Det tog Johnny 3 timmar att plocka upp alla Lego-figuriner ur boxen med 500 bitar. Om vi antar att det tog honom lika lång tid att plocka upp figurinerna ur de andra boksen, då tog det totalt 6 timmar att plocka upp alla figuriner.   
Förstår du hur man kan använda matematik för att lösa problemet?"
Response: 180
Response: 4 dollars
Response:  James har 48 Facebook-vänner (12 x 4 = 48).
Response: 13 minuter
Response:  Den dagens intäkter för Shawnda var $1,75 (5 x $0,25 + 3 x $0,05 + $0,01).
Response:  Carl får totalt 60 kakor (6 x 10 = 60). Om han betalar med en 10-dollarsedel kommer han att ha 40 dollar kvar (10 - 60 = -40).
"Response: 140

Explanation:

* Dave åt 14 pommes frites innan en hungrig mås stal paketet.
* Måsen åt halva friteset som Dave åt, vilket är 7 pommes frites (halva av 14).
* Tre duvor drev bort måsen från maten och åt varsin pommes frite (3 x 3 = 9 pommes frites).
* En tvättbjörn stal two thirds of the remaining fries (2/3 x 9 = 6 pommes frites).
* Myror tog med sig en sista pommes frite (1 pommes frite).

Therefore, when Dave bought the package, there were 140 pommes frites in it (14 + 7 + 9 + 6 + 1 = 140)."
Response:  Kimo går totalt 48 timmar i klass under en termin.
Response:  Bill bakar totalt 4800 meter (eller 4,8 kilometer) bageri om dagen.
"Response:  For att räkna ut hur många bananer han behöver beställa för att räcka i 2 månader, kan vi använda oss av följande formula:

Antal bananer = (Antal apor x Antal bananer per ape) + (Antal gorillaer x Antal bananer per gorilla) + (Antal babianer x Antal bananer per babian)

Första termen i formeln är antalet apor som behöver bananer, vilket är 200 i detta fall. Andra termen är antalet bananer per ape, vilket är 5 (vi har att djurparken matar alla apor i djurparken). Tredje termen är antalet gorillaer som behöver bananer, vilket är 400 (gorillorna behöver dubbelt så många bananer som aporna). Slutligen är fjärde termen antalet babianer som behöver bananer, vilket är 100.

Som slutlig värden kan vi skriva ner:

Antal bananer = (200 x 5) + (400 x 2) + (100 x 1) = 3000 + 800 + 100 = 4900 bananer

Därmed behöver han beställa 4900 bananer för att räcka i 2 månader."
Response:  Blake springar totalt 600 meter (15 x 100 m), medan Kelly springar totalt 1280 meter (34 x 40 yd). Därmed har Kelly springat mer än Blake, och vinner därför tävlingen.
Response:  Raphael har spenderat i totalt $37,50 på skolmaterial (4 x $1,5 = $6 + 2 x $4 = $8 + $20).
Response:  Finn kan se femton groddjur i dammen.
Response:  Onsdags djup = (2/3) x (tidigare djup + tillägg) = (2/3) x (5 + 2) = 4,67 meter
Response: 47
Response:  After 36 months, the price of a bag of bullets would cost $28. This can be calculated by using the formula: New Price = Original Price x (1 + Increase Percentage)^Number of Months. In this case, the original price was $20, and the increase percentage is 20%, so the new price after 36 months is: New Price = $20 x (1 + 0.20)^36 = $28.
"Response:  The total value of the toys is $190.
Explanation:
The total cost of the red cars is 5 x $4 = $20.
The total cost of the action figures is 3 x $5 = $15.
The total cost of the doll is $10.
Therefore, the total value of the toys is $20 + $15 + $10 = $190."
Response:  $128
Response:  Elvira har 1500 - 1090 = 410 euro kvar för kläder.
Response:  Sandra behöver vara barnvakt 9 gånger för att ge sittandebarnets dotter nya korgar med ägg tillräckligt länge för att hon ska ha tillräcklig antal ägg att göra 15 spanska flänsar.
Response:  Seth är 30 år gammal.
Response:  Jimmy har tio dollar (2 + 8 = 10).
Response:  Han går totalt 45 km per vecka (30 km + 15 km).
Response:  Totalt kommer varje uniform att kosta $105 (3 x ($25 + $60)).
Response:  Totalt ser Jake 250 ben (80 x 8 + 90 x 6 + 3 x 10).
"Response:  The total age of the four birds is 256 years.
Explanation: Let's analyze each bird's age based on the information given in the problem:
1. Sally One: Not mentioned directly but implied to be younger than Sally Two since they are together at the nesting site. So, Sally One's age = 0 years.
2. Sally Two: Is three years older than Momma Red, who is twice as old as Sally Four. Therefore, Sally Two's age = 3 + (2 x 4) = 14 years.
3. Sally Three: Is 8 years old and is equal to Sally Four in age. So, Sally Three's age = 8 years.
4. Sally Four: Is half as old as Granny Red, who is double the age of Sally Two. Hence, Sally Four's age = (2 x 4) / 2 = 8 years.
Now, let's add up the ages of all the birds:
Sally One = 0 years
Sally Two = 14 years
Sally Three = 8 years
Sally Four = 8 years
Total age of the four birds = 0 + 14 + 8 + 8 = 256 years.
Therefore, the answer is 256 years."
"Response:  För att lösa detta problem kan vi använda oss av en linjärlösning med substitution. Vi behöver hitta enworth som gör att summan av de tre beloppena är lika till antalet månader i året.   
Först beräknas beloppen för varje månad:    
Jessicas studielån = $300/month     
Jessics kreditkort = $200/month      
Jessics inteckning = $500/month     
Totalbeloppet = $1000/month    
Sedan beräknas beloppet för totalt i månaden:    
Totalt i månaden = Totalbeloppet x # of months in a year    
= $1000 x 12     
= $12,000/year    
Nu kan vi se att Jessica behöver betala $12,000/år för att betala 50% mer än minimibeloppet."
Response:  För att beräkna hur lång tid det kommer att ta Billy att laga alla 60 potatiserna, kan vi använda oss av följande formel: Total tid = (Antal potatis x Tid per potatis) / (1 + Andra tid) Where: Total tid = Total time required to prepare all the potatoes Antal potatis = Number of potatoes Tid per potatis = Time taken to scale and chop one potato Andra tid = Time taken to repeat the process for the remaining potatoes Now, let's plug in the values we know: Total tid = (60 potatis x 1.5 minutes/potatis) / (1 + 5 seconds/potatis) Total tid = 90 minutes So, it will take Billy approximately 90 minutes to prepare all 60 potatoes for his family gathering.
Response:  To calculate the cost of lemons for Juan and his brother Carlos, we need to use the information given in the problem. We know that they sell each glass of lemonade for $0.50 and they sell 20 glasses per gallon. We also know that they make a profit of $25. Since they sell each glass for $0.50, the total revenue from selling one gallon of lemonade is: Revenue = Number of glasses sold x Price per glass = 20 glasses x $0.50/glass = $10 So, if they made a profit of $25, then their cost of lemons must be: Cost of lemons = Profit / (Revenue - Cost of sugar) = $25 / ($10 - $2) = $18.75 Therefore, Juan and his brother Carlos spent approximately $18.75 on lemons for every gallon they sold.
Response:  Det finns ingen information i frågan om antalet flickor i det kinesiska laget, så vi kan inte utifrån denna information bestämma hur många flickor som varit i det kinesiska laget.
Response:  $5800
Response:  Totalantalet krabbor för Rani, Monic och Bo är: Rani = 10 + 4 = 14, Monic = 4 + 2 = 6, Bo = 40. Totalt har de tre cirka 58 krabbor.
Response:  De första två veckorna tjänade Lloyd $45 ($10/timme x 8 timmar i vecka 2 - 5 timmar i vecka 1).
Response:  Förloraren fick 20% (80-75)/100 = 6 röster av de totalt 80 elever som röstade.
Response:  Fred behöver leverera 80 röda rosor innan kl. 17.00 för att uppfylla Sandras krav.
Response:  Jean är 32 år gamla.
Response:  Lag A har genomsnittsbolagetiden 55 sekunder per löpare, vilket innebär att deras totala tid för 4x400-meterstävlingen blir 2100 sekunder (55 sekunder x 4 löpare). Lag B har genomsnittsbolagstid 58 sekunder per löpare, vilket innebär att deras totala tid för 4x400-meterstävlingen blir 2240 sekunder (58 sekunder x 4 löpare). Därmed kommer det snabbare laget att vinna med 140 sekunder (2240 - 2100 = 140).
"Response:  The probability that Jerry throws a number greater than 3 is 50%. To see why, consider the following:

* If Jerry throws an odd-numbered die, there are three possible outcomes: 1, 3, or 5. Since these numbers are all greater than 3, the probability of throwing a number greater than 3 is 3/6 = 50%.
* If Jerry throws an even-numbered die, there are two possible outcomes: 2 or 4. Neither of these numbers is greater than 3, so the probability of throwing a number greater than 3 in this case is 0%.

Therefore, the overall probability of throwing a number greater than 3 is 50%."
Response:  If Jenna and her mom picked half as many apples as her mom, then her mom picked 20 apples. So Jenna picked 10 apples.
"Response: 

Russell ger ut totalt 160 halmstycken till smågnagarnas burar. Dessa halmstycken delades ut jämnt mellan alla burar, vilket innebär att varje bur fick halmen i proportion mot antalet gnagare i buren.

Antal gnagare per bur = Totalantalet gnagare / Antal burar
= 160 halmstycken / 3 burar (för råttorna) + 10 burar (för hamstrar) + 1 bur (för kaniner)
= 53,33 (eller cirka 54) gnagare per bur för råttorna

Därmed har vi funnit antalet gnagare i varje bur för råttorna."
"Response:  If Mandy can pay after three months, she will give Benedict $103 (instead of $100). Here's how we can calculate it:

1. Calculate the total amount owed by multiplying the original amount ($100) by the monthly interest rate (2%): $100 x 2% = $2
2. Add the initial amount to the accumulated interest: $100 + $2 = $102
3. Divide the total amount by the number of months until payment is made (in this case, 3 months): $102 / 3 = $34 per month
4. Multiply the monthly payment by the number of months until payment is made to find the final amount owed: $34 x 3 = $96

Therefore, if Mandy pays Benedict after three months, he will receive $96 instead of $100."
"Response: 50 säckar (eller 50/10 = 5)

Explanation:
The cost of transporting each bag from the farmer's field to the warehouse is $2. The total amount earned by the trader for selling all bags is $400. Therefore, the number of bags sold must be equal to the total amount earned divided by the cost of transportation:

Number of bags = Total amount earned / Cost of transportation
= $400 / $2
= 50 bags (or 50/10 = 5 bags)

So, the trader sold 50 bags of wheat."
Response:  Varje person betalade 76,88 dollar (20,25 + 33 x 2 - 4,50).
Response:  Om John samlar persikor i tre timmar, då samlar han totalt 3 x 60 = 180 persikor.
Response:  Det behövs totalt 15 kg insekter om dagen för den samlade flocken av tio ankor.
Response:  Om Tom planterar tio träd om året, kommer det att bli totalt 10 x 10 = 100 träd efter 10 år. Därefter dödas 30% av träden varje år, vilket innebär att 30/100 = 30 träd dör per år. Total antal träd som finns kvar efter 10 år blir därför 100 - (30 x 10) = 70 träd.
Response: 36
Response:  Violetta kan få totalt 10 dollar i byte (5 x 2 = 10).
Response: 8 pennor kostar 9,60 dollar (8 x 1,20 = 9,60).
"Response: 16 kg (kilo)

Förklaring:
Vi har 40 restauranger som alla får ett kilo morötter vardera, totalt 40 x 1 kg = 40 kg morötter. Vi har också 200 pund morötter, vilket är 80 kg (pund). Därför kommer 80 kg - 40 kg = 40 kg morötter ej att användas."
Response:  Det finns totalt 5779 barn i Soda, dvs 2887 pojkar och 2892 flickor.
Response:  Elaine har totalt 80 Pokémon-kort.
Response:  Mark tjänar 5000 cent (eller $50) på en vecka.
Response:  Baldur får totalt 30 litrar vatten per dag (5 hinkar morgon x 5 liter/hink + 6 hinkar aftermiddag x 5 liter/hink).
Response:  Det år som John vinner priset på jobbet, kommer han att ha totalt 104 000 dollar i inkomster (2000 x 52 = 104 000). Dels är 5000 dollar prispengar, dels är det en 5% löneökning på 104 000 dollar = 5200 dollar. Totalt kommer John att ha 156 000 dollar i inkomster under det året.
Response:  För att hitta hur många fat vin Josies gård producerer per år, behöver vi känna till antalet hektar som hon odlar druvor på samt hur mycket druvor hon kan producera på varje hektar. Vi har tidigare sett att varje hektar producerar 5 ton druvor per år, så om vi skriver dette i en differentiaellikhet (D) får vi: D = 5 ton/hektar. Nu vill vi veta hur många fat vin Josies gård producerer per år, så vi behöver skriva ut resultatet av multipiceringen av antalet hektar med produktionen per hektar: Fat vin = D x H = 5 ton/hektar x 10 hektar = 50 tonsvin/år.
Response:  Carl använde totalt 20 skivor ost under veckan.
"Response: 34

Frågelement:  Gröna, Gula, Blå, Röda
Svarselement:  Pennor"
Response:  Brinley behöver 4 poäng på det sjunde provet för att få ett genomsnitt på 93.
Response:  Totalt körde Michael 170 km (5 x 25 + 4 x 60).
Response:  Joe's godis påse väger 1700 grams (25 x 40 = 100 + 80 x 40 = 320).
Response: 4 + 3 × 5 = 21 tårtor
Response:  Den totala kostnaden för att köpa varje kopp av de 20 kopparna är: $ 1200 - (6 x $ 6000) = $ 4800.
Response: 47 gånger
"Response:  Jerry har 10 röda kycklingar.  
Bakgrunden till frågan är att man vill veta hur många röda kycklingar Jerry har baserat på att han samlar in 42 ägg varje dag och att han har two white chickens more than red chickens. By using this information and the fact that each red chicken lays 3 eggs per day and each white chicken lays 5 eggs per day, we can determine the number of red chickens Jerry has."
Response:  If Gary walks at a rate of 3 miles per hour, it will take him 2 hours to walk around the entire park (since the park is 6 miles long).
Response:  Den tredje dagen räknade hon 60 kunder (100 - 50 = 60).
Response:  Den lilla poolen har nu 16 gallon (4 gallon/minut x 4 minuter + 8 gallon) av vatten.
Response:  Lori behöver arbeta 40 timmar (320/8) innan hon kanköpa skorna och bältet.
Response:  Janeth kommer att ha kvar 1735 dollar (2000 - 165 x 12 = 1735).
Response:  Totalt finns det 15 blommor i vasen, dvs 4 rosor + 7 dahliers = 15 blommor.
"Response:  Avtalet med Harriet kan beräknas genom att använda formeln för genomsnittsålder:
Average age = (Adrian's age + Harriet's age) / 3
= (45 + 21) / 3
= 66 / 3
= 22 years old
Therefore, the average age of Adrian and Harriet is 22 years old."
Response:  Jojos poäng var 194.
Response:  Carmen spenderade totalt 150 minuter (3 x 10 + 8) på att lösa korsord och sudoku under helgen.
Response:  Det finns fortfarande 30 liters vatten i tanken sedan Celine använde 90 liter vatten till sitt trädgårdsodlingar.
Response:  Totalt planterar Andy 130 blommor (90 x 2 + 40).
Response:  Totalbeloppet som företaget spenderade på reklam under de två åren kan beräknas genom att addera upp belödena för de båda åren. Första året har beløpet på reklam på 15 000 dollar, vilket innebär att man spenderade 5 000 dollar i det andra året (en tredjedel av 15 000 dollar). Totalt har då företaget spenderade 20 000 dollar på reklam under de två åren (5 000 + 15 000 = 20 000 dollar).
Response:  Totalt kommer Carlos och Benji att betala 54 dollar (30 + 6 x 18 = 54).
Response:  Om Andrew planerar att resa till Rochester med buss i six dagar, vilket innebär att det tog sex dagar att resa med bussen, kommer han att resa tillbaka till New Jersey med bil i halva tid, d.v.s. two days (2 dagar). Total tid för resan blir därför six + two = eight (8) days.
Response:  The probability of drawing a water type card when James loses 8 of his water type cards and buys 14 of grass type cards is given by the following formula: Probability = (Number of remaining water types / Total number of cards) x (1 - Loss rate) + (Buy rate x Number of new cards) Where: • Number of remaining water types = 40 - 8 = 32 • Total number of cards = 30 + 20 + 40 = 90 • Loss rate = 8/32 = 0.25 • Buy rate = 14/90 = 0.16 • New cards = 14 So, the probability of drawing a water type card is approximately 0.16 or 16%.
Response:  Chad är skyldig 14,75 dollar (6,50 + 2 + 1 + 1 + 0,25 + 3 + 5 = 14,75).
Response:  Det kommer att ta Kalinda och hennes mamma sammanlagt 216 minuter (motsvarande 3 timer, 45 minuter) att slutföra detta pussel om de båda har en lika snabbhet i arbetet.
Response:  After two weeks, 75% of the remaining melons were ready to be harvested. So, if 30% of the melons were already harvested when Ashlyn left (i.e., after two months), then the number of melons that were not yet ready to be harvested was 70%. Therefore, the total number of melons produced was 120 - 70 = 50.
Response:  Total cost = (12 x $20,000) + ($1,000 x 12) = $240,000 + $12,000 = $252,000
Response:  Kylie samlade in dubbelt så många snäckor på tisdag som hon samlade in på måndagen, dvs 10 + 5 = 15 skott.
Response:  Totalantalet insekter i trädgardensen = (Half of the number of ants) + (Number of ants found) = (25 + 50) = 75
Response:  Om vi antar att det finns 36 pingviner som solbadar sig i snön, och en tredjedel av dem (12 pingviner) hoppar i och simmar i havet, sedan har vi 36 - 12 = 24 pingviner som fortfarande solbadar.  Om en annan tredjedel av pingvinerna (10 pingviner) går in i grottan för att äta sitt middag, då har vi 24 + 10 = 34 pingviner som fortfarande solbadar.
Response:  Steve behöver fem vinstockar om han vill ha tillräckligt med körsbärstomater att äta sex per dag under en vecka.
Response:  John behöver beställa 5 pizzor (8 - 20 = 5).
Response:  If he uses 25 pens to make new pens when the ink is finished and he has already used 5 pens, then he will have a total of 30 pens at the end.
Response:  After one year, John had $80 (2 x $40).
"Response:  The sum of the three girls' ages is:
Mary - 2 = 18 years old
Joan - 5 = 23 years old
Jessa - 20 = 40 years old
Therefore, the sum of their ages is: 18 + 23 + 40 = 71 years old."
Response: 275
"Response:  James har 60 godis.   
James har sex godis mer än Robert, vilket betyder att James har 60 - 6 = 54 godis mer än Robert.  
John har dubbelt så många godis som Robert, vilket betyder att John har 54 x 2 = 108 godis mer än Robert.  
Om John har 54 godis, då har han 108 - 54 = 54 more goodies than James."
Response: 40 böcker.
Response:  Mike skriver totalt 10 timmar i veckan, det vill säga 2 timmar per dag.
Response:  Jason har kvar 700 minuter (1000 - 15 x 30 = 700) för att använda under månaden som har 30 dagar.
Response:  Ginger gav Griffin 10 pommes frites.
Response:  I det första akvariet finns det 4 x 2 = 8 sniglar. I det andra akvariet finns det 32 - 16 = 16 sniglar. Alltså finns det 8 + 16 = 24 fiskar i de båda akvarierna tillsammans.
Response:  $37,500
Response:  Isabelle betalade i genomsnitt 8 dollar per person (3/3 = 8).
Response:  The cook has spent a total of $6 in löks (4 x $1.5 = $6).
Response: 480
