"Response:  Yes, I can see that the item was packaged in bubble wrap and it was fragile. 
ទទួលបានថ្មីធ្វើការណ៍ភ្នំពេញទៀតទេស្រាប់ប្រុសប្រឺន្នាក់ទេស្រាប់ប្រុសប្រឺន្នាក់ទេស្រាប់ប្រុសប្រឺន្នាក់ទេ"
"Response: 
A) ទាំងអស់ខ្លួនធ្វើការណ៍ (I emptied my pockets.)
B) ប្រាក់ពិន្ទុការណ៍ (I found a weapon.)"
"Response: 
A) តើផលប៉ះពាល់អ្វីដែលអាចកើតឡើងបាន?
B) តើទឹកខ្មែរបានក្រហូតបាន?"
"Response: 
A) The travelers were allowed to enter the country without any problems.
B) The patrol agent found some illegal goods in their luggage and arrested them."
"Response: 
A) ទឹកធ្វើការណ៍ថ្មីបានឆ្នាំទៀតទេស្រាបញ្ចូលភាពទេស្រាបញ្ចូលដោយផ្អែកលើការលើកឡើងនេះត្រូវបានទេស្រាបញ្ចូលដោយផ្អែកលើការលើកឡើងនេះត្រូវបានទេស្រាបញ្ចូលដោយផ្អែកលើការលើកឡើងនេះត្រូវបានទេស្រាបញ្ចូលដោយផ្អែកលើការលើកឡើងនេះត្រូវបានទេស្រាបញ្ចូល��"
"Response: 
A) She played checkers. 
B) She jumped rope."
"Response: 
A) More people entered the line, causing her to lose her place. 
B) She stepped out of the line and then returned to where she started."
"Response: 
A) ទាំងអស់ធ្វើការសន្មត (The girl pinched her nose.)
B) ភ្នំពេញថ្មីណាមួយ (The baby drooled on her bib.)"
"Response: 
A) The audience was excited and energetic, dancing and singing along to the music.
B) The audience was polite and respectful, listening quietly without participating in any way."
"Response: 
A) ទាំងអស់ធ្វើការសន្មត (The girl stayed after school for detention.)
B) ហុងខ្លួនណាមួយភ្នំពេញ (The girl brought the teacher an apple.)"
"Response: 
A) ទាំងអស់ធ្វើការសន្មតថ្មីណាមួញទៀតឥណ្ឌត្រូវបានប្រភេទទេស្រាបជាតិទេស្រាបជាតិទេស្រាបជាតិទេស្រាបជាតិទេ"
"Response: 
A) He got lost in thought. 
B) He got a concussion."
"Response: 
A) ទាំងអស់ធ្វើការសន្មតបានថ្មីណាមួញទៀតទេស្រាប់ភ្នំពេញទេ។
B) ទាំងអស់ធ្វើការសន្មតបានថ្មីណាមួញទៀតទេស្រាប់ភ្នំពេញទេ។"
"Response: 
A) He deleted all the spam emails from his inbox.
B) He sent an email to everyone he knew asking them not to send him any more spam."
"Response: 
A) ទាំងអស់ធ្វើការសន្មត (quarantine) និងទាំងអស់ធ្វើការសន្មត (exposed) ឬ recovered)."
"Response: 
A) She recited it to herself.
B) She forgot to write it down."
"Response: 
A:  Yes, I can speak English fluently. 
B: No, I cannot speak English at all. "
"Response: 
A) He wanted to offer his friend support. 
B) He was thinking about his friend's words."
"Response: 
A) ភ្នំពេញទឹកធ្វើការណ៍ (I made a mistake.)
B) ហុងទឹកធ្វើការណ៍ (I took responsibility for the accident.)"
"Response: 
A) The chain broke due to wear and tear.
B) The chain came loose because of rust or corrosion."
"Response: 

Answer: C) They grew tired of arguing.
Explanation: According to the passage, the couple ""decided to compromise"" and ""grew tired of arguing."" This suggests that they were unable to come to an agreement through discussion and instead chose to avoid the problem by not talking about it anymore. Therefore, option C is the best answer."
"Response: 
A) She hired a campaign manager. 
B) She testified in court."
"Response: 
A) He packed warm clothing in his suitcase. 
B) He traveled with a big suitcase."
"Response: 

Answer: A"
"Response: 
A) ធ្វើការសន្មត (Dust got into his eyes.)
B) ទឹកថ្ងៃណាចល់ភ្នំពេញ (He put goggles over his eyes.)"
"Response: 
A)  She was very lucky.
B)  She was very skilled."
"Response: 
A) He caught the student cheating.
B) The student's answers were incorrect."
"Response: 
A) ធ្វើការសន្មត (I stopped talking). 
B) ប្រទេសការសន្មត (I lost my voice)."
"Response:  Cambodia, Thailand, Vietnam, Laos, Myanmar, Malaysia, Indonesia, Philippines, Singapore, Brunei Darussalam, East Timor, Papua New Guinea, Solomon Islands, Vanuatu, Fiji, Samoa, Tonga, Kiribati, Tuvalu, Nauru, Palau, Marshall Islands, Micronesia, Guam, Northern Mariana Islands, American Samoa 

Answer: C) I put it in the microwave."
"Response: 
A) ភ្នំពេញទឹកក្រហមណាតិចូលថ្មីធ្វើការពិនិត្យបានទៀតទេស្រាបជ្រាពល់បានទេស្រាបជ្រាពល់បានទេស្រាបជ្រាពល់បានទេ"
"Response: 
A) ភ្នំពេញទឹកធ្វើការសន្មត (She ran on the pool deck.)
B) ប្រឌូណាថ្ងៃទឹកធ្វើការសន្មត (She jumped off the diving board.)"
"Response: 
A) The movie sold out on its opening day due to high demand.
B) The movie did not receive positive reviews, leading to low ticket sales."
"Response: 
A) He was happy because he had lost weight.
B) He was sad because people were isolating him."
"Response: 
A) She typed up a letter.
B) She climbed up a rope."
"Response: 
A) The audience was amazed by the performer's skill.
B) The performer's act was not impressive enough for the audience."
"Response: 
A) ភ្នំពេញទឹកធ្វើការណ៍ (Waiting for someone to finish their work)
B) ភ្នំពេញទឹកថ្មី (Arrived late)"
Response:  Peace was achieved through negotiation and the signing of a treaty between the two sides.
"Response: 
A) ហុ឴ខ្មែរ (He became drowsy.)
B) ទឹកធ្វើ (He ran a fever.)"
"Response: 
A) The leg of the sofa came loose. 
B) She bruised her knee."
"Response: 
A) ទាំងអស់ខ្លួនធ្វើការណ៍ (The balloon popped.)
B) ទាំងអស់ហ្សៀតុភ្លើម (The balloon flew away.)"
"Response:  They traveled by car. 
ទូហត្ថភាព:  They took a taxi."
"Response: 

Answer: B) Juice spilled out.
Explanation: When you bite into a peach, juice may spill out because of the pressure and friction caused by the biting action. This is a common occurrence when eating fruits like peaches that have a soft and juicy texture."
"Response: 
A) ទាំងអស់ធ្វើការសន្មត (I ate a doughnut).
B) ទាំងអស់ធ្វើការសន្មត (I had a sweet tooth)."
"Response: 

Answer:
The correct answer is (B) The door locked.
Explanation:
In this sentence, ""I pushed the door"" means that the speaker pushed or forced the door open with some effort. Therefore, the door must have been closed beforehand. Since the door was closed, it cannot be in a state of being unlocked. So, option (B) The door locked is the correct answer."
"Response:  The correct answer is (A) The products were tested for quality assurance. 

Explanation:
The passage states that ""Activists have been protesting against a company's use of child labor in its supply chain."" This implies that the company has been using child labor to produce its products, which is unethical and illegal in many countries. Therefore, option (B) is incorrect because it suggests that the products were manufactured through child labor, which is not supported by the given information. Option (A), on the other hand, correctly states that the products were tested for quality assurance, which means that they were checked for their quality before being sold to consumers."
Response:  The correct answer is (A) A mouse crawled out of the hole.
"Response: 
A) ធ្វើការសន្មត (envy) ទាំងអស់ដៃបានថ្មីណាមួញទៀតទេស្រាប់ភ្នំពេញទេស្រាប់ភ្នំពេញទេត្រូវបានប្រើប្រាស់ពីក្នុងក្រុងប្រទេស្រាប់ភ្នំពេញទេស្រាប់ភ្នំពេញទេត្រូវបានប្រើប្រាស់ពីក្នុងក្រុងប្រទេស្រាប់ភ្នំពេញទេស្រាប់ភ្នំពេញទេត្រូវបានប្រើប្រាស់ពីក្នុងក្រុងប្រទ�"
"Response: 
A) ទាំងអស់ខ្លួន (I put on an apron.)
B) ប្រាក់ហុងធ្វើឲ្យ (I changed my shirt.)"
"Response: 
A) ធ្វើការសន្មត (The cashier opened the cash register.) 
B) ទឹកការសន្មត (The customer searched his wallet.)"
"Response: 
A) ភ្នំពេញទៀត (The street musician was able to play his instrument well.)
B) ការសន្មត (The street musician attracted a crowd.)"
"Response: 
A) ភ្នំពេញទឹកធ្វើថ្មី (He missed his parents.)
B) ការសន្មត (It was snack time.)"
"Response: 
A) The pilot successfully navigated away from the storm.
B) The pilot was unable to avoid the storm and crashed into it."
"Response: 
A:  Yes, I can speak English fluently.
B:  No, I cannot speak English at all."
"Response: 
A) ទាំងអស់ខ្លួនធ្វើការណ៍ទាំងអស់ហុងភ្នំពេញទៀតទេស្រាប់ប្រុស្រាប់ប្រូត្រព្យប្រឹក្សាន្ត្រប្រឿង្ឃាឌទេស្រាប់ប្រូត្រព្យប្រឹក្សាន្ត្រប្រឿង្ឃាឌទេស្រាប់ប្រូត្រព្យប្រឹក្សាន្ត្រប្រឿង្ឃាឌទេស្រាប់ប្រូត្រព្យប្រឹក្សាន្ត្រប្រឿង្ឃាឌទេស្រាប់ប្រូត្រព្យប្រឹក្សាន្ត្រប្រឿង្ឃាឌទេស្រ"
"Response: 
A) ហុងទូណាធ្វើការលើកឡើង (He drank a lot of water.)
B) ហុងទូណាខ្លួនប្រឆាំង (He went to the bathroom many times.)"
"Response: 
A:  The child sprinkled fish food into the tank, and the fish swam towards it. 
B: The child sprinkled fish food into the tank, but the fish did not come out to eat it."
"Response: 
A) She switched her party affiliation.
B) She engaged in a protest."
"Response: 
A) Turned on the faucet. 
B) Poured drain cleaner into it."
"Response: 
A) The train arrived at the station. 
B) The train blared its whistle."
"Response: 
A) He put a stamp on the envelope. 
B) He sealed the envelope shut."
Response:  They kept in touch through social media.
"Response: 
A) She was fired from her position.
B) She went on maternity leave."
"Response:  The clock is ticking away. (A)
ទើបញ្ចឹង:  I want to know what time it is. (B)"
Response:  The answer is (B) My wife and I held hands.
"Response: 
A) ទាំងអស់ធ្វើការសន្មត (tighten a bolt) បានប្រើប្រាស់ថ្មីណាមួញទាំងអស់ធ្វើការសន្មត (replace a bolt). 
B) ទាំងអស់ធ្វើការសន្មត (tighten a bolt) បានប្រើប្រាស់ថ្មីណាមួញទាំងអស់ធ្វើការសន្មត (twist a wrench)."
"Response: 
A) ទាំងអស់ខ្លួន (The couple signed a lease for an apartment.)
B) ទាំងអស់ធ្វើការ (The city condemned the apartment.)"
"Response: 
A) ធ្វើការសន្មត (sit) និង ទឹកការសន្មត (watch) និង ភ្នំពេញ (sunset).
B) ធ្វើការសន្មត (sat) និង ទឹកការសន្មត (watched) និង ភ្នំពេញ (lightning)."
"Response: 
A) He couldn't swim, so he wore a life jacket to stay afloat.
B) The water was too deep for him, and he needed the life jacket to keep his head above water."
"Response: 
A) She deleted the document.
B) She hit the backspace key."
"Response: 
A) ភ្នំពេញទឹកធ្វើការណ៍ថ្មីបានទៀតទេស្រាប់ប្រុសប្រឺន្នាក់ទេទៃទៀតទេស្រាប់ប្រុសប្រឺន្នាក់ទេទៃទៀតទេស្រាប់ប្រុសប្រឺន្នាក់ទេទៃទៀតទេស្រាប់ប្រុសប្រឺន្នាក់ទេទៃទៀតទេស្រាប់ប្រុសប្រឺន្នាក់ទេទៃទៀតទេស្រាប់ប្រុសប្រឺន្នាក់ទេទៃទៀតទេស្រាប់ប្រុសប្រឺន្នាក់ទេទៃទ�"
"Response: 
A) ទាំងអស់ធ្វើការសន្មត (muddy) ឬ ទាំងអស់ថ្មីណាមួញ (poured overnight).
B) ទាំងអស់ធ្វើការសន្មត (muddy) ឬ ទាំងអស់ថ្មីណាមួញ (full of weeds)."
"Response: 
A) She stayed the night in a hotel.
B) She forgot to set her alarm clock."
"Response: 
A) ភ្នំពេញទឹកក្រហម (He sat in the shade.)
B) ប្រធានទឹកក្រហម (He went to the beach.)"
"Response: 

Answer: B
Explanation: According to the passage, the researchers did not prove or retract their theory. Instead, they found that individuals accepted the theory without fully understanding it. Therefore, option B is the correct answer."
"Response: 
A) The fans at the game booed.
B) The game went into overtime."
"Response: 

Answer:
The correct answer is (B) The lock popped open.

Explanation:
In this situation, you entered your combination on the lock and it opened successfully, so the answer is (B) The lock popped open."
"Response: 
A) ហុ឴ខ្មែរ (The father handed his son some money.)
B) ហុឱខ្មែរ (The father grabbed his son's hand.)"
"Response:  Snow is falling heavily outside my window. 
ជម្រើស A:  I built an igloo with blocks of ice and snow. 
ជម្រើស B: I went skiing down the mountain in the fresh powder."
"Response: 
A:  Yes, I can speak English fluently.
B:  No, I cannot speak English at all."
"Response: 
A) She let go of the handlebars.
B) She crashed into a fence."
"Response: 
A) ទាំងអស់ខ្លួន (water)
B) ទាំងអស់ធ្វើ (air)"
"Response: 
A) They were drenched. 
B) They saw a shark."
"Response: 
A) ធ្វើការសន្មត (pulling the drain plug) caused the water to drain out of the tub. 
B) ធ្វើការសន្មត (pulling the drain plug) caused the water to splash onto the floor."
"Response: 
A) ភ្នំពេញទឹកធ្វើការណ៍ (guilt)
B) ការសន្មត (accused)"
"Response: 
A) Waited for the ink to dry.
B) Spilled water on the poster."
"Response: 
A) ភ្នំពេញទឹកធ្វើការណ៍ (nightmare)
B) ប្រពៃថ្មីក្នុងប្រពៃប្រទេស (wetting the bed)"
"Response: 
A:  He put his feet up on the table. (correct)
B: His father sat down at the table. (incorrect, as it does not match the context of the sentence)"
"Response: 
A)  Yes, he did. 
B) No, he didn't."
"Response: 
A) The citizens were able to overthrow the government through their protests and demands for change.
B) The citizens were not able to effect any significant changes in the government's policies or actions despite their efforts."
"Response: 
A:  He found his way back home. 
B: He was never seen again."
"Response: 
A) She wanted to learn how to draw. 
B) She wanted to learn about other cultures."
"Response: 
A) ធ្វើការសន្មត (jealousy) ទាំងអស់ក្រឹមដៃថ្មីណាមួញទៀតឥណ្ឌត្រូវបានក្រឹមដៃថ្មីណាមួញទៀតឥណ្ឌត្រូវបានក្រឹមដៃថ្មីណាមួញទៀតឥណ្ឌត្រូវបានក្រឹមដៃថ្មីណាមួញទៀតឥណ្ឌត្រូវបានក្រឹមដៃថ្មីណាមួញទៀតឥណ្ឌត្រូវបានក្រឹមដៃថ្មីណាមួញទៀតឥណ្ឌត្រូវបានក្រឹមដ�"
"Response: 

Answer: B) He was meditating.
Explanation: According to the passage, the man was in a state of deep meditation when he claimed to have seen aliens. This suggests that his experience was not caused by hallucination but rather by his mental state during meditation."
"Response: 
A) ទាំងអស់ធ្វើការសន្មត (He put bleach in his hair.)
B) ទាំងអស់ធ្វើការសន្មត (He put shampoo in his hair.)"
"Response: 
A) She critiqued her previous work.
B) She felt a stroke of inspiration."
"Response: 
A) He was discharged from the military. 
B) He was going to college."
"Response: 
A) Yes, the books fell out of the bookcase due to an earthquake.
B) No, the books did not fall out of the bookcase because they were too heavy."
"Response: 
A) ទាំងអស់ខ្លួនធ្វើការណ៍ទៀតទេស្រាប់ភ្នំពេញហូត្ថឥណ្ឌត្រូវបានប្រាក់ដោយប្រុសប្រឺន្តរបស់ខ្លួនប្រុសប្រឺន្តរបស់ខ្លួនប្រុសប្រឺន្តរបស់ខ្លួនប្រុសប្រឺន្តរបស់ខ្លួនប្រុសប្រឺន្តរបស់ខ្លួនប្រុសប្រឺន្តរបស់ខ្លួនប្រុសប្រឺន្តរបស់ខ្លួនប្រុសប្រឺន្តរបស់ខ្លួនប្រុសប្រឺន្��"
Response:  The two friends were excited to ride the roller coaster together. They had been waiting in line for a long time, and finally it was their turn. As they climbed into the car, they could feel their hearts racing with excitement. When the ride started, they screamed with joy as they soared through loops and turns at incredible speeds. At one point, they even felt like they were going to fly out of their seats! After the ride ended, they couldn't stop talking about how much fun they had just experienced.
"Response: 
A) Both A and B can explain why the bag of popcorn popped.
B) Only A can explain why the bag of popcorn popped.
C) Neither A nor B can explain why the bag of popcorn popped."
"Response: 
A) The electricity in the neighborhood went out because a tree fell on the power line.
B) Heavy winds were predicted, which caused the tree to fall and hit the power line."
"Response: 
A) He bored the audience. 
B) He offended the audience."
"Response: 
A) ទាំងអស់ខ្លួនធ្វើការណ៍ទាំងអស់ហុឃភាពទាំងអស់ប្រព្រឹក្សាន្តប្រព្រឹក្សាន្តប្រព្រឹក្សាន្តប្រព្រឹក្សាន្តប្រព្រឹក្សាន្តប្រព្រឹក្សាន្តប្រព្រឹក្សាន្តប្រព្រឹក្សាន្តប្រព្រឹក្សាន្តប្រព្រឹក្សាន្តប្រព្រឹក្សាន្តប្រព្រឹក្សាន្តប្រព្រឹក្សាន្តប្រព្រឹក្សាន្តប្រព្រឹក្សាន្តប្រព្រឹក្សាន្តប្រព្រឹក្សាន្តប្រព្រឹក្សាន្តប"
"Response: 
A) ទាំងអស់ធ្វើការសន្មតថ្មីណាមួញទៀតឥណ្ឌត្រូវបានប្រកាសភ្នំពេញទេស្រ្តប្រុសប្រឺន្នាក់ទេស្រ្តប្រុសប្រឺន្នាក់ទេស្រ្តប្រុសប្រឺន្នាក់ទេស្រ្តប្រុសប្រឺន្នាក់ទេស្រ្តប្រុសប្រឺន្នាក់ទេស្រ្តប្រុសប្រឺន្នាក់ទេស្រ្តប្រុសប្រឺន្នាក់ទេស្រ្តប្រុសប្រឺន្នាក់ទេស្រ្តប្រុសប្រឺន្នាក់ទេស្រ្តប្រុសប្រឺន្"
"Response: 
A) He had a cold.
B) He quit smoking."
"Response: 

Please choose a response:
A) The elevator doors opened.
B) The elevator got stuck between floors."
"Response: 
A) ភ្នំពេញទឹកក្រហមណ្ឌធ្វើការថ្មីបានទៀតទេស្រាបជ្រាពទេស្រាបជ្រាពទេទេស្រាបជ្រាពទេទេស្រាបជ្រាពទេទេស្រាបជ្រាពទេទេស្រាបជ្រាពទេទេស្រាបជ្រាពទេទេស្រាបជ្រាពទេទេស្រាបជ្រាពទេទេស្រាបជ្រាពទេទេស្រាបជ្រាពទេទេស្រាបជ្រាពទេទេស្រាបជ្រាពទេទេស្រាបជ្រាពទេទេស្រាបជ្រាពទេទ��"
"Response: 
A) Yes, I can fix it myself. 
B) No, I will call a plumber."
"Response: 
A) ទាំងអស់ធ្វើការសន្មត (The owner put a collar on the puppy.) 
B) ទាំងអស់ប្រាក់ការសន្មត (The owner kept the puppy on a leash.)"
"Response: 
A) ភ្នំពេញទឹក្សាធារណាឌួលថ្មីបានក្នុងការសន្មតទៀតទេស្រាបជ្រាបឃ្រះបានក្នុងការសន្មតទៀតទេស្រាបជ្រាបឃ្រះបានក្នុងការសន្មតទៀតទេស្រាបជ្រាបឃ្រះបានក្នុងការសន្មតទៀតទេស្រាបជ្រាបឃ្រះបានក្នុងការសន្មតទៀតទេស្រាបជ្រាបឃ្រះបានក្នុងការសន្មតទៀតទេស្រាបជ្រាបឃ្រះបានក្នុងការសន្មតទៀតទ�"
"Response: 
A) ទាំងអស់ខ្លួនធ្វើការណ៍ទៀតទេស្រាប់ភ្នំពេញហុ឴ក្រហូត្រព្យាបានទេស្រាប់ភ្នំពេញហុ឴ក្រហូត្រព្យាបានទេស្រាប់ភ្នំពេញហុ឴ក្រហូត្រព្យាបានទេ"
"Response:  They found their dog in a nearby park. 
ទឹកធ្វើការ:  They called the police to report the incident."
"Response: 
A) Yes, the weather was cold enough to see your breath.
B) No, you didn't feel any discomfort in your chest."
"Response:  Cambodia has many garment factories, and the workers are often underpaid and overworked. 
ទឹកធ្វើការ:  Many of them have joined unions to demand better working conditions and higher pay."
"Response: 
A) ទាំងអស់ខ្លួន (rotting smell)
B) ទាំងស្រឿភូឃ (warm aroma)"
"Response: 
A) She wore high heels. 
B) She took off her shoes."
Response:  The steam rose off of the pot of water, causing it to boil. 
"Response:  The teacher asked the students to write a short story about their favorite season. 
ជម្រើស A: It was winter and I loved building snowmen. 
ជម្រើស B: It was summer and I enjoyed swimming at the beach."
"Response: 
A) He lost the support of voters. 
B) He was accused of corruption."
"Response: 
A) ទាំងអស់ខ្លួនធ្វើការណ៍ទាំងអស់ហុ឴្ឱ្យបានប្រយបានទាំងអស់ខ្លួនធ្វើការណ៍ទាំងអស់ហុ឴្ឱ្យបានប្រយបានទាំងអស់ខ្លួនធ្វើការណ៍ទាំងអស់ហុ឴្ឱ្យបានប្រយបានទាំងអស់ខ្លួនធ្វើការណ៍ទាំងអស់ហុ឴្ឱ្យបានប្រយបានទាំងអស់ខ្លួនធ្វើការណ៍ទាំងអស់ហុ឴្ឱ្យបានប្រយបាន�"
"Response: 
A) ទាំងអស់ធ្វើការសន្មតថ្មីណាមួញទៀតឥណ្ឌត្រូវបានប្រកាសភ្នំពេញទេស្រ្តប្រុសប្រឺន្នាន៍ទេស្រ្តប្រុសប្រឺន្នាន៍ទេ"
"Response: 
A) ទាំងអស់ធ្វើការសន្មត (The sales associate accused the girl of stealing.)
B) ទាំងអស់ធ្វើការសន្មត (The sales associate helped the girl find the purse she liked.)"
"Response: 

Answer: C) Soldiers were sent out to fight.
Explanation: According to the passage, ""The country declared war on the neighboring territory,"" which means that soldiers were sent out to fight in the war. Therefore, option C is the correct answer."
"Response: 
A) ទូហុណ្ឌភាពខ្លួនធ្វើការលើកឡើងថា តើផលប៉ះពាល់អ្វីដែលអាចកើតឡើងបាន?
B) ទូហុណ្ឌភាពខ្លួនធ្វើការលើកឡើងថា តើផលប៉ះពាល់អ្វីដែលអាចកើតឡើងបាន?"
"Response: 
A) She took the cookies out of the jar. 
B) She left the cookies in the oven."
"Response: 
A) The rain was pouring down.
B) The storm worsened."
"Response: 
A) Yes, the building was evacuated due to a malfunctioning elevator. 
B) No, the fire alarm did not go off and the building was not evacuated."
"Response: 
A) ហុ឴ខ្មែរ (The father resented his son's alcoholism.)
B) ការសន្មត (The father bought his son a beer.)"
"Response: 
A) The lawyer took the stairs up to her office because she wanted to get some exercise.
B) The secretary went home for the day because she had a personal appointment."
"Response: 
A) His friend interrupted him. 
B) His friend bought him lunch."
"Response: 
A) The cashier gave the girl her change.
B) The cashier forgot to give the girl a receipt."
"Response: 
A) ធ្វើការសន្មត (She was paralyzed in an accident.)
B) ទឹកថ្ងៃណាចក្របាន (She entered the hospital in a stretcher.)"
Response:  The correct answer is (A) The country was commemorating its independence.
"Response: 
A) They did not play well and were defeated by their opponents.
B) They played very well but could not win due to bad luck or mistakes made by their opponents."
"Response: 
A) ទាំងអស់ខ្លួនធ្វើការណ៍ទៀតទេស្រាប់ភ្នំពេញហូត្ថឥណ្ឌត្រូវបានប្រុស្ត្រីប្រុស្ត្រីប្រុស្ត្រីប្រុស្ត្រីប្រុស្ត្រីប្រុស្ត្រីប្រុស្ត្រីប្រុស្ត្រីប្រុស្ត្រីប្រុស្ត្រីប្រុស្ត្រីប្រុស្ត្រីប្រុស្ត្រីប្រុស្ត្រីប្រុស្ត្រីប្រុស្ត្រីប្រុស្ត្រីប្រុស្ត្រីប្រុស្ត្រីប្រុស្ត្រីប្រុ"
"Response: 
A) He did not pay attention in class.
B) He studied hard for the exam but still failed."
"Response: 
A) Yes, an earthquake hit the city and caused the building to collapse. 
B) No, crime rates did not increase in the city."
"Response: 
A) ភ្នំពេញទឹក្សាធាតុ (break up) 
B) ការសន្មត (beg for forgiveness)"
"Response: 

Answer:
The correct answer is (B) Their heads collided.
Explanation:
In this sentence, both options are possible outcomes of the situation described in the passage. Option (A) ""The ball rolled away"" does not fit with the context of the sentence, as it suggests that the ball was rolling on its own after being retrieved by the two children, which is not what the passage describes. Option (B), ""Their heads collided,"" fits well with the context of the sentence, as it implies that the two children were so focused on retrieving the ball at the same time that their heads accidentally bumped into each other."
"Response: 
A) ធ្វើការសន្មត (The raccoon rummaged through the garbage.)
B) ទឹកការសន្មត (The raccoon tore open the garbage can.)"
"Response: 
A) ទាំងអស់ធ្វើការសន្មត (The boy sharpens the pencil.)
B) ទាំងអស់ធ្វើការសន្មត (It was expensive.)"
"Response: 
A) She lost her receipt. 
B) The dress didn't fit."
"Response: 
A:  Yes, it did. 
B: No, it didn't."
"Response: 
A) He was staring at the ground because he was lost in thought.
B) He was talking to himself because he was trying to solve a problem."
"Response: 
A) ហុ឴ខ្មែរ (The ants crawled to the crumbs.)
B) ទឹកធ្វើអ្វី (The child put the bread away.)"
"Response: 
A) The woman's sister was not able to hand the tissue back to the woman because she had already used it to wipe away her tears.
B) The woman's sister did not have enough time to hand the tissue back to the woman before she started crying again."
"Response: 
A) ភ្នំពេញទឹកថ្មីធ្វើការណ៍ទួលបានទៀតទេស្រាប់ប្រុសប្រឺន្នាក់ទូទៃទេស្រាប់ប្រុសប្រឺន្នាក់ទូទៃទេស្រាប់ប្រុសប្រឺន្នាក់ទូទៃទេស្រាប់ប្រុសប្រឺន្នាក់ទូទៃទេស្រាប់ប្រុសប្រឺន្នាក់ទូទៃទេស្រាប់ប្រុសប្រឺន្នាក់ទូទៃទេស្រាប់ប្រុសប្រឺន្នាក់ទូទៃទេស្រាប់ប្រុសប្រឺន្នាក់ទូ��"
"Response: 
A) They anticipated traffic around the theatre and left early to avoid it.
B) They got directions to the theatre from a friend, which helped them arrive on time."
"Response: 
A) ហុ឴ក្រហូត (Her boss praised her.)
B) ការសន្មត (Her coworker covered for her.)"
Response:  The correct answer is (A) He supported their cause.
"Response: 
A) ភ្នំពេញទឹកក្រហមណ្ឌធ្វើការថ្មីបានទៀតទេស្រាប់ប្រុសប្រឺន្នាក់ទេស្រាប់ប្រុសប្រឺន្នាក់ទេស្រាប់ប្រុសប្រឺន្នាក់ទេស្រាប់ប្រុសប្រឺន្នាក់ទេស្រាប់ប្រុសប្រឺន្នាក់ទេស្រាប់ប្រុសប្រឺន្នាក់ទេស្រាប់ប្រុសប្រឺន្នាក់ទេស្រាប់ប្រុសប្រឺន្នាក់ទេស្រាប់ប្រុសប្រឺន្នាក់ទេស្រាប់ប្រុសប្រឺន្នាក់ទេស្រ"
"Response: 
A) I found the way back to my hotel.
B) I called for directions on my phone."
"Response: 
A) ទាំហេះណាឌូវភ្នំពេញធ្វើការលើកឡើងថា តើផលប៉ះពាល់អ្វីដែលអាចកើតឡើងបាន?
B) ទាំហេះណាឌូវភ្នំពេញធ្វើការលើកឡើងថា តើផលប៉ះពាល់អ្វីដែលអាចកើតឡើងបាន?"
"Response: 
A) ទឹកធ្វើថ្មីណាមួញទៀតទេសភាពទំនើរទាំងអស់ប្រផងដោយប្រពៃប្រពៃប្រពៃប្រពៃប្រពៃប្រពៃប្រពៃប្រពៃប្រពៃប្រពៃប្រពៃប្រពៃប្រពៃប្រពៃប្រពៃប្រពៃប្រពៃប្រពៃប្រពៃប្រពៃប្រពៃប្រពៃប្រពៃប្រពៃប្រពៃប្រពៃប្រពៃប្រពៃប្រពៃប្រពៃប្រពៃប្រពៃប្រពៃប្រពៃប្រពៃ"
"Response: 
A) He went to see a psychiatrist.
B) He stayed in bed for several days."
Response:  The best answer is (A) I was out of firewood.
"Response: 
A) She got a cramp in her side and had to stop running. 
B) She suddenly felt better and was able to continue running."
"Response: 
A) ហុងទូឌធ្វើ (knocking) 
B) ខ្ញុំណាតៀតុភ្លៃ (inviting)"
"Response: 
A) ភ្នំពេញទឹក្សាន្ត (The man was angry at his wife's constant nagging.)
B) ការសន្មត (Her husband misunderstood her concerns.)"
"Response: 

Answer:
The correct answer is (A) The student answered the question correctly.
Explanation:
In this situation, the teacher praises the student for answering the question correctly, so the appropriate response is (A) The student answered the question correctly."
"Response: 
A) She went to the farm and bought some chickens. 
B) She went to the supermarket and bought some eggs."
"Response: 

Answer: B) I gave him a hug."
"Response: 
A) She caught a fish. 
B) It looked contaminated."
"Response: 
A) ទាំងអស់ធ្វើការសន្មត (broken umbrella)
B) ទាំងអស់ធ្វើការសន្មត (stolen bike)"
Response:  Clicking the mouse is a common way to move the cursor on a computer screen, but shifting the mouse can also be used to move the cursor.
"Response: 
A) The driver took a detour to avoid the accident.
B) She followed the truck in front of her, which caused the accident."
"Response: 
A) ទាំងអស់ខ្លួនធ្វើការណ៍ទាំងអស់ហុងភ្នំពេញទាំងអស់ឃ្លៀប្រាស់ប្រាក់ដោយប្រាស់ប្រាក់ដោយប្រាស់ប្រាក់ដោយប្រាស់ប្រាក់ដោយប្រាស់ប្រាក់ដោយប្រាស់ប្រាក់ដោយប្រាស់ប្រាក់ដោយប្រាស់ប្រាក់ដោយប្រាស់ប្រាក់ដោយប្រាស់ប្រាក់ដោយប្រាស់ប្រាក់ដោយប្រាស់ប្រាក់ដោយប្រាស់ប្រាក់ដោយ��"
"Response: 
A) ទាំងអស់ធ្វើការសន្មត (The woman put on her sunglasses.)
B) ភ្នំពេញថ្មីណាមួយ (She hailed a taxi.)"
"Response: 
A) He wished he could fly like a bird. 
B) He wanted to go to the beach."
"Response: 
A) ទាំងអស់ខ្លួនធ្វើការណ៍ទៀតទេស្រាប់ភ្នំពេញហូត្ថុទេទឹក្រហូត្ថុទេទឹក្រហូត្ថុទេទឹក្រហូត្ថុទេទឹក្រហូត្ថុទេទឹក្រហូត្ថុទេទឹក្រហូត្ថុទេទឹក្រហូត្ថុទេទឹក្រហូត្ថុទេទឹក្រហូត្ថុទេទឹក្រហូត្ថុទេទឹក្រហូត្ថុទេទឹក្រហូត្ថុទេទឹក្រហ�"
"Response: 
A) ភ្នំពេញទឹកធ្វើថ្មី (growing out his hair)
B) ឯកសារណាឫកទឹកធ្វើថ្មី (His hair was getting long.)"
"Response: 
A) ទាំងអស់ធ្វើការសន្មត (Welcome) 
B) ទាំងអស់ធ្វើការសន្មត (Mean trick)"
Response:  The best answer is (B) I was baking bread.
"Response: 
A) The driver turned on the windshield wipers.
B) The driver shifted the car into drive."
"Response: 
A) ហុ឴ខ្មែរទាំងអស់ធ្វើការណ៍ទាំងអស់ភ្នំពេញទាំងអស់ប្រទេសប្រទេសប្រទេសប្រទេសប្រទេសប្រទេសប្រទេសប្រទេសប្រទេសប្រទេសប្រទេសប្រទេសប្រទេសប្រទេសប្រទេសប្រទេសប្រទេសប្រទេសប្រទេសប្រទេសប្រទេសប្រទេសប្រទេសប្រទេសប្រទេសប្រទេសប្រទេសប្រទេសប្រទេសប្រទេសប្រទេសប្រទេសប្រ"
"Response: 
A) Writer's block is a common phenomenon that can occur when an individual experiences difficulty in generating new ideas or creative output, often resulting in missed deadlines and frustration.
B) Editing the draft can help to overcome writer's block by allowing the author to refine their ideas and organize them more effectively, leading to improved productivity and creativity."
"Response: 
A) ធ្វើការសន្មតទៀតថ្មីណាមួញទេស្រាប់ភ្នំពេញទេ។
B) ប្រាក់ដៃដែលអាចកើតឡើងបានទេស្រាប់ភ្នំពេញទេ។"
"Response: 
A) ទូហុណ្ឌភ្នំពេញធ្វើការសន្មត (The wind blew through the open window.)
B) ទូហុណ្ឌភ្នំពេញធ្វើការសន្មត (The doorbell rang.)"
"Response: 
A) ទាំងអស់ធ្វើការសន្មត (I unplugged the lamp.)
B) ភ្នំពេញការសន្មត (I blew a fuse.)"
"Response: 
A) He grunted as he lifted the bar over his head.
B) He flexed his muscles in front of the mirror."
"Response: 
A) He got out a calculator. 
B) He got confused."
"Response: 
A) ទឹកធ្វើអ្វីដែលអាចកើតឡើងបាន (The baby is sleeping soundly.)
B) ទឹកថ្លីដែលអាចកើតឡើងបាន (The father changed the baby's diaper.)"
"Response: 
A) ទាំងអស់ខ្លួន (The boy got a concussion.)
B) ទាំងហុណ្ឌភ្នំពេញ (The boy got soaked.)"
"Response: 
A) The photographer did not use the flash on the camera.
B) Everyone in the photos refused to smile."
"Response: 
A) ទាំងអស់ធ្វើការសន្មត (I was lonely).
B) ទាំងក្រមបរទេcorporate (I was out of town)."
"Response: 

Answer:
The correct answer is (B) I was scared.
Explanation:
In this sentence, the subject ""I"" exercises and feels energized (A). However, there is no evidence to suggest that the speaker was scared after exercising. Therefore, option (B) is the best choice."
Response:  The sponge absorbed water.
"Response: 
A) ទាំងអស់ធ្វើការសន្មត (The vacationers took a ferry to the resort.) 
B) ការសន្មត (The resort was booked.) 
C) ការសន្មត (The resort was on an island.) 
D) ការសន្មត (The resort was not available.)"
"Response: 
A) She was afraid of needles. 
B) She wanted to rebel."
Response:  The suspect was arrested and charged with attempted burglary.
"Response: 
A) ទាំងអស់ធ្វើការសន្មត (The criminal turned himself in.)
B) ភ្នំពេញការសន្មត (There was no evidence against him.)"
"Response: 
A) He cut out sweets. 
B) He avoided caffeine."
"Response: 
A) She slid. 
B) She shivered."
"Response: 
A) She stayed up all night.
B) She put her son to bed."
"Response: 

Answer: C) The volcano erupted.
Explanation: According to the passage, ""lava flowed from the volcano,"" which indicates that the volcano had recently erupted or is currently erupting. Therefore, option C is the best answer."
"Response: 
A) She knew everyone at the party. 
B) She wanted to leave the party. "
Response:  The correct answer is (A) She let me pass through the tollbooth.
"Response: 
A) He sold his company stock.
B) He squandered his fortune."
"Response: 
A) The doctor was on leave. 
B) The man felt ill."
"Response: 
A) ទាំងអស់ធ្វើការសន្មតថ្មីណាមួញទៀតឥណ្ឌត្រូវបានប្រកាសភ្នំពេញទេស្រ្តប្រុសប្រឺន្នាក់ទេស្រ្តប្រុសប្រឺន្នាក់ទេស្រ្តប្រុសប្រឺន្នាក់ទេស្រ្តប្រុសប្រឺន្នាក់ទេស្រ្តប្រុសប្រឺន្នាក់ទេស្រ្តប្រុសប្រឺន្នាក់ទេស្រ្តប្រុសប្រឺន្នាក់ទេស្រ្តប្រុសប្រឺន្នាក់ទេស្រ្តប្រុសប្រឺន្នាក់ទេស្រ្តប្រុសប្រឺន្"
"Response: 
A) ភ្នំពេញទឹកថ្ងៃណាមួយធ្វើការសន្មតបានទាំងអស់ដោយប្រព្រត្រីប្រព្រល្លងបានទាំងអស់ដោយប្រព្រត្រីប្រព្រល្លងបានទាំងអស់ដោយប្រព្រត្រីប្រព្រល្លងបានទាំងអស់ដោយប្រព្រត្រីប្រព្រល្លងបានទាំងអស់ដោយប្រព្រត្រីប្រព្រល្លងបានទាំងអស់ដោយប្រព្រត្រីប្រព្រល្លងបានទាំ�"
"Response: 
A) ទាំងអស់ធ្វើការសន្មតថ្មីណាមួញទៀតឥណ្ឌត្រូវបានប្រើឬឯកសារភាពប្រឹក្សាន្តប្រុស្តិចខ្លួនបានប្រើឲ្យប្រុស្តិចខ្លួនបានប្រើឲ្យប្រុស្តិចខ្លួនបានប្រើឲ្យប្រុស្តិចខ្លួនបានប្រើឲ្យប្រុស្តិចខ្លួនបានប្រើឲ្យប្រុស្តិចខ្លួនបានប្រើឲ្យប្រុស្តិចខ្លួនបានប្រើឲ្យប្រ��"
"Response: 

Answer:
The correct answer is (B) I was late to work.
Explanation:
In this dialogue, the speaker says that they missed the bus, which means they arrived later than expected. Therefore, option (B) I was late to work is the correct answer."
"Response: 
A) The driver of the truck was speeding.
B) The driver of the car was not paying attention."
"Response: 
A) They won. 
B) They dropped out."
"Response: 
A) ទាំងអស់ធ្វើការសន្មត (The soda bottle hissed.)
B) ទាំងអស់ធ្វើការសន្មត (I turned over the bottle.)
C) ទាំងអស់ធ្វើការសន្មត (I twisted off the cap.)
D) ទាំងអស់ធ្វើការសន្មត (None of the above.)"
"Response: 
A) ហុ឴ខ្មែរ (He crawled in through an open window.)
B) ទឹកធ្វើណាម្រួញ (He climbed up to the roof.)"
"Response: 
A) The visitor knocked on the door with his knuckles.
B) The woman looked through the keyhole to see who was at the door."
"Response: 
A) ភ្នំពេញទូណាធ្វើការសន្មត (He got it dry-cleaned.)
B) ហុត្តិបានការសន្មត (He hung it in his closet.)"
"Response: 
A) The girl squeezed the tube of toothpaste and it squirted out.
B) The girl spit out the toothpaste after squeezing the tube."
Response:  The number of civilian casualties increased significantly during the conflict.
"Response: 
A) ធ្វើការសន្មត (She tied the ribbon.)
B) ការសន្មត (The ribbon looked babyish.)"
"Response: 
A) ហុងទាំងអស់ខ្លួនធ្វើការណ៍ទាំងអស់ខ្លួនបានប្រាក់ដោយភ្នំពេញទាំងអស់ខ្លួនបានប្រាក់ដោយភ្នំពេញទាំងអស់ខ្លួនបានប្រាក់ដោយភ្នំពេញទាំងអស់ខ្លួនបានប្រាក់ដោយភ្នំពេញទាំងអស់ខ្លួនបានប្រាក់ដោយភ្នំពេញទាំងអស់ខ្លួនបានប្រាក់ដោយភ្នំពេញទាំងអស់ខ្ល��"
Response:  The baby chicken emerged from the egg.
"Response: 
A) ហុ឴ខ្មែរ (The king's son)
B) ទឹកធ្វើអូប្រាស់ (The prisoner escaped)"
"Response: 
A:  He climbed up the ladder. 
B: He fell off the ladder. 

Answer: B (He fell off the ladder)
Explanation: In this sentence, ""lost his balance"" means that the man was not able to maintain his position on the ladder and fell off it. Therefore, option B is the correct answer."
"Response: 
A) ភ្នំពេញទឹកធ្វើថ្មី (He drank some water.)
B) ភ្នំពេញទឹកធ្វើឈ្មោះ (He opened the soda can.)"
"Response:  The answer is C, ""I shivered."""
"Response: 
A) ភ្នំពេញទឹកធ្វើការណ៍ (Her classmates respected her.)
B) ប្រព្រត្រីថ្មីបានក្នុងការពិនិត្យ (She made good grades.)"
"Response: 
A) ភ្នំពេញទឹក្សាន្ត (She lived next door to him.)
B) ស្រឿព្យាថ្យាបាល (She had a crush on him.)"
"Response: 
A) ភ្នំពេញ (He incited pity.)
B) ទឹកធ្វើ (He had no money.)"
"Response: 
A) ទាំងអស់ធ្វើការសន្មតថ្មីណាមួញទៀតឥណ្ឌត្រូវបានប្រកាសភាពទៅពីក្នុងក្រោមប្រទេសនៃការសន្មតថ្មីណាមួញទៀតឥណ្ឌត្រូវបានប្រកាសភាពទៅពីក្នុងក្រោមប្រទេសនៃការសន្មតថ្មីណាមួញទៀតឥណ្ឌត្រូវបានប្រកាសភាពទៅពីក្នុងក្រោមប្រទេសនៃការសន្មតថ្មីណាមួញទៀតឥណ្ឌត្រូវបានប្រក"
"Response: 
A) He extended his hand to me and I shook it. 
B) He extended his hand to me and I slapped him."
"Response: 

Answer: C) Both A and B are correct."
"Response: 
A) She was worried. 
B) She was surprised."
"Response: 
A) ទាំងអស់ធ្វើការសន្មត (I turned the page on the calendar).
B) ទាំងអស់ប្រព្យាថ្លទាំងអស់លើការលើកឡើង (It was the beginning of a new month)."
"Response: 
A) ហុ឴ខ្មែរ (He fired his lawyer.)
B) ការសន្មត (He filed for divorce.)"
"Response: 
A:  Yes, she did. 
B: No, she didn't."
"Response: 
A) She guessed at the answer.
B) She erased her answer."
"Response: 

Answer:
The correct answer is (B) His opponent hit the ground.
Explanation:
In this sentence, ""his opponent"" refers to a person who is playing against the speaker in a game or competition. In option (A), it means that the opponent caught the ball, which is not what happened in the situation described in the sentence. Option (B) correctly states that the opponent hit the ground after being tackled by the speaker. Therefore, the best answer is (B)."
Response:  The correct answer is (A) They were ripe.
"Response: 
A) ភ្នំពេញទូណាធ្វើការសន្មត (He met his ex-girlfriend for lunch.)
B) ហុងទាំងឧត្តមទឹកការសន្មត (He bought his girlfriend chocolates.)"
"Response: 
A) ទឹកធ្វើថ្មីណាមួញទៀត្រភ្នំពេញទៃដែលបានប្រកាសប្រពោយប្រពោយប្រពោយប្រពោយប្រពោយប្រពោយប្រពោយប្រពោយប្រពោយប្រពោយប្រពោយប្រពោយប្រពោយប្រពោយប្រពោយប្រពោយប្រពោយប្រពោយប្រពោយប្រពោយប្រពោយប្រពោយប្រពោយប្រពោយប្រពោយប្រពោយប្រពោយប្រពោយប្រព"
"Response: 
A:  Yes, I saw it with my own eyes. 
B: No, I didn't see anything unusual."
"Response: 
A) ហុ឴ក្រហូត (tutoring) 
B) ទឹកធ្វើខ្ពbolds (cheating)"
"Response: 

Answer: C
Explanation: The sentence ""I felt comfortable"" is grammatically correct and can be used to describe the situation where someone feels relaxed or at ease, which is what happened when you knelt down on the ground. Therefore, option C is the best answer."
"Response: 
A) ទាំងអស់ខ្លួនធ្វើការណ៍ទាំងអស់ហុងភ្នំពេញទៀតទេស្រាប់ប្រុស្រាប់ប្រូត្រព្យប្រឹក្សាន្ត្រព្យប្រឹក្សាន្ត្រព្យប្រឹក្សាន្ត្រព្យប្រឹក្សាន្ត្រព្យប្រឹក្សាន្ត្រព្យប្រឹក្សាន្ត្រព្យប្រឹក្សាន្ត្រព្យប្រឹក្សាន្ត្រព្យប្រឹក្សាន្ត្រព្យប្រឹក្សាន្ត្រព្យប្រឹក្សាន្ត្រព្យប្រឹក្សាន្ត្រព្យប្រឹក្សាន្ត្រព្យប្រ"
"Response: 
A) ធ្វើការសន្មត (added sugar to the coffee).
B) ហុងទាំងអ្នកប្រព្រឹត្រព្យ (the coffee smelled strong)."
"Response: 
A) He got a paper cut while shuffling through the papers.
B) He shredded the papers while he was working on them."
"Response: 
A) ទាំងអស់ធ្វើការសន្មត (pound)
B) ហុងខ្លួនណាមូលភ្នំពេញ (rusty)"
"Response: 
A:  The fish bit the line. 
B: The fisherman reeled in the fish."
"Response: 
A) ភ្នំពេញទឹកធ្វើការណ៍ថ្មីបានទៀតទេស្រាប់ប្រុសប្រឺន្នាក់ទេទៃទៀតទេស្រាប់ប្រុសប្រឺន្នាក់ទេទៃទៀតទេស្រាប់ប្រុសប្រឺន្នាក់ទេទៃទៀតទេស្រាប់ប្រុសប្រឺន្នាក់ទេទៃទៀតទេស្រាប់ប្រុសប្រឺន្នាក់ទេទៃទៀតទេស្រាប់ប្រុសប្រឺន្នាក់ទេទៃទៀតទេស្រាប់ប្រុសប្រឺន្នាក់ទេទៃទ�"
"Response: 
A) ភ្នំពេញទឹក្សាន្ត (smile)
B) ថ្ងៃណាច្រា់ (angry)"
"Response: 
A) ទាំងអស់ធ្វើការសន្មត (wet cloth) 
B) ទាំងអស់ធ្វើការសន្មត (wet hand) 

Answer: B) ទាំងអស់ធ្វើការសន្មត (wet hand)"
"Response: 
A) បានទាំងអស់ណាធ្វើការថ្មីភ្នំពេញទៀតទេស្រាប់ប្រុសប្រួល្បានទេស្រាប់ប្រុសប្រួល្បានទេស្រាប់ប្រុសប្រួល្បានទេស្រាប់ប្រុសប្រួល្បានទេស្រាប់ប្រុសប្រួល្បានទេស្រាប់ប្រុសប្រួល្បានទេស្រាប់ប្រុសប្រួល្បានទេស្រាប់ប្រុសប្រួល្បានទេស្រាប់ប្រុសប្រួល្បានទេស្រាប់ប្រុសប្រួល្បាន�"
Response:  They were not able to play the game because of a scheduling conflict with another team.
"Response: 
A) ទាំងអស់ធ្វើការណ៍ថ្មីភ្នំពេញទៀតឥណ្ឌត្រូវបានប្រកាសប្រតិប្រាស់ប្រព្រឹឣនៃការពិនិត្យប្រព្រឹឣនៃការពិនិត្យប្រព្រឹឣនៃការពិនិត្យប្រព្រឹឣនៃការពិនិត្យប្រព្រឹឣនៃការពិនិត្យប្រព្រឹឣនៃការពិនិត្យប្រព្រឹឣនៃការពិនិត្យប្រព្រឹឣនៃការពិនិត្យប្រព្រឹឣនៃការពិនិត្យប្រព្"
"Response: 
A) She was not interested in him.
B) He did not ask her enough questions."
"Response: 
A) She blushed deeply and looked away.
B) She smiled shyly and lowered her eyes."
"Response: 
A) ទាំងអស់ធ្វើការសន្មត (The enemy ship was destroyed.)
B) ទាំងអស់ធ្វើការសន្មត (The enemy ship exploded.)"
"Response: 
A) ភ្នំពេញ (He walked into a puddle.)
B) ការសន្មត (He stepped on broken glass.)"
"Response: 
A) They discovered the identity of the murderer.
B) They found the weapon at the crime scene."
"Response:  The answer is C, ""I took a detour."""
"Response: 

Answer: B - Many people faced unemployment.
Explanation: According to the passage, ""The nation's economy declined"" and ""Many people faced unemployment."" Therefore, option B is the correct answer."
"Response: 
A)  They were about to walk into oncoming traffic. 
B) She recognized them from her neighborhood."
"Response: 
A) ធ្វើការសន្មត (rolled my eyes) 
B) ទាំងអស់ថ្មី (made a sarcastic remark)"
"Response: 
A) ទូហុណ្ឌភ្នំពេញ (The driver was stranded on the road.)
B) ទឹកធ្វើឯកសារ (The driver picked up a hitchhiker.)"
"Response: 
A) The baby was born healthy and strong.
B) The woman had a difficult delivery."
"Response: 
A) ភ្នំពេញ (He took off his hat.)
B) ថ្ងៃទឹក (It was windy outside.)"
"Response: 
A) ធ្វើការសន្មត (She received an invitation.)
B) ទទួលការសន្មត (She bought a gift.)"
"Response: 
A) ហុងទូណាធ្វើ (His mother took his temperature.)
B) ភ្នំពេញទឹក (His mother took him to the park.)"
"Response: 
A) He wanted to impress his date by smelling good.
B) He needed to style his hair for the night out."
"Response: 
A) ទូហុណ្ឌភ្នំពេញ (The lights went out.)
B) ទឹកធ្វើឯកសារ (I looked for a flashlight.)"
"Response: 
A) ទឹកធ្វើថ្មី (The father bought a new car.)
B) ការសន្មត (The family moved into a bigger house.)
C) ភ្នំពេញ (The daughter got married.)
D) ការណ៍ស្រួល (The mother gave birth to twins.)"
"Response: 
A) ធ្វើការសន្មត (conservation of energy)
B) ទឹកការសន្មត (seeing the finish line)"
"Response: 
A) The machine spit out the change.
B) The bag of chips was stuck."
"Response: 
A) ទាំងអស់ខ្លួន (My friend's dog died.)
B) ហុងធ្វើឲ្យ (I gave him a hug.)"
Response:  Businessman's credit card was declined, so he had to write an IOU or pay in cash.
"Response: 
A) He was angry with the person who had cut him off in traffic.
B) He was upset because he had forgotten to bring his umbrella and it started raining."
"Response: 
A) ភ្នំពេញទឹក្សាធារណាប់ប្រុសប្រួល្តិច្ចប្រុសប្រួល្តិច្ចប្រុសប្រួល្តិច្ចប្រុសប្រួល្តិច្ចប្រុសប្រួល្តិច្ចប្រុសប្រួល្តិច្ចប្រុសប្រួល្តិច្ចប្រុសប្រួល្តិច្ចប្រុសប្រួល្តិច្ចប្រុសប្រួល្តិច្ចប្រុសប្រួល្តិច្ចប្រុសប្រួល្តិច្ចប្រុសប្រួល្តិច្ចប្រុសប"
"Response: 
A) She went to the library and learned about the solar system.
B) She looked at the stars and learned about the solar system."
"Response: 
A) ទាំងអស់ធ្វើការសន្មត (positioned the poster above the door).
B) ប្រព្រឹឣនាំថ្មី (put tape on the back of the poster)."
"Response: 
A) ហុ឴ខ្មែរទាំងអស់ធ្វើការណ៍ទាំងអស់ភ្នំពេញទាំងអស់ប្រទេសប្រពៃប្រទេសប្រពៃប្រទេសប្រពៃប្រទេសប្រពៃប្រទេសប្រពៃប្រទេសប្រពៃប្រទេសប្រពៃប្រទេសប្រពៃប្រទេសប្រពៃប្រទេសប្រពៃប្រទេសប្រពៃប្រទេសប្រពៃប្រទេសប្រពៃប្រទេសប្រពៃប្រទេសប្រពៃប្រទេសប្រពៃប្រទេសប្រព�"
"Response: 
A) ភ្នំពេញ (hand)
B) ទឹកធ្វើ (spoon)"
"Response: 
A) ហុ឴ការសន្មត (The board of directors dissolved the company.)
B) ការសន្មត (The CEO of the company resigned.)"
"Response: 
A) ទាំងអស់ធ្វើការសន្មតណាមួយខាត។
B) ទាំងអស់ធ្វើការសន្មតណាមួយហើយខាត។"
"Response: 
A) His family paid his bail. 
B) He attacked a fellow inmate."
"Response: 
A) ធ្វើការសន្មត (They sold their house.)
B) ទឹកថ្ងៃការសន្មត (Their house caught fire.)"
"Response: 

Answer: B) The can got crushed.
Explanation: When you stomp on an aluminum can, it will get crushed due to the pressure and force applied by your foot. This is because aluminum is a soft metal that can be easily deformed or broken when subjected to sufficient force. Therefore, option B is the correct answer."
"Response: 
A) ហុ឴ក្រហូត (She learned how to use a computer.)
B) ការសន្មត (She learned communication skills.)"
"Response:  The best answer is (A) I listened to music. 
ទំនាន់:  Why do you think that? 
ប្រពៃ:  Because it matches the context of the conversation and the information provided in the passage."
"Response: 
A) They raised $10,000 for the local food bank.
B) They collected over 100 items of clothing for the homeless shelter."
"Response: 
A) The passengers on the roller coaster were excited and happy to be going so fast.
B) The passengers on the roller coaster were terrified and scared of falling off."
Response:  Upon leaving the house, I checked the mailbox and found a letter from my bank.
"Response: 
A) He watched the sunrise from a high place.
B) He went to bed early so he could see the sunrise."
"Response: 
A) ហុង្ហូឌធ្វើការសន្មត (folded the paper).
B) ការសន្មត (recycled the paper)."
"Response: 

Answer: B"
"Response: 
A) ភ្នំពេញទឹកធ្វើការណ៍ (He climbed out of the pool.)
B) ភ្នំពេញថ្មីការណ៍ (He fell into the pool.)"
"Response: 
A) ទាំងអស់ធ្វើការសន្មត (The student rushed to finish the book.)
B) ភ្នំពេញថ្មីណាមួយ (He borrowed it from a friend.)"
"Response: 
A) ភ្នំពេញទឹកធ្វើការណ៍ (throwing him in jail).
B) ប្រកាសប្រព្រត្រី (convicting him of murder)."
"Response:  The sun is shining brightly today. 
ថ្ងៃ: Today is Saturday."
Response:  The correct answer is (B) She went bald.
"Response: 
A) He found the manuscript compelling and decided to edit it himself.
B) He deemed the sentence unclear and requested that the author revise it."
"Response: 
A) She realized the card was missing. 
B) She realized the card was expired."
"Response: 
A) ធ្វើការសន្មត (They attended college.)
B) ទុកការសន្មត (They got married.)"
"Response: 
A) ទាំងអស់ធ្វើការសន្មត (turned up the volume).
B) ប្រហូតប្រភេទណាមួយ (composed my own song)."
"Response: 
A) ភ្នំពេញទឹក្សាធារណាប់ (The girl combed her brother's hair.)
B) ភ្នំពេញទឹក្សាធារណាប់ (The girl brushed her brother's hair.)"
"Response: 
A) ទាំងអស់ធ្វើការសន្មត (bug got squashed).
B) ទាំងអស់ធ្វើការសន្មត (I sprayed myself with bug repellant)."
"Response: 
A) ទឹកធ្វើថ្មី (wake up) 
B) ការសន្មត (relax) 
C) ការណាឫងភ្នំពេញ (dream)"
Response:  The correct answer is (A) I asked him to turn it down.
"Response: 
A) ភ្នំពេញទឹកធ្វើការណ៍ថ្មីបានឱ្យប្រើឬឯកសារប្រព្រត្រីបានប្រើឲ្យប្រព្រត្រីបានប្រើឲ្យប្រព្រត្រីបានប្រើឲ្យប្រព្រត្រីបានប្រើឲ្យប្រព្រត្រីបានប្រើឲ្យប្រព្រត្រីបានប្រើឲ្យប្រព្រត្រីបានប្រើឲ្យប្រព្រត្រីបានប្រើឲ្យប្រព្រត្រីបានប្រើឲ្យប្រព្រត្រីបានប្រើឲ្យប្រព្រត្រីបានប្រើ��"
"Response: 
A) He found a job as an accountant.
B) He started playing golf every weekend."
"Response: 
A) ទាំងអស់ខ្លួនធ្វើការសន្មត (The paint splattered everywhere.)
B) ភ្នំពេញណាមុខហូត្ថឥណ្ឌទាំងអស់ខ្លួនធ្វើការសន្មត (The paint turned green.)"
"Response: 
(A) I apologized for running out of things to say. 
(B) We talked about something else. 
(C) The conversation became more interesting. 
(D) We agreed on a new topic."
Response:  Cambodia, Laos, and Vietnam are all countries in Southeast Asia.
"Response: 
A) The curtain on the stage went up.
B) The opening scene of the play began."
"Response: 

Answer: C) The hostage was released unharmed after the authorities intervened.
Explanation: According to the passage, the kidnapper demanded that the hostage submit to his mandates and threatened to hurt him if he did not comply. However, the authorities were able to intervene and secure the release of the hostage without any harm being done to him. Therefore, option (C) is the best answer."
"Response: 
A) The musician's foot tapping created a rhythmic beat that resonated through the stage.
B) The musician's powerful drumming produced an intense vibration that shook the entire venue."
"Response: 
A) ទាំងអស់ធ្វើការសន្មតថ្មីណាមួញទៀតទេស្រាប់ភ្នំពេញទេ។
B) ទាំងអស់ធ្វើការសន្មតថ្មីណាមួញទៀតទេស្រាប់ភ្នំពេញទេ។"
"Response: 
A) ធ្វើការសន្មត (born premature).
B) ទឹកការសន្មត (born deaf)."
"Response: 
A) Both answers are correct, but the best answer is (B).
B) Only answer (B) is correct."
"Response: 
A:  Yes, I can speak English fluently. 
B: No, I cannot speak English at all."
"Response: 
A) ការសន្មត (The girl switched schools.)
B) សន្មតទាំងអស់ (School let out for the summer.)"
"Response: 
A) The owner appointed a new manager. 
B) The employees went on strike."
"Response: 
A) ហុ឴ខ្មែរទាំងអស់ធ្វើការណ៍ទាំងអស់ភ្នំពេញទាំងអស់ប្រទេសប្រទេសប្រទេសប្រទេសប្រទេសប្រទេសប្រទេសប្រទេសប្រទេសប្រទេសប្រទេសប្រទេសប្រទេសប្រទេសប្រទេសប្រទេសប្រទេសប្រទេសប្រទេសប្រទេសប្រទេសប្រទេសប្រទេសប្រទេសប្រទេសប្រទេសប្រទេសប្រទេសប្រទេសប្រទេសប្រទេសប្រទេសប្រ"
"Response: 
A:  The sand was hot and uncomfortable under my feet. 
B: I enjoyed feeling the cool water between my toes."
"Response: 
A) ទាំងអស់ធ្វើការសន្មត (I woke up in the middle of the night feeling cold.)
B) ទាំងអស់ខ្លួនណាមុខភ្នំពេញ (I drank a glass of water.)"
"Response: 
A) ធ្វើការសន្មត (hush) ទាំងអស់ណាថ្មីភ្នំពេញទៀតទេស្រាប់ប្រុសប្រឺន្នាក់ទេស្រាប់ប្រុសប្រឺន្នាក់ទេស្រាប់ប្រុសប្រឺន្នាក់ទេស្រាប់ប្រុសប្រឺន្នាក់ទេស្រាប់ប្រុសប្រឺន្នាក់ទេស្រាប់ប្រុសប្រឺន្នាក់ទេស្រាប់ប្រុសប្រឺន្នាក់ទេស្រាប់ប្រុសប្រឺន្នាក់ទេស្រាប់ប្រុសប្រឺន្នាក់ទេស្រាប់ប្រុសប្រឺន្នាក់��"
"Response:  The best answer is (B) Tripped on the pavement. 
ទ.  Why did you choose this answer? 
A. Because it matches the context of the conversation. 
B. Because it's a common cause of ripping one's pants. 
C. Because it's the most likely explanation for the situation. 
D. Because it's the only possible reason for ripping one's pants."
"Response: 
A) ភ្នំពេញទឹកធ្វើឲ្យហូត្ថឥណ្ឌទុកប្រទេសប្រទេសប្រទេសប្រទេសប្រទេសប្រទេសប្រទេសប្រទេសប្រទេសប្រទេសប្រទេសប្រទេសប្រទេសប្រទេសប្រទេសប្រទេសប្រទេសប្រទេសប្រទេសប្រទេសប្រទេសប្រទេសប្រទេសប្រទេសប្រទេសប្រទេសប្រទេសប្រទេសប្រទេសប្រទេសប្រទេសប្រទេសប្រទេសប្រទេសប្រទេសប្រ"
"Response: 
A) Yes, he/she can do it.
B) No, he/she cannot do it."
"Response: 

Answer:
A:  Other students sat down at the lunch table.
B: Other students at the lunch table felt left out."
"Response: 
A) She sprung back up into the air.
B) She decided to try to do a flip."
"Response: 
A) ធ្វើការសន្មត (deposit) និង ការសន្មត (delivered) និង ការសន្មត (expedited) និង ការសន្មត (post office) និង ការសន្មត (mailbox) និង ការសន្មត (letter)."
"Response: 
A) He won the game and got a lot of money.
B) He lost the game and had to pay back all he owed."
"Response: 
A) The winds became stronger, which helped the fire to spread faster.
B) The arsonists were caught and arrested, which put an end to the fire."
"Response: 
A) ហុងទូណា (His mother sent him to his room.)
B) ធ្វើការសន្មត (His mother put a bandage on the wound.)"
Response:  The man's health improved after he stopped smoking.
"Response:  The teacher asked us to write an essay on our favorite hobby. 
ជម្រើស A:  I wrote about playing basketball. 
ជម្រើស B: I wrote about reading books. 
ដោយផ្អែកលើការលើកឡើងថា តើទាំហុណខ្លួនធ្វើការភ្នំពេញទៀត? 
ជ្រើសរើសពីចន្លោះជម្រើស A និង B ។"
"Response: 

Answer: B) The writer missed an important deadline.
Explanation: According to the passage, the editor fired the writer because she missed an important deadline. This is stated as the reason for the firing in option B. Option A is incorrect because it suggests that the writer avoided bias in her stories, which is not mentioned in the passage."
"Response: 

Answer: C) I had a lot of work to do."
"Response: 
A) She identified the patient's symptoms. 
B) She prescribed pills to the patient."
"Response: 
A) ទាំងអស់ធ្វើការសន្មតថ្មីណាមួញទៀតឥណ្ឌត្រូវបានប្រកាសភ្នំពេញទេស្រ្តប្រុសប្រឺន្នាក់ទេស្រ្តប្រុសប្រឺន្នាក់ទេស្រ្តប្រុសប្រឺន្នាក់ទេស្រ្តប្រុសប្រឺន្នាក់ទេស្រ្តប្រុសប្រឺន្នាក់ទេស្រ្តប្រុសប្រឺន្នាក់ទេស្រ្តប្រុសប្រឺន្នាក់ទេស្រ្តប្រុសប្រឺន្នាក់ទេស្រ្តប្រុសប្រឺន្នាក់ទេស្រ្តប្រុសប្រឺន្"
"Response: 
A) ភ្នំពេញទឹកធ្វើការណ៍ (He got angry.)
B) ថ្ងៃទឹកធ្វើការណ៍ (He had a heart attack.)"
"Response: 
A) ភ្នំពេញទឹកធ្វើការណ៍ (flexing)
B) ថ្ងៃទឹកធ្វើការណ៍ (rubbing)"
"Response: 
A) He was surprised. 
B) He felt discouraged."
"Response: 
A) ធ្វើការសន្មត (excuse) 
B) ទាំងអស់ការសន្មត (believe)"
"Response: 
A) He began exercising more. 
B) He started waking up earlier."
"Response: 
A) ទាំហេះណាតិធ្វើការលើកឡើងថា តើផលប៉ះពាល់អ្វីដែលអាចកើតឡើងបាន?
B) ទាំហេះណាតិធ្វើការលើកឡើងថា តើផលប៉ះពាល់អ្វីដែលអាចកើតឡើងបាន?"
"Response: 
A) The man's aim was off. 
B) The man was losing the game."
Response:  The homeowner requested that an exterminator come to his house because he discovered rats in the basement.
Response:  The answer is (B) My houseguest overstayed her welcome.
"Response: 
A) ធ្វើការសន្មត (She started hiding the diary.)
B) ទូហុណ្ឌភាព (She got a new diary.)"
"Response: 
A) She worked overtime to earn more money.
B) She quit her job because she couldn't afford the rent."
"Response: 
A) ភ្នំពេញទឹកធ្វើការណ៍ (recoil) ឬការសន្មត (withdrawal)
B) ការសន្មត (withdrawal) ឬការថ្មី (pat)"
"Response: 
A)  They offered a discount to new customers. 
B)  They distributed a survey to customers."
"Response: 
A) ទាំងអស់ធ្វើការសន្មត (The wood floor became scratched.)
B) ភ្នំពេញថ្មីណាមួយ (The boy threw the cushions off the couch.)
C) ឧត្ដឹមស្រឿទូត (The boy dragged a chair across the floor.)"
"Response: 

Answer: C) My enemy threw a punch."
"Response: 
A) ទឹកធ្វើថ្មីណាមួញទឹកភ្នំពេញទឹកប្រទេសប្រទេសប្រទេសប្រទេសប្រទេសប្រទេសប្រទេសប្រទេសប្រទេសប្រទេសប្រទេសប្រទេសប្រទេសប្រទេសប្រទេសប្រទេសប្រទេសប្រទេសប្រទេសប្រទេសប្រទេសប្រទេសប្រទេសប្រទេសប្រទេសប្រទេសប្រទេសប្រទេសប្រទេសប្រទេសប្រទេសប្រទេសប្រទេសប្រទេសប្រទេសប្រ"
"Response: 
A) ទាំងអស់ខ្លួនធ្វើការណ៍ទាំងអស់ហុឃភាពទាំងអស់ប្រព្រឹក្សាន្តប្រព្រឹក្សាន្តប្រព្រឹក្សាន្តប្រព្រឹក្សាន្តប្រព្រឹក្សាន្តប្រព្រឹក្សាន្តប្រព្រឹក្សាន្តប្រព្រឹក្សាន្តប្រព្រឹក្សាន្តប្រព្រឹក្សាន្តប្រព្រឹក្សាន្តប្រព្រឹក្សាន្តប្រព្រឹក្សាន្តប្រព្រឹក្សាន្តប្រព្រឹក្សាន្តប្រព្រឹក្សាន្តប្រព្រឹក្សាន្តប្រព្រឹក្សាន្តប"
"Response: 
A) She pointed her toes.
B) She twisted her ankle."
"Response: 
A) ភ្នំពេញទឹកធ្វើថ្មី (He learned how to tie his shoes.)
B) រួចរឿងរបស់ក្រឡ��aro (He ran around on the playground.)"
"Response: 

Answer: C) I forgot my library card."
"Response: 
A)  He was influenced by his parents' beliefs.
B)  His parents disowned him because he held different beliefs than they did."
"Response: 
A) The car's engine stopped working.
B) The driver lost control of the vehicle."
"Response: 
A) The ice cream was too cold to eat.
B) The ice cream had no flavor left."
"Response: 
A) ទាំងអស់ធ្វើការសន្មត (hang artwork).
B) ទាំងអស់ថ្មីណាមួញ (clean the carpet)."
"Response: 
A) ភ្នំពេញទឹកធ្វើការណ៍ (I have a headache.)
B) ការសន្មត (My boss held a meeting.)"
"Response: 
A) ហុ឴ខ្មែរ (The owner scolded the puppy.)
B) ការសន្មត (The puppy soiled the carpet.)"
"Response: 
A) ធ្វើការសន្មត (forgive) 
B) ទឹកការសន្មត (become infuriated)"
"Response: 
A) ភ្នំពេញទឹកក្រហមណ្ឌធ្វើការថ្មីបានទៀតទេស្រាបជ្រាពទេស្រាបជ្រាពទេទេស្រាបជ្រាពទេទេស្រាបជ្រាពទេទេស្រាបជ្រាពទេទេស្រាបជ្រាពទេទេស្រាបជ្រាពទេទេស្រាបជ្រាពទេទេស្រាបជ្រាពទេទេស្រាបជ្រាពទេទេស្រាបជ្រាពទេទេស្រាបជ្រាពទេទេស្រាបជ្រាពទេទេស្រាបជ្រាពទេទេស្រាបជ្រាពទេទ��"
"Response: 
A) He completed his testimony.
B) He was charged with perjury."
"Response: 
A) She wanted a new look. 
B) She wanted to blend in."
"Response: 
A) They found employment. 
B) They were deported."
"Response: 
A) ទាំងអស់ខ្លួនធ្វើការណ៍ទាំងអស់ហុងភ្នំពេញទៀតទេស្រាប់ប្រុសប្រឺន្នាក់ទាំងអស់ហុងភ្នំពេញទៀតទេស្រាប់ប្រុសប្រឺន្នាក់ទាំងអស់ហុងភ្នំពេញទៀតទេស្រាប់ប្រុសប្រឺន្នាក់ទាំងអស់ហុងភ្នំពេញទៀតទេស្រាប់ប្រុសប្រឺន្នាក់ទាំងអស់ហុងភ្នំពេញទៀតទេស្រាប់ប្រុស"
"Response: 
A) ទឹកធ្វើខាត (The sun is too bright.)
B) ភ្នំពេញហូត្ថុណា (The sun burned my skin.)"
"Response: 

Answer:
A) I snorted.
B) I yawned."
"Response: 
A) ទាំងអស់ធ្វើការសន្មត (dull knife)
B) ទាំងអស់ស្នើថ្មី (raw steak)"
"Response: 

Answer: B) She acquired massive debt.
Explanation: According to the passage, the woman's financial situation worsened after she filed for bankruptcy, indicating that she acquired a significant amount of debt during this time. Therefore, option B is the correct answer."
"Response: 
A) He was not at home.
B) He was out."
"Response: 
A:  I smelled the fragrance of the flower. 
B: I saw a butterfly on the flower."
"Response: 
A) ធ្វើការសន្មត (ran into a childhood friend)
B) ទាំងអស់ថ្មី (yelled at her children)"
"Response: 
A) He submitted the paper early, but it was not complete.
B) He submitted the paper late, and it was not complete."
"Response: 
A) ទូហុណ្ឌភាពខ្លាំងធ្វើការលើកឡើងថា តើផលប៉ះពាល់អ្វីដែលអាចកើតឡើងបាន?
B) ទូហុណ្ឌភាពខ្លាំងធ្វើការលើកឡើងថា តើផលប៉ះពាល់អ្វីដែលអាចកើតឡើងបាន?"
Response:  The answer is (A)  Discarded the note.
"Response: 
A) ទឹកធ្វើខាត (The bird flew away.)
B) ហុត្តភ្នំពេញ (The bird built a nest.)"
"Response: 

Answer: C) The car was not in the driveway."
"Response: 
A) ហុ឴ខ្មែរ (The criminal aimed the gun at his victim.)
B) ទឹកធ្វើអ្វី (The victim put his hands up.)"
Response:  The best answer is (A) I planned to attend my uncle's funeral.
"Response: 

Answer: C) I was bored."
"Response: 
A) ទាំងអស់ធ្វើការសន្មត (The document is printed out illegibly.)
B) ការសន្មត (The printer was low on ink.)"
"Response: 
A) The fans sang along with the national anthem.
B) The fans stormed the field in excitement."
"Response: 

Answer:
The soup was bland because you added too much salt, so I suggest you use less salt next time when cooking."
"Response: 

Answer: B
Explanation: When you set the paper towel on the spill, it absorbed the liquid and cleaned up the mess. However, there may be some residue left behind after the towel has been used. Therefore, option B is the correct answer."
"Response: 
A) She bookmarked her page. 
B) She reread the book."
"Response: 
A) The man was able to fasten his seatbelt in time.
B) The man was not able to fasten his seatbelt in time."
"Response: 

Please choose the correct answer by typing A or B."
"Response: 
A)  They amputated her leg. 
B)  They monitored her vitals."
"Response: 
A) ធ្វើការសន្មត (She shrugged her shoulders at him.)
B) ហុង្ហូឌទាំងអាណាចក្រឹម្ឈ្ម។"
"Response: 
A) ធ្វើការសន្មត (valued his opinion).
B) ទាំងអស់ការសន្មត (knew I was right)."
"Response: 
A) ទាំងអស់ខ្លួនធ្វើការណ៍ទាំងអស់ហុងភ្នំពេញទៀតឥណ្ឌូប្រុសប្រឺន្នាក់ទាំងអស់ហុងភ្នំពេញទៀតឥណ្ឌូប្រុសប្រឺន្នាក់ទាំងអស់ហុងភ្នំពេញទៀតឥណ្ឌូប្រុសប្រឺន្នាក់ទាំងអស់ហុងភ្នំពេញទៀតឥណ្ឌូប្រុសប្រឺន្នាក់ទាំងអស់ហុងភ្នំពេញទៀតឥណ្ឌូប្រុសប្រឺន្នាក��"
"Response: 
A)  Schools shut down. 
B) People hid underground."
"Response: 
A) He went home for the day. 
B) He threatened to quit the job."
"Response: 
A) ទឹកធ្វើថ្មី (The tree fell onto the roof.)
B) ទឹកណាស់ (The tree shaded the backyard.)"
"Response:  Wood is a natural material that can be used for various purposes, such as building materials, fuel, and crafting tools. It is also an important resource for many industries, including furniture making, paper production, and construction. However, it requires proper management and conservation to ensure its sustainability.

In this passage, the word ""wood"" appears three times. Which of the following options best describes how the word ""wood"" is used in these instances?
A) As a noun referring to a specific type of tree or plant.
B) As a verb meaning to cut or shape wood into a desired form.
C) As an adjective modifying a noun to describe something made of wood.
D) As a preposition indicating where wood is located."
"Response: 

Answer:
The correct answer is (B) The couple announced that they were having a baby.

Explanation:
In this situation, the family of the couple are happy and excited about the news of their pregnancy, which means they are expecting a new member in their family. Therefore, option (B) is the best choice."
"Response: 
A) ធ្វើការសន្មត (She liked him.)
B) ទឹកការសន្មត (She kissed him.)"
"Response: 
A) ធ្វើការសន្មត (nodded) 
B) ទាំងអស់ប្រព្រឹក (confused)"
"Response: 
A) They wanted to find a compromise. 
B) They wanted to make a fair decision."
"Response: 
A) The man put away the groceries he had bought.
B) The man cooked a meal for his family."
"Response: 

Answer: B) She worked hard.
Explanation: According to the passage, the woman ""set an ambitious goal"" and ""worked hard"" to achieve it, which suggests that she put in a lot of effort and dedication towards her objective. Option A is incorrect because it implies that the woman did not work hard enough, while option C does not provide any information about how much effort she put into achieving her goal."
"Response: 
A)  His son got into legal trouble. 
B) His son inherited his fortune."
"Response: 
A) The flames were extinguished.
B) Smoke rose from the flames."
"Response: 
A) ភ្នំពេញទឹកធ្វើការណ៍ (Her driver's license was revoked.)
B) ថ្ងៃទឹកធ្វើការណ៍ (She got in a car accident.)"
"Response: 
A) ធ្វើការសន្មត (I slept through my alarm.)
B) ប្រហូតការសន្មត (I missed breakfast.)"
"Response: 
A) He was mobbed by fans as he stepped off the plane.
B) His wife and children were with him at the airport."
"Response: 
A) The bathwater became lukewarm. 
B) The bathwater drained out of the tub."
"Response: 
A) He joined a fraternity and met many new friends.
B) He majored in engineering and became more confident."
Response:  The best answer is (A) I was looking for loose change.
"Response: 

Answer: C) The boy ducked down to avoid being hit by the wasp."
"Response: 
A) ហុ឴ក្រហូត្រណាទឹកខ្មែរភ្នំពេញធ្វើការពិនិត្យប្រព្រត្រីប្រព្រល្បាលប្រព្រល្បាលប្រព្រល្បាលប្រព្រល្បាលប្រព្រល្បាលប្រព្រល្បាលប្រព្រល្បាលប្រព្រល្បាលប្រព្រល្បាលប្រព្រល្បាលប្រព្រល្បាលប្រព្រល្បាលប្រព្រល្បាលប្រព្រល្បាលប្រព្រល្បាលប្រព្រល្បាលប្រព្រល្បាលប្រព្រល្បាលប្រព"
"Response: 
A) ទាំងអស់ធ្វើការសន្មត (stirred) ហើយខ្លួនណាមុខភ្ជាប់ប្រហូតឲ្យប្រពៃប្រទេសប្រពៃប្រទេសប្រពៃប្រទេសប្រពៃប្រទេសប្រពៃប្រទេសប្រពៃប្រទេសប្រពៃប្រទេសប្រពៃប្រទេសប្រពៃប្រទេសប្រពៃប្រទេសប្រពៃប្រទេសប្រពៃប្រទេសប្រពៃប្រទេសប្រពៃប្រទេសប្រពៃប្រទេសប្រពៃប្រទេសប្រពៃប្"
"Response: 
A) ភ្នំពេញទឹកធ្វើការណ៍ (drafted into the army).
B) ថ្ងៃទឹកធ្វើការណ៍ (injured in battle)."
"Response: 
A) ហុ឴ខ្មែរ (Police)
B) ទឹកធ្វើអូឡើង (Criminal)"
"Response: 
A) ធ្វើការសន្មតទៀតថ្មីណាមួញទេស្រាប់ភ្នំពេញទេមួញទេត្រូវបានប្រាក់ដែលអាចកើតឡើងបានទាន់ទេស្រាប់ភ្នំពេញទេមួញទេត្រូវបានប្រាក់ដែលអាចកើតឡើងបានទាន់ទេស្រាប់ភ្នំពេញទេមួញទេត្រូវបានប្រាក់ដែលអាចកើតឡើងបានទាន់ទេស្រាប់ភ្នំពេញទេមួញទេត្រូវ��"
"Response: 
A) She acquired an extensive wardrobe. 
B) She folded her laundry."
"Response: 
A) He was happy because his wife had given birth to a healthy baby boy.
B) He was sad because his wife had left him for another man."
"Response: 
A) ហុ឴ខ្មែរទាំងអស់ធ្វើការណ៍ទៀតទេស្រាប់ភ្នំពេញទេស្រាប់ភ្នំពេញទេ។
B) ហុ឴ខ្មែរទាំងអស់ធ្វើការណ៍ទៀតទេស្រាប់ភ្នំពេញទេស្រាប់ភ្នំពេញទេ។"
"Response: 
A) He greeted the audience with a smile.
B) He spoke loudly and confidently."
"Response: 
A:  The coin sunk to the bottom. 
B: The coin broke in half. 

Answer: A (The coin sunk to the bottom)
Explanation: When you tossed the coin into the fountain, it sank to the bottom due to its weight and gravity. It did not break in half because coins are made of metal and do not have a tendency to break easily."
"Response: 

Answer:

A) The ball went in the hole.
B) The ball retreated back to the player."
"Response:  The man breathed in the dust in the attic. 
ទូហុណ្ឌ:  He hiccuped. 
ធ្វើការសន្មត:  He sneezed."
"Response: 
A) The customer used counterfeit money.
B) The customer left his headlights on."
"Response: 
A) ទាំងអស់ធ្វើការសន្មត (took the garbage out) 
B) ទាំងការសន្មត (made the kitchen smell bad) 
C) ទាំងការសន្មត (accidentally threw away my shopping list) 
D) ទាំងការសន្មត (couldn't find the trash can)"
"Response: 
A) ទូហុណ្ឌភ្នំពេញ (The monkey climbed up the tree.)
B) ទូហុណ្ឌធ្វើឯកសារ (The elephant trumpeted loudly.)"
Response:  The patient's condition is critical and requires immediate medical attention.
"Response: 
A) ទាំងអស់ខ្ពស់ធ្វើការណ៍ទាំងអស់ហុងភ្នំពេញទាំងអស់ឃ្លៀប្រាស់ប្រាក់ដោយប្រាស់ប្រាក់ដោយប្រាស់ប្រាក់ដោយប្រាស់ប្រាក់ដោយប្រាស់ប្រាក់ដោយប្រាស់ប្រាក់ដោយប្រាស់ប្រាក់ដោយប្រាស់ប្រាក់ដោយប្រាស់ប្រាក់ដោយប្រាស់ប្រាក់ដោយប្រាស់ប្រាក់ដោយប្រាស់ប្រាក់ដោយប្រាស់ប្រាក់ដោយ��"
"Response: 
A) ទូហុណ្ឌភ្នំពេញ (broke) 
B) ទឹកធ្វើអាចក្របួល (opened)"
"Response: 
A) ទឹកធ្វើថ្មី (backpack) ឃ្លាំងណាចល់ភ្នំពេញទៀតឥណ្ឌទួលបានទេស្រ្តិចខ្លួនទេស្រ្តិចខ្លួនទេស្រ្តិចខ្លួនទេស្រ្តិចខ្លួនទេស្រ្តិចខ្លួនទេស្រ្តិចខ្លួនទេស្រ្តិចខ្លួនទេស្រ្តិចខ្លួនទេស្រ្តិចខ្លួនទេស្រ្តិចខ្លួនទេស្រ្តិចខ្លួនទេស្រ្តិចខ្លួនទេស្រ្តិចខ្ល�"
"Response: 
A) ទាំងអស់ធ្វើការសន្មត (I baked her a cake).
B) ថ្ងៃទឹកណាឌឿង (It was her birthday)."
"Response: 
A) The bees were responsible for destroying the daffodils.
B) The squirrels were responsible for destroying the daffodils."
"Response: 
A) ទាំងអស់ខ្លួនធ្វើការណ៍ (match) ហើយបានប៉ះពាល់អ្វីដែលអាចកើតឡើងបានទាំងអស់ខ្លួនធ្វើការណ៍ (flame).
B) ទាំងអស់ខ្លួនធ្វើការណ៍ (match) ហើយបានប៉ះពាល់អ្វីដែលអាចកើតឡើងបានទាំងអស់ខ្លួនធ្វើការណ៍ (flame) និងបានប៉ះពាល់អ្វីដែលអាចកើតឡើងបានទាំងអស់ខ្លួនធ្វើការណ៍ (fire"
"Response: 
A) ការសន្មត (settlement) ទាំងអស់ធ្វើការណ៍នៃការប្រើប្រាស់នេះថ្មីភ្នំពេញទៀតទេស្រាប់ប្រុស្តិឌ្ឍប្រុស្តិឌ្ឍប្រុស្តិឌ្ឍប្រុស្តិឌ្ឍប្រុស្តិឌ្ឍប្រុស្តិឌ្ឍប្រុស្តិឌ្ឍប្រុស្តិឌ្ឍប្រុស្តិឌ្ឍប្រុស្តិឌ្ឍប្រុស្តិឌ្ឍប្រុស្តិឌ្ឍប្រុស្តិឌ្ឍប្រុស្តិឌ្ឍប្រុស្តិឌ្ឍប្រុស្ត�"
"Response: 
A)  Their parents died. 
B) Their parents spoiled them."
Response:  The answer is (B) It began to hail.
"Response: 
A) She became dehydrated. 
B) She panicked."
"Response: 
A:  I turned the oven on and it became hot. 
B: I put the dish in the oven and it became hot. 

Answer: Both are correct!

Explanation: In this sentence, ""hot"" is an adjective that describes the noun ""oven"". So both options A and B can be used to complete the sentence. Option A uses a more formal tone by saying ""it became hot"", while option B uses a more casual tone by saying ""it got hot""."
"Response: 
A) ទាំងអស់ខ្លួនធ្វើការណ៍ទាំងអស់ហុងភ្លើមទាំងអស់ឃ្លៀប្រាស់ប្រាក់ដោយប្រាស់ប្រាក់ដោយប្រាស់ប្រាក់ដោយប្រាស់ប្រាក់ដោយប្រាស់ប្រាក់ដោយប្រាស់ប្រាក់ដោយប្រាស់ប្រាក់ដោយប្រាស់ប្រាក់ដោយប្រាស់ប្រាក់ដោយប្រាស់ប្រាក់ដោយប្រាស់ប្រាក់ដោយប្រាស់ប្រាក់ដោយប្រាស់ប្រាក់ដោយប្រា"
"Response: 

Answer: C) The country explored the land."
"Response: 
A) ហុ឴ខ្មែរទាំងអស់ធ្វើការណ៍ទាំងអស់ភ្នំពេញទាំងអស់ប្រទេសប្រទេសប្រទេសប្រទេសប្រទេសប្រទេសប្រទេសប្រទេសប្រទេសប្រទេសប្រទេសប្រទេសប្រទេសប្រទេសប្រទេសប្រទេសប្រទេសប្រទេសប្រទេសប្រទេសប្រទេសប្រទេសប្រទេសប្រទេសប្រទេសប្រទេសប្រទេសប្រទេសប្រទេសប្រទេសប្រទេសប្រទេសប្រ"
"Response: 
A) The table wobbled because the floor was uneven.
B) The table wobbled because the floor was slippery."
"Response: 
A)  His son confessed the truth.
B) The father trusted his son."
"Response: 
A) He took cough syrup and his headache went away.
B) He took aspirin and his headache went away."
"Response:  Train Approaching Station 
ទឹកធ្វើការ: Slowing Down 

Answer: B) It was running behind schedule."
"Response: 
A) ភ្នំពេញទឹកធ្វើការសន្មតបានថ្មីណាមួយបានប្រកាសប្រតិប្រាស់ប្រព្រប់ប្រទេសប្រព្រប់ប្រទេសប្រព្រប់ប្រទេសប្រព្រប់ប្រទេសប្រព្រប់ប្រទេសប្រព្រប់ប្រទេសប្រព្រប់ប្រទេសប្រព្រប់ប្រទេសប្រព្រប់ប្រទេសប្រព្រប់ប្រទេសប្រព្រប់ប្រទេសប្រព្រប់ប្រទេសប្រព្រប់ប្រទេសប្រព្រប់ប្រទ"
"Response: 
A) ធ្វើការសន្មត (She swallowed her food.)
B) ប្រទេសការសន្មត (She choked on her food.)"
"Response: 
A) ភ្នំពេញ (sore throat)
B) រាស្ត្រ (raspy)"
"Response: 
A) ទាំងអស់ខ្លួនធ្វើការសន្មតណាហូតគ្នាទាំងអស់ខ្លួនធ្វើការសន្មតណាហូតគ្នាទាំងអស់ខ្លួនធ្វើការសន្មតណាហូតគ្នាទាំងអស់ខ្លួនធ្វើការសន្មតណាហូតគ្នាទាំងអស់ខ្លួនធ្វើការសន្មតណាហូតគ្នាទាំងអស់ខ្លួនធ្វើការសន្មតណាហូតគ្នាទាំងអស់ខ្លួនធ្វើការសន្មតណាហូតគ្នាទាំងអ"
"Response: 

Answer:
The correct answer is (B) She became wealthy.
Explanation:
In this sentence, the word ""ការ"" (kaar) means ""business"". So, the sentence can be translated as ""Her business succeeded.""
Option (A) is incorrect because it does not make sense in the context of the sentence. Firing employees is not a reason for a business to succeed. Option (B) is also incorrect because becoming wealthy is not necessarily a direct result of firing employees. Therefore, option (B) is the best answer."
"Response: 

Answer:
The correct answer is (B) The teacher assigned homework.
Explanation:
In this sentence, the verb ""assigned"" is in the past tense, indicating that the action of assigning homework happened before the other actions in the sentence. Therefore, option (B) is the best choice."
"Response: 
A) She was not believed by her friends and family.
B) They were supportive of her claims."
"Response: 
A) ភ្នំពេញទឹកក្រហមណ្ឌធ្វើការថ្មីបានទៀតទេស្រាបជ្រាពទេស្រាបជ្រាពទេទេស្រាបជ្រាពទេទេស្រាបជ្រាពទេទេស្រាបជ្រាពទេទេស្រាបជ្រាពទេទេស្រាបជ្រាពទេទេស្រាបជ្រាពទេទេស្រាបជ្រាពទេទេស្រាបជ្រាពទេទេស្រាបជ្រាពទេទេស្រាបជ្រាពទេទេស្រាបជ្រាពទេទេស្រាបជ្រាពទេទេស្រាបជ្រាពទេទ��"
"Response: 
A) ទាំងអស់ខ្លួនធ្វើការណ៍ទាំងអស់ហុងភ្លើមបានទាំងអស់ខ្លួនធ្វើការណ៍ទាំងអស់ហុងភ្លើមបានទាំងអស់ខ្លួនធ្វើការណ៍ទាំងអស់ហុងភ្លើមបានទាំងអស់ខ្លួនធ្វើការណ៍ទាំងអស់ហុងភ្លើមបានទាំងអស់ខ្លួនធ្វើការណ៍ទាំងអស់ហុងភ្លើមបានទាំងអស់ខ្លួនធ្វើការ"
"Response: 
A) ភ្នំពេញទឹកធ្វើការណ៍ (stroke)
B) ការសន្មត (breathing deeply)"
"Response: 
A) ភ្នំពេញទឹកធ្វើការណ៍ (sidewalk)
B) ថ្ងៃទឹកធ្វើការណ៍ (name)"
"Response: 
A) The lifeguard jumped in after him.
B) The man soaked the lifeguard."
"Response: 

Answer: C) The bacteria became resistant to the antibiotic."
"Response: 
A) ទាំងអស់ធ្វើការណ៍ខាតប្រុសភាពហើយបានទាំងអស់ធ្វើការណ៍ខាតប្រុសភាពហើយបានទាំងអស់ធ្វើការណ៍ខាតប្រុសភាពហើយបានទាំងអស់ធ្វើការណ៍ខាតប្រុសភាពហើយបានទាំងអស់ធ្វើការណ៍ខាតប្រុសភាពហើយបានទាំងអស់ធ្វើការណ៍ខាតប្រុសភាពហើយបានទាំងអស់ធ្វើការណ៍ខាតប្រុសភា��"
"Response: 
A) ទាំងអស់ធ្វើការសន្មតបានថ្មីណាម្នាក់បានប្រភេទទៀតទៃត្រីបានប្រព្រឹត្រព្រួញ្ឌទេស្រាបប្រព្រឹត្រព្រួញ្ឌទេស្រាបប្រព្រឹត្រព្រួញ្ឌទេស្រាបប្រព្រឹត្រព្រួញ្ឌទេស្រាបប្រព្រឹត្រព្រួញ្ឌទេស្រាបប្រព្រឹត្រព្រួញ្ឌទេស្រាបប្រព្រឹត្រព្រួញ្ឌទេស្រាបប្រព្រឹត្រព្រួញ្ឌទេស្រាបប្រព្រឹ"
"Response: 
A) ទឹកធ្វើថ្មីណាមួញទឹកភ្នំពេញទឹកប្រទេសប្រពៃប្រទេសប្រពៃប្រទេសប្រពៃប្រទេសប្រពៃប្រទេសប្រពៃប្រទេសប្រពៃប្រទេសប្រពៃប្រទេសប្រពៃប្រទេសប្រពៃប្រទេសប្រពៃប្រទេសប្រពៃប្រទេសប្រពៃប្រទេសប្រពៃប្រទេសប្រពៃប្រទេសប្រពៃប្រទេសប្រពៃប្រទេសប្រពៃប្រទេសប្រពៃប្រទេ"
"Response: 
A) ហុងធ្វើការសន្មត (He skipped the exam.)
B) ហុងទាំងអ្នកប្រព្រឹត្រព្យ (He passed the exam.)"
"Response: 
A) ភ្នំពេញទឹកក្រហម (The young boy clung to the ledge of the pool.)
B) ការសន្មត (He feared learning to swim.)"
"Response: 
A) ភ្នំពេញទឹកធ្វើការណ៍ (I felt my pulse).
B) ហុងទឹកធ្វើការណ៍ (My heart rate sped up)."
"Response: 
A) ទូហុណ្ឌភាពខាតធ្វើការលើកឡើងថា តើផលប៉ះពាល់អ្វីដែលអាចកើតឡើងបាន?
B) ទូហុណ្ឌភាពខាតធ្វើការលើកឡើងថា តើផលប៉ះពាល់អ្វីដែលអាចកើតឡើងបាន?"
"Response: 
A) ទូហុណ្ឌភាព (invite)
B) ធ្វើការសន្មត (wave)"
"Response: 
A) ទឹកធ្វើថ្មី (dive) 
B) ទឹកណាស់ថ្មី (float)"
"Response:  The man accidentally swallowed a seed while he was eating a slice of watermelon. 
ទូទួល: He spat it out and tried to brush his teeth, but the taste lingered on his tongue."
"Response: 
A) ទាំងអស់ណាធ្វើការសន្មត (tripped). 
B) ទាំងអស់ណាថ្មីការសន្មត (unzipped)."
"Response: 
A) She was distracted by noise. 
B) She got her ears pierced."
Response:  The best answer is (A) I drank all the water in it.
Response:  Television shows are often censored to avoid offending viewers or to comply with regulations. However, some shows may contain mature themes or language that is not suitable for all audiences. As a result, parents and guardians should use discretion when allowing children to watch TV shows.
"Response: 
A) The crew of the ship was rescued by a passing boat.
B) The crew of the ship managed to repair the damage and continue on their journey."
"Response: 

Answer: B) He requested a hint."
"Response: 
A) The man answered the phone.
B) The man hung up the phone."
"Response: 
A) She was looking at him with a mixture of fear and sadness in her eyes.
B) He felt uneasy as he realized that she had been watching him for some time."
"Response: 
A) They took pictures of the exhibits.
B) They viewed all the exhibits."
"Response: 
A) ទាំងអស់ខ្លួន (The man started an argument with me.)
B) ទាំងអស់ធ្វើការ (My friend stood up for me.)"
"Response: 
A:  Yes, I pumped air into the tire.
B: No, I didn't switch gears on the bike."
"Response: 
A) ហុត្តូលើការទាំងអស់ខ្លួនធ្វើការណាឫកភាពប្រហត្ថប្រពៃប្រទេស្រាបប្រពៃប្រទេស្រាបប្រពៃប្រទេស្រាបប្រពៃប្រទេស្រាបប្រពៃប្រទេស្រាបប្រពៃប្រទេស្រាបប្រពៃប្រទេស្រាបប្រពៃប្រទេស្រាបប្រពៃប្រទេស្រាបប្រពៃប្រទេស្រាបប្រពៃប្រទេស្រាបប្រពៃប្រទេស្រាបប្រពៃប្រទេស្រាបប្រពៃប្រទេស"
"Response: 
A) ទាំងអស់ធ្វើការសន្មត (The pen ran out of ink.)
B) ហុងខ្លួនណាមូលភាព (I used a pencil.)
C) ប្រាក់ប្រាប់ប្រឹងប្រឺន្នាទាំងអស់ធ្វើការសន្មត (I signed my name.)"
Response:  None of the above options are correct explanations for why the man was denied a loan.
"Response: 
A) She had chicken pox and missed a lot of school.
B) She enjoyed learning math but didn't go to school that day."
"Response: 
A) ទូហុណ្ឌភ្នំពេញ (The trash bag was full.)
B) ធ្វើការសន្មត (I took it to the dumpster.)
C) ប្រកាសប្រាស់ប្រាស់ (I dumped it down the sink.)"
Response:  The two students were arguing over who was responsible for cleaning up the mess.
"Response: 
A) He turned off his computer. 
B) He threw a chair across the room."
"Response: 
A:  Yes, the twig burned. 
B: No, the fire did not go out."
"Response: 
A) ទឹកធ្វើថ្មីណាមួញទៀតទេស្រាបជ្រាពល់ឆ្នាំទេស្រាបជ្រាពល់ឆ្នាំទេស្រាបជ្រាពល់ឆ្នាំទេស្រាបជ្រាពល់ឆ្នាំទេស្រាបជ្រាពល់ឆ្នាំទេស្រាបជ្រាពល់ឆ្នាំទេស្រាបជ្រាពល់ឆ្នាំទេស្រាបជ្រាពល់ឆ្នាំទេស្រាបជ្រាពល់ឆ្នាំទេស្រាបជ្រាពល់ឆ្នាំទេស្រាបជ្រាពល់ឆ្នាំទេស្រាបជ្រាពល់ឆ្នាំទ"
"Response: 
A) ហុ឴ខ្មែរ (University of California, Berkeley)
B) ការសន្មត (savings fund)"
"Response: 
A) The man's shoes were too tight and he had to loosen them.
B) The man's shoes were old and worn out, so he took them off."
"Response: 
A) He refrigerated the leftovers. 
B) He saved the recipe."
Response:  The correct answer is (A) I put ice on it.
Response:  The answer is (B) I overheard the conversation in the hall.
"Response: 
A) Waited in line for an hour before getting seated.
B) Skimmed through a magazine while waiting."
"Response: 
A) ហុ឴ខ្មែរ (The man swatted at the fly.)
B) ទឹកណាធ្វើ (The fly buzzed away.)"
"Response: 
A) ភ្នំពេញទឹក្សាន្ត (dying)
B) ឧត្ថបទណ្ឌធ្វើឲ្យ (a widower)"
"Response: 
A) He dropped out of the race. 
B) He sped up his pace."
"Response: 
A) ភ្នំពេញទូណាធ្វើការហុងផ្លូវចល្ប់ពីក្រុងប្រទេសប្រពៃប្រទេសប្រពៃប្រទេសប្រពៃប្រទេសប្រពៃប្រទេសប្រពៃប្រទេសប្រពៃប្រទេសប្រពៃប្រទេសប្រពៃប្រទេសប្រពៃប្រទេសប្រពៃប្រទេសប្រពៃប្រទេសប្រពៃប្រទេសប្រពៃប្រទេសប្រពៃប្រទេសប្រពៃប្រទេសប្រពៃប្រទេសប្រពៃប្រទេសប"
"Response: 
A) He felt terrified.
B) He felt ecstatic."
"Response: 
A) He did not meet his friends to watch the game because he was too busy studying for an exam.
B) He made a bet with his friends that the home team would win, and they were right."
"Response: 
A) He set his alarm clock and fell asleep immediately.
B) He counted sheep and eventually fell asleep."
