;language;mgsm_basic;mgsm_cot;xcopa_cause;xcopa_effect;cot
0;afr_Latn;"Vraag:  {question} 
Gebaseer op die vraag, formuleer 'n numeriese antwoord.  Antwoord: ";"Vraag:  {question} 
Gebaseer op die vraag, formuleer 'n numeriese antwoord.  Antwoord:  Kom ons dink stap vir stap. ";"Voorbeeld:  {premise} 
Opsie A:  {choice1} 
Opsie B: {choice2} 
Watter oorsaak is na aanleiding van die uitgangspunt meer waarskynlik? 
Kies tussen opsies A en B. 
Antwoord:  {cot}";"Voorbeeld:  {premise} 
Opsie A:  {choice1} 
Opsie B: {choice2} 
Watter uitwerking is na aanleiding van die uitgangspunt waarskynliker? 
Kies tussen opsies A en B. 
Antwoord:  {cot}";Kom ons dink stap vir stap. 
1;arb_Arab;"سؤال:  {question} 
بناء على السؤال، صياغة إجابة رقمية.  الجواب: ";"سؤال:  {question} 
بناء على السؤال، صياغة إجابة رقمية.  الجواب:  دعونا نفكر خطوة بخطوة ";"فرضية:  {premise} 
الخيار أ:  {choice1} 
الخيار (ب): {choice2} 
بناء على الفرضية، أي سبب هو الأكثر احتمالا؟ 
اختر بين الخيارين أ و ب 
الجواب:  {cot}";"فرضية:  {premise} 
الخيار أ:  {choice1} 
الخيار (ب): {choice2} 
بناء على الفرضية، أي تأثير هو الأكثر احتمالا؟ 
اختر بين الخيارين أ و ب 
الجواب:  {cot}";دعونا نفكر خطوة بخطوة 
2;ban_Latn;"Pitakén:  {question} 
Manut pitakén, ngarumusang jawaban numerik.  Bali: Pasaur danene sapuniki: ";"Pitakén:  {question} 
Manut pitakén, ngarumusang jawaban numerik.  Bali: Pasaur danene sapuniki:  Ngiring iraga mapineh ring pahan-pahan. ";"Premis:  {premise} 
Pilihan A:  {choice1} 
Pilihan B: {choice2} 
Manut kawéntenan punika, napi sané ngawinang? 
Pilih antara pilihan A miwah B. 
Bali: Pasaur danene sapuniki:  {cot}";"Premis:  {premise} 
Pilihan A:  {choice1} 
Pilihan B: {choice2} 
Manut kawéntenannyané, napi sané pinih dangan kapanggihin? 
Pilih antara pilihan A miwah B. 
Bali: Pasaur danene sapuniki:  {cot}";Ngiring iraga mapineh ring pahan-pahan. 
3;bel_Cyrl;"Пытанне:  {question} 
Зыходзячы з запыта, сфармулюйце лічбавы адказ.  Адказ: ";"Пытанне:  {question} 
Зыходзячы з запыта, сфармулюйце лічбавы адказ.  Адказ:  Давайце падумаем крок за крокам. ";"Перадумовы:  {premise} 
Варыянт А:  {choice1} 
Варыянт Б: {choice2} 
Зыходзячы з папярэдняй высновы, якая прычына больш верагодная? 
Выберыце паміж варыянтамі А і В. 
Адказ:  {cot}";"Перадумовы:  {premise} 
Варыянт А:  {choice1} 
Варыянт Б: {choice2} 
Зыходзячы з гэтага, які эфект больш верагодны? 
Выберыце паміж варыянтамі А і В. 
Адказ:  {cot}";Давайце падумаем крок за крокам. 
4;ben_Beng;"প্রশ্ন:  {question} 
প্রশ্নের ভিত্তিতে, একটি সংখ্যাসূচক উত্তর তৈরি করুন।  উত্তর: ";"প্রশ্ন:  {question} 
প্রশ্নের ভিত্তিতে, একটি সংখ্যাসূচক উত্তর তৈরি করুন।  উত্তর:  ধাপে ধাপে চিন্তা করা যাক। ";"মূলধন:  {premise} 
বিকল্প A:  {choice1} 
বিকল্প বিঃ {choice2} 
এই প্রমিশনের উপর ভিত্তি করে, কোন কারণটি বেশি সম্ভাব্য? 
বিকল্প A এবং B এর মধ্যে বেছে নিন। 
উত্তর:  {cot}";"মূলধন:  {premise} 
বিকল্প A:  {choice1} 
বিকল্প বিঃ {choice2} 
এই প্রবন্ধের ভিত্তিতে, কোন প্রভাব বেশি প্রাসঙ্গিক? 
বিকল্প A এবং B এর মধ্যে বেছে নিন। 
উত্তর:  {cot}";ধাপে ধাপে চিন্তা করা যাক। 
5;bod_Tibt;"དྲི་བ།  {question} 
དྲི་བའི་གཞི་ནས་གྲངས་ཀྱི་ལན་འདེབས་ཤིག་བཀོད་རོགས།  ལན་སློག ";"དྲི་བ།  {question} 
དྲི་བའི་གཞི་ནས་གྲངས་ཀྱི་ལན་འདེབས་ཤིག་བཀོད་རོགས།  ལན་སློག  རིམ་བཞིན་བསམ་བློ་གཏོང་དགོས། ";"ཕྱོགས་སྟོན་:  {premise} 
གདམ་ཁ་དང་པོ།  {choice1} 
གདམ་ཁ་ B: {choice2} 
ཇི་ལྟར་ཡིན་ན་དེ་འདྲ་ཡིན་སྲིད་ཀྱི་རེད་དམ། 
A དང་ B གཉིས་ནས་གཅིག་འདེམས་དགོས། 
ལན་སློག  {cot}";"ཕྱོགས་སྟོན་:  {premise} 
གདམ་ཁ་དང་པོ།  {choice1} 
གདམ་ཁ་ B: {choice2} 
ཇི་ལྟར་ཡིན་ན་གང་ཞིག་འབྱུང་སྲིད་དམ། 
A དང་ B གཉིས་ནས་གཅིག་འདེམས་དགོས། 
ལན་སློག  {cot}";རིམ་བཞིན་བསམ་བློ་གཏོང་དགོས། 
6;bos_Latn;"Pitanje:  {question} 
Na osnovu pitanja, formuliraj numerički odgovor.  Odgovor: ";"Pitanje:  {question} 
Na osnovu pitanja, formuliraj numerički odgovor.  Odgovor:  Hajde da razmislimo korak po korak. ";"Predpostavka:  {premise} 
Opcija A:  {choice1} 
Opcija B: {choice2} 
Na osnovu pretpostavke, koji je uzrok verovatniji? 
Izaberite između opcija A i B. 
Odgovor:  {cot}";"Predpostavka:  {premise} 
Opcija A:  {choice1} 
Opcija B: {choice2} 
Na osnovu pretpostavke, koji je efekat verovatniji? 
Izaberite između opcija A i B. 
Odgovor:  {cot}";Hajde da razmislimo korak po korak. 
7;bul_Cyrl;"Въпрос:  {question} 
Въз основа на въпроса формулирайте числов отговор.  Отговор: ";"Въпрос:  {question} 
Въз основа на въпроса формулирайте числов отговор.  Отговор:  Нека да мислим стъпка по стъпка. ";"Предположението:  {premise} 
Опция А:  {choice1} 
Опция Б: {choice2} 
Въз основа на предположението, коя причина е по-вероятна? 
Избирай между варианти А и Б. 
Отговор:  {cot}";"Предположението:  {premise} 
Опция А:  {choice1} 
Опция Б: {choice2} 
Въз основа на предпоставката, кой ефект е по-вероятен? 
Избирай между варианти А и Б. 
Отговор:  {cot}";Нека да мислим стъпка по стъпка. 
8;ces_Latn;"Otázka:  {question} 
Na základě otázky formulujte číselnou odpověď.  Odpověď: ";"Otázka:  {question} 
Na základě otázky formulujte číselnou odpověď.  Odpověď:  Pojďme to udělat krok za krokem. ";"Předpoklad:  {premise} 
Možnost A:  {choice1} 
Možnost B: {choice2} 
Na základě předpokladu, která příčina je pravděpodobnější? 
Vyber si mezi možnostmi A a B. 
Odpověď:  {cot}";"Předpoklad:  {premise} 
Možnost A:  {choice1} 
Možnost B: {choice2} 
Na základě předpokladu, který efekt je pravděpodobnější? 
Vyber si mezi možnostmi A a B. 
Odpověď:  {cot}";Pojďme to udělat krok za krokem. 
9;cat_Latn;"Pregunta:  {question} 
Basant-te en la pregunta, formula una resposta numèrica.  Resposta: ";"Pregunta:  {question} 
Basant-te en la pregunta, formula una resposta numèrica.  Resposta:  Pensem pas a pas. ";"Premissa:  {premise} 
Opció A:  {choice1} 
Opció B: {choice2} 
Basant-nos en la premissa, quina causa és més probable? 
Escollir entre les opcions A i B. 
Resposta:  {cot}";"Premissa:  {premise} 
Opció A:  {choice1} 
Opció B: {choice2} 
Basant-se en la premissa, quin efecte és més probable? 
Escollir entre les opcions A i B. 
Resposta:  {cot}";Pensem pas a pas. 
10;dan_Latn;"Spørgsmål:  {question} 
Ud fra spørgsmålet formulér et talmæssigt svar.  Svar: ";"Spørgsmål:  {question} 
Ud fra spørgsmålet formulér et talmæssigt svar.  Svar:  Lad os tænke trin for trin. ";"Præmis:  {premise} 
Alternativ A:  {choice1} 
Alternativ B: {choice2} 
Hvilken årsag er mest sandsynlig? 
Vælg mellem A og B. 
Svar:  {cot}";"Præmis:  {premise} 
Alternativ A:  {choice1} 
Alternativ B: {choice2} 
Hvilken effekt er mere sandsynlig? 
Vælg mellem A og B. 
Svar:  {cot}";Lad os tænke trin for trin. 
11;deu_Latn;"Frage:  {question} 
Auf der Grundlage der Frage eine numerische Antwort formulieren.  Antwort: ";"Frage:  {question} 
Auf der Grundlage der Frage eine numerische Antwort formulieren.  Antwort:  Denken wir Schritt für Schritt. ";"Prämissen:  {premise} 
Option A:  {choice1} 
Option B: {choice2} 
Basierend auf der Prämisse, welche Ursache ist wahrscheinlicher? 
Wählen Sie zwischen Option A und B. 
Antwort:  {cot}";"Prämissen:  {premise} 
Option A:  {choice1} 
Option B: {choice2} 
Welcher Effekt ist aufgrund der Prämisse wahrscheinlicher? 
Wählen Sie zwischen Option A und B. 
Antwort:  {cot}";Denken wir Schritt für Schritt. 
12;eng_Latn;"Question:  {question} 
Based on the question, formulate a numeric answer.  Answer: ";"Question: {question} 
Based on the question, formulate a numeric answer.  Answer:  Let's think step by step. ";"Premise:  {premise} 
Option A:  {choice1} 
Option B: {choice2} 
Based on the premise, which cause is more likely? 
Pick between options A and B. 
Answer:  {cot}";"Premise:  {premise} 
Option A:  {choice1} 
Option B: {choice2} 
Based on the premise, which effect is more likely? 
Pick between options A and B. 
Answer:  {cot}";Let's think step by step. 
13;ell_Grek;"Ερώτηση:  {question} 
Βάσει της ερώτησης, διατυπώστε μια αριθμητική απάντηση.  Απάντηση: ";"Ερώτηση:  {question} 
Βάσει της ερώτησης, διατυπώστε μια αριθμητική απάντηση.  Απάντηση:  Ας σκεφτούμε βήμα-βήμα. ";"Προκαταθήκη:  {premise} 
Επιλογή Α:  {choice1} 
Επιλογή Β: {choice2} 
Με βάση την υπόθεση, ποια αιτία είναι πιο πιθανή; 
Διάλεξε ανάμεσα στις επιλογές Α και Β. 
Απάντηση:  {cot}";"Προκαταθήκη:  {premise} 
Επιλογή Α:  {choice1} 
Επιλογή Β: {choice2} 
Με βάση την υπόθεση, ποιο αποτέλεσμα είναι πιο πιθανό; 
Διάλεξε ανάμεσα στις επιλογές Α και Β. 
Απάντηση:  {cot}";Ας σκεφτούμε βήμα-βήμα. 
14;est_Latn;"Küsimus:  {question} 
Vastuse põhjal koostada numbriline vastus.  Vastus: ";"Küsimus:  {question} 
Vastuse põhjal koostada numbriline vastus.  Vastus:  Mõtleme samm-sammult. ";"Eeldus:  {premise} 
Valimine A:  {choice1} 
Valimine B: {choice2} 
Mis põhjus on tõenäolisem? 
Vali A ja B variandi vahel. 
Vastus:  {cot}";"Eeldus:  {premise} 
Valimine A:  {choice1} 
Valimine B: {choice2} 
Milline mõju on eelduste põhjal tõenäolisem? 
Vali A ja B variandi vahel. 
Vastus:  {cot}";Mõtleme samm-sammult. 
15;fin_Latn;"Kysymys:  {question} 
Laadi kysymyksen perusteella lukuinen vastaus.  Vastaa: ";"Kysymys:  {question} 
Laadi kysymyksen perusteella lukuinen vastaus.  Vastaa:  Ajatellaan askel askeleelta. ";"- Mitä?  {premise} 
Vaihtoehto A:  {choice1} 
Vaihtoehto B: {choice2} 
Mikä syy on todennäköisempi? 
Valitse vaihtoehdon A ja B välillä. 
Vastaa:  {cot}";"- Mitä?  {premise} 
Vaihtoehto A:  {choice1} 
Vaihtoehto B: {choice2} 
Mikä vaikutus on todennäköisempi? 
Valitse vaihtoehdon A ja B välillä. 
Vastaa:  {cot}";Ajatellaan askel askeleelta. 
16;fra_Latn;"Question: Vous avez  {question} 
Sur la base de la question, formulez une réponse numérique.  Réponse: ";"Question: Vous avez  {question} 
Sur la base de la question, formulez une réponse numérique.  Réponse:  Réfléchissons pas à pas. ";"Prémisse:  {premise} 
Option A:  {choice1} 
Option B: {choice2} 
D'après la prémisse, quelle cause est la plus probable? 
Choisissez entre les options A et B. 
Réponse:  {cot}";"Prémisse:  {premise} 
Option A:  {choice1} 
Option B: {choice2} 
D'après la prémisse, quel effet est le plus probable? 
Choisissez entre les options A et B. 
Réponse:  {cot}";Réfléchissons pas à pas. 
17;hat_Latn;"Kesyon:  {question} 
Ki baze sou kesyon an, fòmile yon repons nimerik.  Repons: ";"Kesyon:  {question} 
Ki baze sou kesyon an, fòmile yon repons nimerik.  Repons:  Ann panse etap pa etap. ";"Premis:  {premise} 
Opsyon A:  {choice1} 
Opsyon B: {choice2} 
Ki sa ki pi posib ki te lakòz sa? 
Chwazi ant opsyon A ak B. 
Repons:  {cot}";"Premis:  {premise} 
Opsyon A:  {choice1} 
Opsyon B: {choice2} 
Ki efè ki pi posib, dapre sa nou di a? 
Chwazi ant opsyon A ak B. 
Repons:  {cot}";Ann panse etap pa etap. 
18;heb_Hebr;"שאלה:  {question} 
בהתבסס על השאלה, תבצע תשובה מספרית.  תשובה: ";"שאלה:  {question} 
בהתבסס על השאלה, תבצע תשובה מספרית.  תשובה:  בואו נחשוב צעד אחר צעד. ";"הנחה:  {premise} 
אפשרות א':  {choice1} 
אפשרות ב': {choice2} 
בהתבסס על הנחת היסוד, איזו סיבה היא סבירה יותר? 
בחר בין אפשרויות א' ו-ב'. 
תשובה:  {cot}";"הנחה:  {premise} 
אפשרות א':  {choice1} 
אפשרות ב': {choice2} 
בהתבסס על הנחת היסוד, איזו השפעה היא סבירה יותר? 
בחר בין אפשרויות א' ו-ב'. 
תשובה:  {cot}";בואו נחשוב צעד אחר צעד. 
19;hin_Deva;"प्रश्न:  {question} 
प्रश्न के आधार पर, संख्यात्मक उत्तर तैयार करें।  उत्तर: ";"प्रश्न:  {question} 
प्रश्न के आधार पर, संख्यात्मक उत्तर तैयार करें।  उत्तर:  चलो कदम से कदम सोचो. ";"आधार:  {premise} 
विकल्प ए:  {choice1} 
विकल्प बी: {choice2} 
इस आधार पर, किस कारण की अधिक संभावना है? 
विकल्प ए और बी में से चुनें। 
उत्तर:  {cot}";"आधार:  {premise} 
विकल्प ए:  {choice1} 
विकल्प बी: {choice2} 
इस आधार पर, किस प्रभाव की अधिक संभावना है? 
विकल्प ए और बी में से चुनें। 
उत्तर:  {cot}";चलो कदम से कदम सोचो. 
20;hun_Latn;"Kérdés:  {question} 
A kérdés alapján számszerű válasszal válaszoljon.  Válasz: ";"Kérdés:  {question} 
A kérdés alapján számszerű válasszal válaszoljon.  Válasz:  Gondolkozzunk lépésről lépésre. ";"Előfeltétele:  {premise} 
A. opció:  {choice1} 
B. opció: {choice2} 
A feltételezés alapján melyik oka valószínűbb? 
Válasszon az A és B lehetőségek közül. 
Válasz:  {cot}";"Előfeltétele:  {premise} 
A. opció:  {choice1} 
B. opció: {choice2} 
A feltételezés alapján melyik hatás valószínűbb? 
Válasszon az A és B lehetőségek közül. 
Válasz:  {cot}";Gondolkozzunk lépésről lépésre. 
21;hrv_Latn;"Pitanje:  {question} 
Na temelju pitanja, formulirajte numerički odgovor.  Odgovor: ";"Pitanje:  {question} 
Na temelju pitanja, formulirajte numerički odgovor.  Odgovor:  Razmislimo korak po korak. ";"Predpostavka:  {premise} 
Opcija A:  {choice1} 
Opcija B: {choice2} 
Na temelju pretpostavke, koji je uzrok vjerojatniji? 
Izaberite između opcija A i B. 
Odgovor:  {cot}";"Predpostavka:  {premise} 
Opcija A:  {choice1} 
Opcija B: {choice2} 
Na temelju pretpostavke, koji je učinak vjerojatniji? 
Izaberite između opcija A i B. 
Odgovor:  {cot}";Razmislimo korak po korak. 
22;hye_Armn;"Հարց.  {question} 
Հարցի հիման վրա կազմեք թվային պատասխան:  Պատասխան. ";"Հարց.  {question} 
Հարցի հիման վրա կազմեք թվային պատասխան:  Պատասխան.  Եկեք քայլ առ քայլ մտածենք: ";"Նախադրյալ:  {premise} 
Ընտրություն A:  {choice1} 
B տարբերակ {choice2} 
Հիմնվելով այս նախադրյալի վրա, ո՞ր պատճառն է ավելի հավանական: 
Ընտրեք A եւ B տարբերակների միջեւ: 
Պատասխան.  {cot}";"Նախադրյալ:  {premise} 
Ընտրություն A:  {choice1} 
B տարբերակ {choice2} 
Հիմնվելով այս նախադրյալի վրա, ո՞ր ազդեցությունն է ավելի հավանական: 
Ընտրեք A եւ B տարբերակների միջեւ: 
Պատասխան.  {cot}";Եկեք քայլ առ քայլ մտածենք: 
23;ind_Latn;"Pertanyaan:  {question} 
Berdasarkan pertanyaan, buatlah jawaban numerik.  Jawabannya: ";"Pertanyaan:  {question} 
Berdasarkan pertanyaan, buatlah jawaban numerik.  Jawabannya:  Mari kita berpikir langkah demi langkah. ";"Premis:  {premise} 
Pilihan A:  {choice1} 
Pilihan B: {choice2} 
Berdasarkan premis, penyebab mana yang lebih mungkin? 
Pilih antara pilihan A dan B. 
Jawabannya:  {cot}";"Premis:  {premise} 
Pilihan A:  {choice1} 
Pilihan B: {choice2} 
Berdasarkan premis, efek mana yang lebih mungkin? 
Pilih antara pilihan A dan B. 
Jawabannya:  {cot}";Mari kita berpikir langkah demi langkah. 
24;ita_Latn;"Domanda:  {question} 
Sulla base della domanda, formulare una risposta numerica.  Risposta: ";"Domanda:  {question} 
Sulla base della domanda, formulare una risposta numerica.  Risposta:  Pensiamo passo dopo passo. ";"Primo:  {premise} 
Opzione A:  {choice1} 
Opzione B: {choice2} 
Sulla base della premessa, quale causa e' piu' probabile? 
Scegli tra le opzioni A e B. 
Risposta:  {cot}";"Primo:  {premise} 
Opzione A:  {choice1} 
Opzione B: {choice2} 
Sulla base della premessa, quale effetto è più probabile? 
Scegli tra le opzioni A e B. 
Risposta:  {cot}";Pensiamo passo dopo passo. 
25;jav_Latn;"Pitakonan:  {question} 
Adhedhasar pitakonan, formulasi jawaban numerik.  Wangsulan: ";"Pitakonan:  {question} 
Adhedhasar pitakonan, formulasi jawaban numerik.  Wangsulan:  Ayo dipikir langkah demi langkah. ";"Premis:  {premise} 
Pilihan A:  {choice1} 
Pilihan B: {choice2} 
Miturut premis, apa sebabé sing luwih mungkin? 
Pilih ing antarane opsi A lan B. 
Wangsulan:  {cot}";"Premis:  {premise} 
Pilihan A:  {choice1} 
Pilihan B: {choice2} 
Adhedhasar premis kasebut, efek endi sing luwih mungkin? 
Pilih ing antarane opsi A lan B. 
Wangsulan:  {cot}";Ayo dipikir langkah demi langkah. 
26;jpn_Jpan;"質問: どこにいる?  {question} 
質問に基づいて,数値で答えを述べる.  答え: 答えは ";"質問: どこにいる?  {question} 
質問に基づいて,数値で答えを述べる.  答え: 答えは  段階的に考えましょう ";"仮説:  {premise} 
オプションA:  {choice1} 
オプションB: {choice2} 
仮説に基づいて,どちらの原因がより可能性が高いですか? 
選択肢AとBのどちらかを選択する. 
答え: 答えは  {cot}";"仮説:  {premise} 
オプションA:  {choice1} 
オプションB: {choice2} 
仮定に基づいて,どの効果がより可能性が高いですか? 
選択肢AとBのどちらかを選択する. 
答え: 答えは  {cot}";段階的に考えましょう 
27;khm_Khmr;"សំណួរ:  {question} 
ផ្អែកលើសំណួរនេះ សូមរៀបចំចម្លើយតាមចំនួន។  ចម្លើយ: ";"សំណួរ:  {question} 
ផ្អែកលើសំណួរនេះ សូមរៀបចំចម្លើយតាមចំនួន។  ចម្លើយ:  យើងគិតមួយជំហានៗៗ ";"ការសន្មត:  {premise} 
ជម្រើស A:  {choice1} 
ជម្រើស B: {choice2} 
ដោយផ្អែកលើការលើកឡើងនេះ តើមូលហេតុអ្វីដែលអាចកើតឡើងបាន? 
ជ្រើសរើសពីចន្លោះជម្រើស A និង B ។ 
ចម្លើយ:  {cot}";"ការសន្មត:  {premise} 
ជម្រើស A:  {choice1} 
ជម្រើស B: {choice2} 
ដោយផ្អែកលើការលើកឡើងថា តើផលប៉ះពាល់អ្វីដែលអាចកើតឡើងបាន? 
ជ្រើសរើសពីចន្លោះជម្រើស A និង B ។ 
ចម្លើយ:  {cot}";យើងគិតមួយជំហានៗៗ 
28;kor_Hang;"질문:  {question} 
질문 에 근거 하여 숫자 로 답 을 정합 하십시오.  답: ";"질문:  {question} 
질문 에 근거 하여 숫자 로 답 을 정합 하십시오.  답:  한 단계씩 생각해 봅시다. ";"전제:  {premise} 
옵션 A:  {choice1} 
옵션 B: {choice2} 
그 전제 조건에 따라, 어떤 원인은 더 가능성이 높습니까? 
선택 A와 B 중에서 선택하세요. 
답:  {cot}";"전제:  {premise} 
옵션 A:  {choice1} 
옵션 B: {choice2} 
전제대로, 어떤 효과가 더 가능성이 높습니까? 
선택 A와 B 중에서 선택하세요. 
답:  {cot}";한 단계씩 생각해 봅시다. 
29;lao_Laoo;"ຄໍາຖາມ:  {question} 
ອີງໃສ່ຄໍາຖາມ, ສ້າງຄໍາຕອບເປັນຕົວເລກ.  ຄໍາຕອບ: ";"ຄໍາຖາມ:  {question} 
ອີງໃສ່ຄໍາຖາມ, ສ້າງຄໍາຕອບເປັນຕົວເລກ.  ຄໍາຕອບ:  ໃຫ້ຄິດເທື່ອລະກ້າວ. ";"ການຕັ້ງໃຈ:  {premise} 
ທາງເລືອກ A:  {choice1} 
ທາງເລືອກ B: {choice2} 
ອີງຕາມການຄາດຄະເນ, ສາເຫດອັນໃດທີ່ເປັນໄປໄດ້ຫຼາຍ? 
ເລືອກລະຫວ່າງທາງເລືອກ A ແລະ B. 
ຄໍາຕອບ:  {cot}";"ການຕັ້ງໃຈ:  {premise} 
ທາງເລືອກ A:  {choice1} 
ທາງເລືອກ B: {choice2} 
ອີງຕາມການຕັ້ງໃຈ, ຜົນກະທົບໃດທີ່ອາດຈະເກີດຂື້ນ? 
ເລືອກລະຫວ່າງທາງເລືອກ A ແລະ B. 
ຄໍາຕອບ:  {cot}";ໃຫ້ຄິດເທື່ອລະກ້າວ. 
30;mai_Deva;"प्रश्न:  {question} 
प्रश्नक आधार पर, संख्यात्मक उत्तर तैयार करू।  उत्तर: ";"प्रश्न:  {question} 
प्रश्नक आधार पर, संख्यात्मक उत्तर तैयार करू।  उत्तर:  चलू, एक-एक कऽ सोचैत छी। ";"आधार:  {premise} 
विकल्प ए:  {choice1} 
विकल्प बीः {choice2} 
एहि आधार पर, कोन कारण अधिक संभावना अछि? 
विकल्प ए आ विकल्प बी मे सँ चुनू. 
उत्तर:  {cot}";"आधार:  {premise} 
विकल्प ए:  {choice1} 
विकल्प बीः {choice2} 
एहि आधार पर, कोन प्रभाव अधिक संभावना अछि? 
विकल्प ए आ विकल्प बी मे सँ चुनू. 
उत्तर:  {cot}";चलू, एक-एक कऽ सोचैत छी। 
31;mal_Mlym;"ചോദ്യം:  {question} 
ചോദ്യത്തിന് ഒരു സംഖ്യാ ഉത്തരം ഉണ്ടാക്കുക.  ഉത്തരം: ";"ചോദ്യം:  {question} 
ചോദ്യത്തിന് ഒരു സംഖ്യാ ഉത്തരം ഉണ്ടാക്കുക.  ഉത്തരം:  നമുക്ക് പടിപടിയായി ചിന്തിക്കാം. ";"പ്രമേയം:  {premise} 
ഓപ്ഷൻ എ:  {choice1} 
ഓപ്ഷൻ ബി: {choice2} 
ഈ പ്രമേയത്തിന്റെ അടിസ്ഥാനത്തില്, ഏത് കാരണമാണ് കൂടുതല് സാദ്ധ്യമായത്? 
ഓപ്ഷനുകള് എ, ബി എന്നിവയില് നിന്ന് തെരഞ്ഞെടുക്കുക. 
ഉത്തരം:  {cot}";"പ്രമേയം:  {premise} 
ഓപ്ഷൻ എ:  {choice1} 
ഓപ്ഷൻ ബി: {choice2} 
ഈ പ്രമേയത്തിന്റെ അടിസ്ഥാനത്തില്, ഏത് പ്രഭാവമാണ് കൂടുതല് സാദ്ധ്യമായത്? 
ഓപ്ഷനുകള് എ, ബി എന്നിവയില് നിന്ന് തെരഞ്ഞെടുക്കുക. 
ഉത്തരം:  {cot}";നമുക്ക് പടിപടിയായി ചിന്തിക്കാം. 
32;mar_Deva;"प्रश्न:  {question} 
प्रश्नावर आधारित, एक संख्यात्मक उत्तर तयार करा.  उत्तर: ";"प्रश्न:  {question} 
प्रश्नावर आधारित, एक संख्यात्मक उत्तर तयार करा.  उत्तर:  चला एक एक पाऊल विचार करूया. ";"आधार:  {premise} 
पर्याय अ:  {choice1} 
पर्याय ब: {choice2} 
या प्रमेयानुसार, कोणत्या कारणामुळे अधिक शक्यता आहे? 
पर्याय अ आणि ब मधून निवडा. 
उत्तर:  {cot}";"आधार:  {premise} 
पर्याय अ:  {choice1} 
पर्याय ब: {choice2} 
या प्रमेयानुसार, कोणता परिणाम अधिक संभव आहे? 
पर्याय अ आणि ब मधून निवडा. 
उत्तर:  {cot}";चला एक एक पाऊल विचार करूया. 
33;mya_Mymr;"မေးခွန်းက  {question} 
မေးခွန်းကို အခြေခံပြီး အဖြေကို ဂဏန်းနဲ့ ရေးပါ။  အဖြေက ";"မေးခွန်းက  {question} 
မေးခွန်းကို အခြေခံပြီး အဖြေကို ဂဏန်းနဲ့ ရေးပါ။  အဖြေက  တစ်ဆင့်ပြီး တစ်ဆင့် တွေးကြည့်ရအောင်။ ";"အခြေခံသဘောတရား:  {premise} 
ရွေးချယ်စရာ A:  {choice1} 
ရွေးချယ်စရာ B: {choice2} 
အဆိုကြမ်းကို အခြေခံပြီး ဘယ်အကြောင်းတရားက ဖြစ်နိုင်ခြေ ပိုများလဲ။ 
ရွေးချယ်စရာ A နဲ့ B အကြားမှာ ရွေးပါ။ 
အဖြေက  {cot}";"အခြေခံသဘောတရား:  {premise} 
ရွေးချယ်စရာ A:  {choice1} 
ရွေးချယ်စရာ B: {choice2} 
အဆိုပြုချက်ကို အခြေခံပြီး ဘယ်အကျိုးသက်ရောက်မှုက ပိုဖြစ်နိုင်ခြေရှိလဲ။ 
ရွေးချယ်စရာ A နဲ့ B အကြားမှာ ရွေးပါ။ 
အဖြေက  {cot}";တစ်ဆင့်ပြီး တစ်ဆင့် တွေးကြည့်ရအောင်။ 
34;nno_Latn;"Spørsmål:  {question} 
Basert på spørsmålet, formulera eit numerisk svar.  Svar: ";"Spørsmål:  {question} 
Basert på spørsmålet, formulera eit numerisk svar.  Svar:  Lat oss tenkja skritt for skritt. ";"Utgangspunktet:  {premise} 
Alternativ A:  {choice1} 
Alternativ B: {choice2} 
Ut frå kva for ein grunnleggjande teori er det meir sannsynleg at dette skjedde? 
Velg mellom alternativ A og B. 
Svar:  {cot}";"Utgangspunktet:  {premise} 
Alternativ A:  {choice1} 
Alternativ B: {choice2} 
Ut frå kva for ein effekt er det meir sannsynleg? 
Velg mellom alternativ A og B. 
Svar:  {cot}";Lat oss tenkja skritt for skritt. 
35;nld_Latn;"Vraag:  {question} 
Gebaseerd op de vraag, formuleer een numeriek antwoord.  Antwoord: ";"Vraag:  {question} 
Gebaseerd op de vraag, formuleer een numeriek antwoord.  Antwoord:  Laten we stap voor stap denken. ";"Voorwaarde:  {premise} 
Optie A:  {choice1} 
Optie B: {choice2} 
Welke oorzaak is waarschijnlijker? 
Kies tussen optie A en B. 
Antwoord:  {cot}";"Voorwaarde:  {premise} 
Optie A:  {choice1} 
Optie B: {choice2} 
Welke van de volgende effecten is waarschijnlijk? 
Kies tussen optie A en B. 
Antwoord:  {cot}";Laten we stap voor stap denken. 
36;npi_Deva;"प्रश्न:  {question} 
प्रश्नको आधारमा, संख्यात्मक उत्तर तयार पार्नुहोस्।  उत्तर: ";"प्रश्न:  {question} 
प्रश्नको आधारमा, संख्यात्मक उत्तर तयार पार्नुहोस्।  उत्तर:  अब एक-एक गरेर सोचौं। ";"आधार:  {premise} 
विकल्प ए:  {choice1} 
विकल्प बी: {choice2} 
यो आधारमा, कुन कारण बढी सम्भावना छ? 
विकल्प ए र बी बीचमा छनौट गर्नुहोस्। 
उत्तर:  {cot}";"आधार:  {premise} 
विकल्प ए:  {choice1} 
विकल्प बी: {choice2} 
यो आधारमा, कुन प्रभाव बढी सम्भावना छ? 
विकल्प ए र बी बीचमा छनौट गर्नुहोस्। 
उत्तर:  {cot}";अब एक-एक गरेर सोचौं। 
37;pol_Latn;"Pytanie:  {question} 
Na podstawie pytania sformułuj odpowiedź numeryczną.  Odpowiedź: ";"Pytanie:  {question} 
Na podstawie pytania sformułuj odpowiedź numeryczną.  Odpowiedź:  Pomyślmy krok po kroku. ";"Wniosek:  {premise} 
Opcja A:  {choice1} 
Opcja B: {choice2} 
W oparciu o te przesłanki, która przyczyna jest bardziej prawdopodobna? 
Wybierz opcję A lub B. 
Odpowiedź:  {cot}";"Wniosek:  {premise} 
Opcja A:  {choice1} 
Opcja B: {choice2} 
W oparciu o założenie, który efekt jest bardziej prawdopodobny? 
Wybierz opcję A lub B. 
Odpowiedź:  {cot}";Pomyślmy krok po kroku. 
38;por_Latn;"Pergunta:  {question} 
Com base na pergunta, formule uma resposta numérica.  Resposta: ";"Pergunta:  {question} 
Com base na pergunta, formule uma resposta numérica.  Resposta:  Vamos pensar passo a passo. ";"A premissa:  {premise} 
Opção A:  {choice1} 
Opção B: {choice2} 
Com base na premissa, qual é a causa mais provável? 
Escolhe entre as opções A e B. 
Resposta:  {cot}";"A premissa:  {premise} 
Opção A:  {choice1} 
Opção B: {choice2} 
Com base na premissa, qual o efeito mais provável? 
Escolhe entre as opções A e B. 
Resposta:  {cot}";Vamos pensar passo a passo. 
39;slk_Latn;"Otázka:  {question} 
Na základe otázky formulovať číselnú odpoveď.  Odpoveď: ";"Otázka:  {question} 
Na základe otázky formulovať číselnú odpoveď.  Odpoveď:  Poďme sa zamyslieť krok za krokom. ";"Predpoklad:  {premise} 
Možnosť A:  {choice1} 
Možnosť B: {choice2} 
Na základe predpokladu, ktorá príčina je pravdepodobnejšia? 
Vyberte si medzi možnosťami A a B. 
Odpoveď:  {cot}";"Predpoklad:  {premise} 
Možnosť A:  {choice1} 
Možnosť B: {choice2} 
Na základe predpokladu, ktorý účinok je pravdepodobnejší? 
Vyberte si medzi možnosťami A a B. 
Odpoveď:  {cot}";Poďme sa zamyslieť krok za krokom. 
40;quy_Latn;"Tapukuy:  {question} 
Chay tapuymanjina, uj númerowan kutichiy.  Rikun: ";"Tapukuy:  {question} 
Chay tapuymanjina, uj númerowan kutichiy.  Rikun:  Imatachus ruwasun chayta tʼukurisun. ";"Imachus kasqanta:  {premise} 
A:  {choice1} 
Imachus kanman chayta ajllay: {choice2} 
¿Imawantaj chay llakiyqa ruwakunman? 
A, B nisqamanta akllay. 
Rikun:  {cot}";"Imachus kasqanta:  {premise} 
A:  {choice1} 
Imachus kanman chayta ajllay: {choice2} 
¿Imachus aswan allin kanman? 
A, B nisqamanta akllay. 
Rikun:  {cot}";Imatachus ruwasun chayta tʼukurisun. 
41;ron_Latn;"Întrebare:  {question} 
Pe baza întrebării, formulaţi un răspuns numeric.  Răspuns: ";"Întrebare:  {question} 
Pe baza întrebării, formulaţi un răspuns numeric.  Răspuns:  Să ne gândim pas cu pas. ";"Prezenta:  {premise} 
Opțiunea A:  {choice1} 
Opțiunea B: {choice2} 
Pe baza premise, care cauza este mai probabil? 
Alege între opţiunile A şi B. 
Răspuns:  {cot}";"Prezenta:  {premise} 
Opțiunea A:  {choice1} 
Opțiunea B: {choice2} 
Pe baza premisei, care efect este mai probabil? 
Alege între opţiunile A şi B. 
Răspuns:  {cot}";Să ne gândim pas cu pas. 
42;rus_Cyrl;"Вопрос:  {question} 
На основании вопроса сформулируйте числовой ответ.  Ответ: ";"Вопрос:  {question} 
На основании вопроса сформулируйте числовой ответ.  Ответ:  Давайте подумаем шаг за шагом. ";"Предмет:  {premise} 
Вариант А:  {choice1} 
Вариант Б: {choice2} 
Исходя из предположения, какая причина более вероятна? 
Выбирай между вариантами А и В. 
Ответ:  {cot}";"Предмет:  {premise} 
Вариант А:  {choice1} 
Вариант Б: {choice2} 
Исходя из предпосылки, какой эффект более вероятен? 
Выбирай между вариантами А и В. 
Ответ:  {cot}";Давайте подумаем шаг за шагом. 
43;slv_Latn;"Vprašanje:  {question} 
Na podlagi vprašanja oblikujte numerični odgovor.  Odgovor: ";"Vprašanje:  {question} 
Na podlagi vprašanja oblikujte numerični odgovor.  Odgovor:  Razmislimo korak za korakom. ";"Predpostavka:  {premise} 
Možnost A:  {choice1} 
Možnost B: {choice2} 
Kateri vzrok je bolj verjeten? 
Izbiraj med možnostma A in B. 
Odgovor:  {cot}";"Predpostavka:  {premise} 
Možnost A:  {choice1} 
Možnost B: {choice2} 
Na podlagi predpostavke, kateri učinek je bolj verjeten? 
Izbiraj med možnostma A in B. 
Odgovor:  {cot}";Razmislimo korak za korakom. 
44;spa_Latn;"¿ Qué es lo que dice?  {question} 
Basado en la pregunta, formule una respuesta numérica.  La respuesta es: ";"¿ Qué es lo que dice?  {question} 
Basado en la pregunta, formule una respuesta numérica.  La respuesta es:  Pensemos paso a paso. ";"El argumento:  {premise} 
Opción A:  {choice1} 
Opción B: {choice2} 
Basado en la premisa, ¿cuál es la causa más probable? 
Elige entre las opciones A y B. 
La respuesta es:  {cot}";"El argumento:  {premise} 
Opción A:  {choice1} 
Opción B: {choice2} 
Basado en la premisa, ¿cuál es el efecto más probable? 
Elige entre las opciones A y B. 
La respuesta es:  {cot}";Pensemos paso a paso. 
45;srp_Cyrl;"Питање:  {question} 
На основу питања, формулишите нумерички одговор.  Одговор: ";"Питање:  {question} 
На основу питања, формулишите нумерички одговор.  Одговор:  Размислимо корак по корак. ";"Предмет:  {premise} 
Опција А:  {choice1} 
Опција Б: {choice2} 
На основу претпоставке, који је разлог вероватнији? 
Изаберите између опција А и Б. 
Одговор:  {cot}";"Предмет:  {premise} 
Опција А:  {choice1} 
Опција Б: {choice2} 
На основу претпоставке, који је ефекат вероватнији? 
Изаберите између опција А и Б. 
Одговор:  {cot}";Размислимо корак по корак. 
46;swe_Latn;"Fråga:  {question} 
Utgå från frågan och formulera ett numeriskt svar.  Svar: ";"Fråga:  {question} 
Utgå från frågan och formulera ett numeriskt svar.  Svar:  Vi tänker steg för steg. ";"Förutsättning:  {premise} 
Alternativ A:  {choice1} 
Alternativ B: {choice2} 
Vilken orsak är troligare? 
Välj mellan alternativ A och B. 
Svar:  {cot}";"Förutsättning:  {premise} 
Alternativ A:  {choice1} 
Alternativ B: {choice2} 
Vilken effekt är troligare? 
Välj mellan alternativ A och B. 
Svar:  {cot}";Vi tänker steg för steg. 
47;swh_Latn;"Swali:  {question} 
Kwa kutegemea swali hilo, andika jibu la namba.  Jibu: ";"Swali:  {question} 
Kwa kutegemea swali hilo, andika jibu la namba.  Jibu:  Hebu tufikirie hatua kwa hatua. ";"Msingi:  {premise} 
Chaguo A:  {choice1} 
Chaguo B: {choice2} 
Kwa msingi wa msingi huo, ni sababu gani inayowezekana zaidi? 
Chagua kati ya chaguo A na B. 
Jibu:  {cot}";"Msingi:  {premise} 
Chaguo A:  {choice1} 
Chaguo B: {choice2} 
Kulingana na dhana hiyo, ni matokeo gani yanayowezekana zaidi? 
Chagua kati ya chaguo A na B. 
Jibu:  {cot}";Hebu tufikirie hatua kwa hatua. 
48;tam_Taml;"கேள்வி:  {question} 
கேள்விக்குரிய விடையை அடிப்படையாகக் கொண்டு, ஒரு எண் விடையை உருவாக்குங்கள்.  விடை: ";"கேள்வி:  {question} 
கேள்விக்குரிய விடையை அடிப்படையாகக் கொண்டு, ஒரு எண் விடையை உருவாக்குங்கள்.  விடை:  படிப்படியாக சிந்திப்போம். ";"முன்நிபந்தனை:  {premise} 
விருப்பம் A:  {choice1} 
விருப்பம் B: {choice2} 
இந்த கருத்தின் அடிப்படையில், எந்த காரணம் மிகவும் சாத்தியம்? 
A மற்றும் B விருப்பங்களில் ஒன்றைத் தேர்ந்தெடுங்கள். 
விடை:  {cot}";"முன்நிபந்தனை:  {premise} 
விருப்பம் A:  {choice1} 
விருப்பம் B: {choice2} 
இந்த கருத்தின் அடிப்படையில், எந்த விளைவு அதிகமாக நிகழலாம்? 
A மற்றும் B விருப்பங்களில் ஒன்றைத் தேர்ந்தெடுங்கள். 
விடை:  {cot}";படிப்படியாக சிந்திப்போம். 
49;tel_Telu;"ప్రశ్న:  {question} 
ప్రశ్న ఆధారంగా, ఒక సంఖ్యా జవాబును రూపొందించండి.  జవాబు: ";"ప్రశ్న:  {question} 
ప్రశ్న ఆధారంగా, ఒక సంఖ్యా జవాబును రూపొందించండి.  జవాబు:  యొక్క అడుగు ద్వారా అడుగు ఆలోచించండి లెట్. ";"ప్రమేయం:  {premise} 
ఎంపిక A:  {choice1} 
ఎంపిక B: {choice2} 
ప్రాధమిక ఆధారంగా, ఇది కారణం ఎక్కువగా ఉంది? 
ఎంపికలు A మరియు B మధ్య ఎంచుకోండి. 
జవాబు:  {cot}";"ప్రమేయం:  {premise} 
ఎంపిక A:  {choice1} 
ఎంపిక B: {choice2} 
ఈ పరికల్పన ఆధారంగా, ఏ ప్రభావం ఎక్కువగా ఉంటుంది? 
ఎంపికలు A మరియు B మధ్య ఎంచుకోండి. 
జవాబు:  {cot}";యొక్క అడుగు ద్వారా అడుగు ఆలోచించండి లెట్. 
50;tgl_Latn;"Tanong:  {question} 
Batay sa tanong, mag-formula ng numerikong sagot.  Sagot: ";"Tanong:  {question} 
Batay sa tanong, mag-formula ng numerikong sagot.  Sagot:  Mag-isip tayo nang dahan-dahan. ";"Ang premisa:  {premise} 
Pagpipilian A:  {choice1} 
Pagpipilian B: {choice2} 
Batay sa mga paniniwala, alin ang mas malamang na dahilan? 
Pumili sa pagitan ng mga pagpipilian A at B. 
Sagot:  {cot}";"Ang premisa:  {premise} 
Pagpipilian A:  {choice1} 
Pagpipilian B: {choice2} 
Batay sa paniniwala, alin ang mas malamang na epekto? 
Pumili sa pagitan ng mga pagpipilian A at B. 
Sagot:  {cot}";Mag-isip tayo nang dahan-dahan. 
51;tha_Thai;"คําถาม:  {question} 
จากคําถามนี้ สร้างคําตอบด้วยตัวเลข  ตอบ: ";"คําถาม:  {question} 
จากคําถามนี้ สร้างคําตอบด้วยตัวเลข  ตอบ:  ลองคิดดูทีละขั้นตอน ";"ประเด็น:  {premise} 
ตัวเลือก A:  {choice1} 
ตัวเลือก B: {choice2} 
จากการตั้งใจแล้ว สาเหตุอะไรที่น่าจะเป็นมากกว่า 
เลือกระหว่างตัวเลือก A และ B 
ตอบ:  {cot}";"ประเด็น:  {premise} 
ตัวเลือก A:  {choice1} 
ตัวเลือก B: {choice2} 
จากการตั้งใจแล้ว ผลอะไรที่น่าจะเป็นมากกว่า 
เลือกระหว่างตัวเลือก A และ B 
ตอบ:  {cot}";ลองคิดดูทีละขั้นตอน 
52;tur_Latn;"Soru:  {question} 
Soruya dayanarak, sayısal bir cevap formüle edin.  Cevap: ";"Soru:  {question} 
Soruya dayanarak, sayısal bir cevap formüle edin.  Cevap:  Adım adım düşünelim. ";"Özet:  {premise} 
Seçenek A:  {choice1} 
Seçenek B: {choice2} 
Bu varsayıma dayanarak, hangi sebep daha muhtemel? 
A ve B seçenekleri arasında seçim yap. 
Cevap:  {cot}";"Özet:  {premise} 
Seçenek A:  {choice1} 
Seçenek B: {choice2} 
Bu varsayıma dayanarak, hangi etki daha muhtemel? 
A ve B seçenekleri arasında seçim yap. 
Cevap:  {cot}";Adım adım düşünelim. 
53;ukr_Cyrl;"Питання:  {question} 
Визначте число, яке ви можете дати за допомогою числа.  Відповідь: ";"Питання:  {question} 
Визначте число, яке ви можете дати за допомогою числа.  Відповідь:  Давайте подумаємо крок за кроком. ";"Попередня:  {premise} 
Опція А:  {choice1} 
Вариант В: {choice2} 
Виходячи з цієї припущення, яка причина є більш імовірною? 
Вибирай між варіантами А і В. 
Відповідь:  {cot}";"Попередня:  {premise} 
Опція А:  {choice1} 
Вариант В: {choice2} 
На основі цієї припущення, який ефект більш імовірний? 
Вибирай між варіантами А і В. 
Відповідь:  {cot}";Давайте подумаємо крок за кроком. 
54;urd_Arab;"سوال:  {question} 
سوال کی بنیاد پر، ایک عددی جواب تیار کریں.  جواب: ";"سوال:  {question} 
سوال کی بنیاد پر، ایک عددی جواب تیار کریں.  جواب:  چلو قدم بہ قدم سوچتے ہیں. ";"پیش گوئی:  {premise} 
آپشن A:  {choice1} 
آپشن بی: {choice2} 
اس بنیاد پر، جس وجہ سے زیادہ امکان ہے؟ 
اختیارات A اور B میں سے انتخاب کریں. 
جواب:  {cot}";"پیش گوئی:  {premise} 
آپشن A:  {choice1} 
آپشن بی: {choice2} 
اس فرض پر مبنی، کون سا اثر زیادہ امکان ہے؟ 
اختیارات A اور B میں سے انتخاب کریں. 
جواب:  {cot}";چلو قدم بہ قدم سوچتے ہیں. 
55;vie_Latn;"Câu hỏi:  {question} 
Dựa trên câu hỏi, hãy xây dựng một câu trả lời bằng số.  Trả lời: ";"Câu hỏi:  {question} 
Dựa trên câu hỏi, hãy xây dựng một câu trả lời bằng số.  Trả lời:  Hãy suy nghĩ từng bước một. ";"Tiền đề:  {premise} 
Tùy chọn A:  {choice1} 
Tùy chọn B: {choice2} 
Dựa trên tiền đề, nguyên nhân nào là có khả năng hơn? 
Chọn giữa lựa chọn A và B. 
Trả lời:  {cot}";"Tiền đề:  {premise} 
Tùy chọn A:  {choice1} 
Tùy chọn B: {choice2} 
Dựa trên tiền đề, hiệu ứng nào có nhiều khả năng hơn? 
Chọn giữa lựa chọn A và B. 
Trả lời:  {cot}";Hãy suy nghĩ từng bước một. 
56;yue_Hant;"提問:  {question} 
根據問題,填出一個數值  答案: ";"提問:  {question} 
根據問題,填出一個數值  答案:  我哋一步一步諗下 ";"基本原理:  {premise} 
選擇A:  {choice1} 
選擇 B: {choice2} 
根據呢個假設,邊個原因係最有可能發生嘅呢? 
喺選項A同B之間做決定 
答案:  {cot}";"基本原理:  {premise} 
選擇A:  {choice1} 
選擇 B: {choice2} 
根據呢個假設,邊個影響係最有可能發生嘅呢? 
喺選項A同B之間做決定 
答案:  {cot}";我哋一步一步諗下 
57;zho_Hant;"問題:  {question} 
根據問題, 編寫數字上的答案.  答案:沒有 ";"問題:  {question} 
根據問題, 編寫數字上的答案.  答案:沒有  我們先來一步一步思考. ";"預設:  {premise} 
選擇A:  {choice1} 
選擇B: {choice2} 
根據前提, 哪個原因更有可能? 
選擇A和B的選項. 
答案:沒有  {cot}";"預設:  {premise} 
選擇A:  {choice1} 
選擇B: {choice2} 
根據前提, 哪一項影響更有可能發生? 
選擇A和B的選項. 
答案:沒有  {cot}";我們先來一步一步思考. 
58;zsm_Latn;"Soalan:  {question} 
Berdasarkan soalan, formulakan jawapan berangka.  Jawapan: ";"Soalan:  {question} 
Berdasarkan soalan, formulakan jawapan berangka.  Jawapan:  Mari kita fikirkan langkah demi langkah. ";"Asas:  {premise} 
Pilihan A:  {choice1} 
Pilihan B: {choice2} 
Berdasarkan premis, apa sebab yang lebih mungkin? 
Pilih antara pilihan A dan B. 
Jawapan:  {cot}";"Asas:  {premise} 
Pilihan A:  {choice1} 
Pilihan B: {choice2} 
Berdasarkan premis, kesan mana yang lebih mungkin? 
Pilih antara pilihan A dan B. 
Jawapan:  {cot}";Mari kita fikirkan langkah demi langkah. 
59;zul_Latn;"Umbuzo:  {question} 
Ngokusekelwe embuzweni, nikeza impendulo enomboro.  Impendulo: ";"Umbuzo:  {question} 
Ngokusekelwe embuzweni, nikeza impendulo enomboro.  Impendulo:  Ake sicabange ngesinyathelo ngesinyathelo. ";"Isisekelo:  {premise} 
Okukhethwa kukho A:  {choice1} 
Okukhethwa kukho B: {choice2} 
Ngokusekelwe esimisweni, iyiphi imbangela okungenzeka kakhulu ukuthi yaba khona? 
Khetha phakathi kwezinketho A no-B. 
Impendulo:  {cot}";"Isisekelo:  {premise} 
Okukhethwa kukho A:  {choice1} 
Okukhethwa kukho B: {choice2} 
Uma sicabanga ngalokhu, yikuphi okungenzeka? 
Khetha phakathi kwezinketho A no-B. 
Impendulo:  {cot}";Ake sicabange ngesinyathelo ngesinyathelo. 
