question;answer_number
Janet's eenden leggen 16 eieren per dag. Ze eet er elke morgen drie en maakt elke dag muffins voor haar vrienden met vier. De rest verkoopt ze dagelijks op de boerenmarkt voor twee dollar per verse eenden-ei. Hoeveel dollar verdient ze elke dag op de boerenmarkt? ;18
Een mantel heeft twee blauwe vezels nodig en de helft van die witte vezels. Hoeveel bouten is er nodig? ;3
Josh besluit een huis te proberen te omdraaien. Hij koopt een huis voor $80.000 en zet er dan $50.000 in voor reparaties. Dit verhoogde de waarde van het huis met 150%. Hoeveel winst heeft hij gemaakt? ;70000
James besluit drie keer per week drie sprints te lopen. Hij loopt 60 meter per sprint. Hoeveel meter loopt hij in totaal per week? ;540
Elke dag voedt Wendi elk van haar kippen met drie kopjes gemengd kippenvoer, met zaden, meelwormen en groenten om ze gezond te houden. Ze geeft de kippen hun voer in drie afzonderlijke maaltijden. 's Morgens geeft ze haar kuikens 15 kopjes voer. In de namiddag geeft ze haar kippen nog eens 25 kopjes voer. Hoeveel kopjes voer moet ze haar kippen geven bij de laatste maaltijd van de dag als de kudde van Wendi 20 kippen telt? ;20
Kylar ging naar de winkel om een bril te kopen voor zijn nieuwe appartement. Een glas kost 5 dollar, maar elk tweede glas kost slechts 60% van de prijs. Kylar wil 16 glazen kopen. Hoeveel moet hij ervoor betalen? ;64
Toulouse heeft twee keer zoveel schapen als Charleston. Charleston heeft vier keer zoveel schapen als Seattle. Hoeveel schapen hebben Toulouse, Charleston en Seattle samen als Seattle 20 schapen heeft? ;260
Carla downloadt een 200 GB bestand. Normaal kan ze 2 GB per minuut downloaden, maar 40% van de download dwingt Windows een herstart om updates te installeren, wat 20 minuten duurt. Dan moet Carla de download opnieuw beginnen. Hoeveel tijd kost het om het bestand te downloaden? ;160
John rijdt drie uur met een snelheid van 100 km/u en keert dan om omdat hij beseft dat hij iets heel belangrijks thuis vergeten is. Hij probeert binnen vier uur thuis te zijn, maar de eerste twee uur zit hij in het verkeer. Hij rijdt de volgende halfuur met een snelheid van 30 mph, voordat hij de resterende tijd van de 4 uur kan rijden met 80 mph. Hoe ver is hij van huis na die 4 uur? ;45
Eliza's uurloon voor de eerste 40 uur die ze elke week werkt, is $10. Zij ontvangt ook een overwerkloon van 1,2 maal haar normale uurloon. Als Eliza 45 uur heeft gewerkt, hoeveel verdient ze dan? ;460
Een nieuw programma had 60 downloads in de eerste maand. Het aantal downloads in de tweede maand was drie keer zo veel als het aantal downloads in de eerste maand, maar daalde vervolgens met 30% in de derde maand. Hoeveel downloads had het programma in totaal in de drie maanden? ;366
Toula ging naar de bakkerij en kocht verschillende soorten gebak. Ze kocht 3 dozijn donuts die $68 per dozijn kostten, 2 dozijn mini cupcakes die $80 per dozijn kostten, en 6 dozijn mini cheesecakes voor $55 per dozijn. Hoeveel was de totale kosten? ;694
Carlos plant een citroenboom. De boom kost $90 om te planten. Elk jaar zullen er 7 citroenen groeien, die hij voor $1,50 per stuk kan verkopen. Het kost drie dollar per jaar om de boom te bewateren en te voeden. Hoeveel jaar duurt het voordat hij geld begint te verdienen met de citroenboom? ;13
Melanie is een deur-tot-deur verkoper. Ze verkocht een derde van haar stofzuigers in het groene huis, 2 meer aan het rode huis, en de helft van wat er over was in het oranje huis. Als Melanie nog vijf stofzuigers heeft, hoeveel had ze dan? ;18
In een dansles van 20 studenten, 20% ingeschreven in hedendaagse dans, 25% van de resterende ingeschreven in jazzdans, en de rest ingeschreven in hip-hop dans. Hoeveel procent van de studenten heeft hiphopdans? ;60
Een handelaar wil een keuze maken tussen twee aankoopplannen: sieraden ter waarde van 5.000 dollar of elektronische apparaten ter waarde van 8.000 dollar. Zijn financieel adviseur voorspelt dat de sieradenmarkt 2,5% zal stijgen... terwijl de markt voor elektronische apparaten 1,2% zal stijgen in dezelfde maand. Als de handelaar wil maximaal winst maken aan het einde van deze maand door een keuze te maken, hoeveel winst zou dit zijn? ;125
Twee treinen vertrekken tegelijk uit San Rafael. Ze beginnen te reizen naar het westen, beide reizen voor 80 mijl. De volgende dag reizen ze naar het noorden, over een afstand van 240 kilometer. Wat is de afstand die elke trein heeft afgelegd in de twee dagen? ;230
Jill krijgt 20 dollar per uur als docent en 30 dollar als cheerleading coach. Als ze 50 weken per jaar werkt, 35 uur per week als leraar en 15 uur per week als coach, wat is haar jaarsalaris? ;57500
Claire maakt elke ochtend een omelet met 3 eieren voor het ontbijt. Hoeveel dozijnen eieren zal ze eten in 4 weken? ;7
Marissa loopt een wandelpad van 12 mijl. Ze had een uur nodig om de eerste 4 mijl te lopen, en nog een uur om de volgende 2 mijl te lopen. Als ze wil dat haar gemiddelde snelheid 4 mijl per uur is, welke snelheid (in mijl per uur) heeft ze dan nodig om de resterende afstand te lopen? ;6
Ik heb 10 liter sinaasappel drank die twee derde water is en ik wil het toevoegen aan 15 liter ananas drank die drie vijfde water is. Maar terwijl ik het giet, stort ik een liter van de sinaasappel drank. Hoeveel water zit er in de overige 24 liter? ;15
Raymond en Samantha zijn neven. Raymond is zes jaar voor Samantha geboren. Raymond kreeg een zoon op zijn 23e. Als Samantha nu 31 is, hoeveel jaar geleden is Raymonds zoon geboren? ;14
Billy verkoopt dvd's. Hij heeft 8 klanten op dinsdag. Zijn eerste 3 klanten kopen elk een DVD. Zijn volgende twee klanten kopen elk twee dvd's. Zijn laatste 3 klanten kopen geen dvd's. Hoeveel DVD's heeft Billy dinsdag verkocht? ;7
Een kaars smelt met 2 centimeter per uur dat ze brandt. Hoeveel centimeter korter zal een kaars zijn na het branden van 13:00 tot 17:00 uur? ;8
Kyle kocht het best verkochte boek van vorig jaar voor $19.50. Dit is met een korting van 25% op de oorspronkelijke prijs. Wat was de oorspronkelijke prijs van het boek? ;26
Marie bestelde een kipmaaltijd die $12 kostte, 5 pakjes melk die $3 kostte, 4 appels die $1,50 kostten en enkele dozen pizza. Marie betaalde in totaal $50. Hoeveel dozen pizza bestelde Marie als elke doos $8.50 kost? ;2
Mishka kocht 3 paar korte broeken, 3 paar broeken en 3 paar schoenen. Een paar korte broeken kost $16.50. Een broek kost 22,50 dollar en een paar schoenen kost 42 dollar. Hoeveel dollar heeft Mishka uitgegeven aan al die kledingstukken? ;243
Cynthia eet elke avond een portie ijs. Ze koopt kartons met ijs met 15 porties ijs per karton voor $4,00 per karton. Na 60 dagen, hoeveel zal ze uitgeven aan ijs? ;16
Henry heeft twee keer gestopt tijdens zijn fietstocht van 100 kilometer. Hij stopte eerst na 20 mijl. Zijn tweede stop was 15 mijl voor het einde van de reis. Hoeveel mijlen reed hij tussen zijn eerste en tweede stop? ;25
Gloria is schoenen aan het kopen en komt een paar laarzen tegen die bij haar budget passen. Zij moet echter kiezen tussen de laarzen en twee paar hoge hakken die samen vijf dollar minder kosten dan de laarzen. Als een paar hakken $33 kost en de andere twee keer zoveel, hoeveel dollar zijn de laarzen dan? ;104
Darrell en Allen zijn in de leeftijdsverhouding van 7:11. Als hun totale leeftijd nu 162 is, bereken dan Allen's leeftijd over 10 jaar. ;109
Gunter probeert de jelly beans in een pot te tellen. Hij vraagt zijn vrienden hoeveel ze denken dat er in de pot zitten. Eén zegt 80. Een andere zegt 20 meer dan de helft van de eerste. Een derde zegt 25% meer dan de eerste. Wat is hun gemiddelde gok? ;80
John zorgt voor 10 honden. Elke hond neemt 1,5 uur per dag om te wandelen en om voor zijn zaken te zorgen. Hoeveel uur per week besteedt hij aan het verzorgen van honden? ;35
Gretchen heeft 110 munten. Er zijn 30 gouden munten meer dan zilveren. Hoeveel gouden munten heeft Gretchen? ;70
Siobhan heeft twee juwelen minder dan Aaron. Aaron heeft vijf juwelen meer dan de helft van Raymond's juwelen. Als Raymond 40 juwelen heeft, hoeveel juwelen heeft Siobhan dan? ;23
Mike speelt 40 minuten pingpong. In de eerste 20 minuten scoort hij 4 punten. In de tweede 20 minuten scoort hij 25% meer punten. Hoeveel punten heeft hij in totaal gescoord? ;9
Terry eet twee yoghurtjes per dag. Ze zijn momenteel te koop voor 4 yoghurtjes voor $5.00. Hoeveel geeft hij uit aan yoghurt over 30 dagen? ;75
John is van plan al zijn speelgoed te verkopen en het geld te gebruiken om videospelletjes te kopen. Hij heeft 13 lego sets en hij verkoopt ze voor $15 per stuk. Hij koopt uiteindelijk 8 videogames voor $20 per stuk en heeft nog $5 over. Hoeveel lego sets heeft hij nog? ;2
John rent 100 kilometer per week. Hij loopt drie dagen per week. Hij loopt drie uur de eerste dag en de helft van de andere twee dagen. Hoe snel kan hij lopen? ;10
Dana kan vier keer zo snel lopen als ze kan lopen, maar ze kan springen met een snelheid die de helft zo snel is als ze kan lopen. Als ze kan springen met 5 kilometer per uur, hoeveel kilometer kan ze dan afleggen in zes uur als ze een derde van de tijd loopt en twee derde van de tijd loopt? ;18
Brandon's iPhone is vier keer zo oud als Ben's iPhone. Bens iPhone is twee keer zo oud als die van Suzy. Als Suzy's iPhone een jaar oud is, hoe oud is Brandon's iPhone dan? ;8
De grote draak, Perg, zat hoog op de berg Farbo, en blaasde vuur op alles binnen een afstand van 1000 voet. Polly kon de gouden speer, het enige wapen dat de draak kon sleden, 400 voet ver werpen, binnen het bereik van de vlammen van de draak. Maar als Polly de saffier steen vasthield, kon ze de speer drie keer verder gooien dan wanneer ze de steen niet vasthield. Als ze de edelsteen vasthield, hoe ver buiten het bereik van de vlammen van de draak kon Polly staan en toch de draak raken met de gouden speer? ;200
Oma Jones heeft vijf appeltaartjes gebakken voor de lunch van de brandweerman. Ze sneed elke taart in acht stukken en legde de vijf taartjes op de buffettafel zodat de gasten zichzelf konden serveren. Aan het einde van de avond, nadat de gasten hun stukjes taart hadden opgegeten, waren er nog 14 stukjes taart over. Hoeveel stukken zijn er door de gasten meegenomen? ;26
Volgens de voedingswaarde bevat een zak chips 250 calorieën per portie. Als een zak van 300 g 5 porties bevat, hoeveel gram kunt u dan eten als uw dagelijkse caloriedoelstelling 2000 is en u al 1800 calorieën heeft verbruikt? ;48
Charlie wil bijenwas kaarsen verkopen. Voor elk pond bijenwas kan hij tien geconiseerde kaarsen maken. Een pond bijenwas en de doeken kosten $10.00 aan voorraden. Als hij elke kaars voor $2,00 verkoopt, wat is dan zijn nettowinst als hij 20 kaarsen maakt en verkoopt? ;20
Meredith is een freelance blogger die schrijft over gezondheidsthema's en die elke dag als vaste baan aan klanten voorlegt. Een blogartikel kost gemiddeld 4 uur om over te onderzoeken en te schrijven. Vorige week schreef ze 5 artikelen op maandag en 2/5 keer meer artikelen op dinsdag dan op maandag. Op woensdag schreef ze twee keer zoveel artikelen als op dinsdag. Bereken het totale aantal uren dat ze in de drie dagen aan het schrijven van artikelen heeft besteed. ;104
"Candice stopte 80 post-it-brieven in haar tas voordat ze naar haar werk ging in de koffiewinkel. Onderweg stopte ze bij de winkel en kocht een pak Post-it-brieven; op het werk plaatste ze een Post-it-briefje op elk van 220 verschillende kopjes koffie. Als ze 23 Post-it-brieven had, hoeveel Post-it-brieven waren er in het pakje dat ze kocht? ";163
John koopt twee keer zoveel rode dan blauwe stropdassen. De rode stropdassen kosten 50% meer dan de blauwe stropdassen. Hij gaf $200 uit aan blauwe stropdassen die $40 per stuk kostten. Hoeveel heeft hij aan stropdassen uitgegeven? ;800
Tracy gebruikte een stukje draad van een meter om tomatenplanten in de tuin te ondersteunen. De draad was in stukken gesneden van 15 centimeter lang. Hoeveel stukken heeft ze gekregen? ;8
Richard woont in een appartementencomplex van 15 verdiepingen. Elke verdieping bevat 8 eenheden, en 3/4 van het gebouw is bezet. Hoeveel leegstaande appartementen zijn er in het gebouw? ;30
Lloyd heeft een eierenboerderij. Zijn kippen produceren 252 eieren per dag en hij verkoopt ze voor $2 per dozijn. Hoeveel verdient Lloyd per week aan eieren? ;294
Toms schip kan met 10 mijl per uur reizen. Hij vaart van 1 tot 4 uur. Hij reist dan terug met een snelheid van 6 mph. Hoe lang duurt het voordat hij terug is? ;5
Uriah's boekzak wordt te zwaar voor hem. Hij moet er vijf kilo van afnemen. Zijn stripboeken wegen elk een kwart kilo en zijn speelgoed een half kilo. Als hij 30 stripboeken verwijdert, hoeveel speelgoed moet hij dan verwijderen? ;15
Een monteur vraagt verschillende tarieven om de banden van vrachtwagens en auto's te repareren. Voor elke truckband die wordt gerepareerd, zal de monteur $60 vragen en voor elke autoband die wordt gerepareerd, zal de monteur $40 vragen. Op donderdag repareert de monteur zes vrachtwagenbanden en vier auto's. Op vrijdag repareert de monteur 12 auto's en repareert geen truckbanden. Hoeveel meer inkomsten verdiende de monteur op de dag met een hogere inkomsten? ;40
De Doubtfire zussen rijden naar huis met 7 kittens geadopteerd uit het plaatselijke dierenasiel wanneer hun moeder belt om hen te informeren dat hun twee huiskatten net kittens hebben gekregen. Ze zegt dat Patchy, de eerste kat, drie keer zoveel adoptie-katjes heeft gehad, terwijl Trixie, de andere kat, er 12 heeft gehad. Hoeveel kittens heeft de familie Doubtfire nu? ;40
Jean heeft 30 lolly's. Jean eet twee lolly's. Met de overgebleven lolly's wil Jean twee lolly's in één zak pakken. Hoeveel zakken kan Jean vullen? ;14
Peter is van plan om deze week naar de film te gaan. Hij krijgt altijd een kaartje voor $7 en popcorn voor $7. Als hij 42 dollar per week heeft, hoe vaak kan hij dan naar de film gaan? ;3
Een houten brug kan niet meer dan 5000 pond dragen. Een vrachtwagen vol met identieke dozen, elk met een gewicht van 5 kilo, zal over de brug rijden. Het gecombineerde gewicht van de chauffeur en de lege truck is 3755 pond. Wat is het maximale aantal dozen dat op de vrachtwagen kan worden geladen zonder de gewichtsgrens van de brug te overschrijden? ;83
Stephen bestelde online boodschappen. Zijn laatste rekening was $40.00. Omdat dit via een leverancier was, hebben ze 25% van zijn totale bedrag toegevoegd en hem $3,00 in bezorgkosten in rekening gebracht. Stephen gaf ook een fooi van $4. Na de extra kosten, wat was de uiteindelijke prijs van Stephen's boodschappen? ;57
Een frambozenstruik heeft 6 clusters van 20 vruchten elk en 67 individuele vruchten verspreid over de struik. Hoeveel frambozen zijn er in totaal? ;187
Een mand bevat 25 sinaasappelen, waarvan 1 slecht is, 20% onrijp, 2 zuur en de rest goed. Hoeveel sinaasappels zijn goed? ;17
Janet koopt een broche voor haar dochter. Ze betaalt 500 dollar voor het materiaal om het te maken en nog eens 800 dollar voor de juwelier om het te bouwen. Daarna betaalt ze 10% van dat om het te verzekeren. Hoeveel heeft ze betaald? ;1430
Als Marcy 40 jaar voor hetzelfde bedrijf werkt, krijgt ze een jaarlijks pensioen van $50.000 per jaar. Na 20 jaar heeft zij recht op 5% van de waarde van het pensioen per jaar. Als ze na 30 jaar stopt, wat is haar jaarlijkse pensioen? ;25000
Aleena heeft een abonnement op een streamingdienst die haar $140 per maand kost. Als de streamingmaatschappij haar het initiële bedrag voor de eerste helft van het jaar in rekening bracht en haar vervolgens 10% minder geld in rekening bracht voor de tweede helft van het jaar, bereken dan het totale bedrag dat ze tegen het einde van het jaar voor de streamingdienst had betaald. ;1596
Sophia denkt erover een reisje te maken met haar auto en wil graag weten hoe ver ze kan rijden met één tank benzine. Ze heeft 160 kilometer afgelegd sinds ze voor het laatst een tankstuk heeft gevuld, en ze moest nog een liter benzine inzetten om het opnieuw vol te tanken. In het gebruiksaanwijzingje van haar auto staat dat haar tank 12 gallon benzine bevat. Hoeveel kilometers kan Sophia rijden op één tank benzine? ;300
Jim kijkt twee uur tv en gaat dan naar bed om half zo lang te lezen. Hij doet dit drie keer per week. Hoeveel uren kijkt hij in vier weken naar tv en leest hij? ;36
Er zijn vier scholen die meedoen aan een basketbaltoernooi. Elke school heeft een basketbalteam voor meisjes en een basketbalteam voor jongens gestuurd en elk team heeft 5 spelers. Elke school heeft ook een coach voor elk team gestuurd. In totaal, hoeveel mensen hebben alle scholen gestuurd? ;48
Een schatzoeker vond een begraven schatkist vol met edelstenen. Er waren 175 diamanten, 35 minder robijnen dan diamanten, en twee keer zoveel smaragden als robijnen. Hoeveel edelstenen waren er in de kist? ;595
Er zijn twee keer zoveel jongens als meisjes op de school van Dr. Wertz. Als er 60 meisjes en 5 leerlingen zijn voor elke leraar, hoeveel leraren zijn er dan? ;36
Bailey begint met een bepaald bedrag. Dan krijgt ze een wekelijkse toelage van 5 dollar voor 8 weken. Als ze aan het eind van de 8 weken 100 dollar heeft, hoeveel geld had Bailey toen ze begon? ;60
Judy geeft 5 danslessen, elke dag, op weekdagen en 8 lessen op zaterdag. Als elke klas 15 studenten heeft en ze rekent $15.00 per student, hoeveel geld verdient ze in 1 week? ;7425
Kelian heeft twee recepten voor het bereiden van gerechten, een met 20 instructies en een tweede met twee keer zoveel instructies als de eerste. Hoeveel instructies moet Kelian lezen om de twee gerechten te bereiden? ;60
Tommy verzamelt geld voor zijn liefdadigheid door brownies te verkopen voor 3 dollar per stuk en cheesecakes voor 4 dollar per stuk. Als Tommy 43 brownies en 23 stukjes cheesecake verkoopt, hoeveel geld haalt Tommy dan op? ;221
Shiela kocht vijf mobiele telefoons voor $150 per stuk voor een betaling van 3 maanden. Voor elke eenheid wordt een rente van 2% in rekening gebracht. Hoeveel zal Shiela elke maand betalen voor 3 maanden? ;255
Artie heeft een bloemenwinkel op de boerenmarkt. Hij verkoopt drie soorten bloemen: bloemkool, petunia en begonia. Hij verkoopt meestal goudsbloemen voor 2,74 dollar per pot, petunias voor 1,87 dollar per pot en begonias voor 2,12 dollar per pot. Artie heeft geen wisselgeld vandaag, dus heeft hij besloten om al zijn prijzen te afronden tot de dichtstbijzijnde dollar. Als Artie 12 potten goudsbloemen verkoopt, 9 potten petunias en 17 potten begonia's, hoeveel zal hij dan verdienen? ;88
Luke is aan het strand en bouwt kastelen in het zand. Uiteindelijk merkt hij dat elk niveau van een zandkasteel de helft van het vierkante oppervlak heeft als het niveau eronder. Als hij een 4-nivelair zandkasteel maakt waar het bovenste niveau een oppervlakte van 16 vierkante meter heeft, wat is de gemiddelde vierkante meter van een niveau? ;60
Cecilia heeft net een nieuwe puppy gekocht. Volgens haar dierenarts moet ze de puppy de eerste 180 dagen elke dag 1 kopje hondenvoer geven. Dan moet ze de puppy 2 kopjes hondenvoer voeden elke dag voor de rest van zijn leven. Als één zak hondenvoer 110 kopjes bevat, hoeveel zakken hondenvoer zal Cecilia dan in het eerste jaar gebruiken? ;5
Als Raymond de helft zoveel was doet als Sarah, en Sarah doet 4 keer zoveel was als David, bereken dan het verschil in de hoeveelheid was die Raymond en David doen als Sarah 400 pond was doet. ;100
Vincent kan bloemen kopen in pakjes van drie voor $2,50 of in pakjes van twee voor $1. Hoeveel geld bespaart hij door 18 bloemen te kopen tegen de betere prijs? ;6
John adopteert een hond. Hij neemt de hond mee naar de verzorgingsarts, die $100 kost. De groomer biedt hem 30% korting als hij een nieuwe klant is. Hoeveel kost de verzorging? ;70
Twee meisjes kregen elk 1/6 van de 24 liter water. Toen kreeg een jongen 6 liter water. Hoeveel liter water was er nog over? ;10
Charlie had tien stickers. Hij kocht 21 stickers in een winkel in het winkelcentrum en kreeg 23 stickers voor zijn verjaardag. Toen gaf Charlie 9 van de stickers aan zijn zus en gebruikte 28 om een wenskaart te versieren. Hoeveel stickers heeft Charlie nog? ;17
Grace weegt 125 pond. Alex weegt een pond minder dan Grace. Wat is hun totale gewicht in kilo's? ;623
Dan plant drie rozenstruiken. Elke rozenstruik heeft 25 rozen. Elke roos heeft 8 doornen. Hoeveel doornen zijn er in totaal? ;600
Een voetbalteam speelde 22 wedstrijden. Ze wonnen 8 meer dan ze verloren. Hoeveel hebben ze gewonnen? ;15
Gene is een deken aan het naaien van oude T-shirts. Hij heeft een shirt van elke vakantie die hij heeft gehad. Elk shirt is zijn eigen quiltblok. Elke rij is gemaakt van blokken uit een ander vakantiejaar. Hij gaat vier keer per jaar op vakantie en doet dat sinds hij 23 is. Hij is nu 34. Hoeveel quiltblokken heeft hij in totaal? ;44
Greg heeft een wekker die drie keer per dag gaat rinkelen als herinnering. Als het alarm afgaat, blijft het afgaan tot Greg het uitzet. De eerste keer dat het vandaag afging, ging het vier keer. De tweede keer ging het drie keer zo lang als de eerste keer. De derde keer ging het half zo lang als de tweede keer. Hoeveel keer ging het alarm af? ;22
Een bedrijf betaalt zijn werknemers elk 600 dollar per maand. Het bedrijf heeft een beleid om het salaris van elk van zijn werknemers te verhogen met 10% van het beginsalaris elk jaar voor degenen die vijf jaar in het bedrijf zijn gebleven. Als Sylvie net 5 jaar in het bedrijf heeft gewerkt in december, wat is haar jaarsalaris na nog drie jaar dienst? ;9360
Marilyn's eerste plaat verkocht tien keer zoveel exemplaren als die van Harald. Als ze samen 88.000 exemplaren verkochten, hoeveel exemplaren heeft Harald dan verkocht? ;8000
Christina is een verjaardagsfeestje aan het plannen en heeft 75 cadeaupassen nodig per uitgenodigde gast, omdat 1/4 van de deelnemers niet komen. Ze nodigde 16 vrienden uit. Geschenkzakken zijn $2 per stuk. Hoeveel gaat ze uitgeven? ;24
Ted de T-Rex was van plan om aardappelsalade mee te nemen naar de dinosaurus picknick. Hij weet dat een volwassen dinosaurus 10 pond aardappelsalade eet, en een kind de helft van een volwassene. Als er 20 volwassenen en 5 kinderen op de picknick zijn, hoeveel kilo aardappelsalade moet Ted dan meenemen naar de picknick als hij hoopt genoeg te hebben om iedereen te voeden? ;225
Jan heeft drie keer zoveel huisdieren als Marcia. Marcia heeft twee huisdieren meer dan Cindy. Als Cindy vier huisdieren heeft, hoeveel huisdieren hebben de drie dan? ;28
Emily heeft vier kinderen, Amy, Jackson, Corey en James. Amy is 5 jaar ouder dan Jackson en 2 jaar jonger dan Corey. Als James 10 is en een jaar jonger is dan Corey, hoe oud is Jackson dan? ;4
Lee kon de 400 meter met hindernissen twee seconden sneller lopen dan Gerald de 400 meter met hindernissen. Maar Gerald veranderde zijn dieet, waardoor zijn snelheid met 10% verbeterde. Als Lee de 400 meter met hindernissen in 38 seconden loopt, hoe snel kan Gerald, met zijn verbeterde dieet, de 400 meter met hindernissen in seconden lopen? ;36
In een buurt is het aantal konijnen twaalf keer minder dan het aantal honden en katten samen. Als er twee katten zijn voor elke hond, en het aantal honden is 60, hoeveel huisdieren zijn er dan in totaal in de buurt? ;348
Van de 200 studenten van de vijfde klas zijn 2/5 jongens en 2/3 meisjes in de meisjes-scouts. Hoeveel meisjes zijn er niet in de meisjes scout? ;40
Harry heeft negen uur geslapen. Zijn vriend James sliep maar twee derde van wat Harry sliep. Hoeveel uur heeft Harry meer geslapen dan James? ;3
Als Freda ingeblikte tomaten in saus kookt, verliezen ze de helft van hun volume. Elk blikje tomaten van 40 gram dat ze gebruikt, bevat drie tomaten. Fredas laatste partij tomatensaus was 32 gram. Hoeveel tomaten heeft Freda gebruikt? ;12
Er staan auto's in de rij op de snelweg. Sommige auto's rijden de eerste 15 minuten door de file, daarna rijden er nog 20 auto's door in de resterende 15 minuten. Vijf auto's nemen een afslag zodat ze niet door de file hoeven te rijden. Als er oorspronkelijk 30 auto's op de snelweg waren, hoeveel auto's reden dan door de file in de eerste 15 minuten? ;5
Maria is een fervent tuinman. Gisteren kreeg ze 18 nieuwe potplanten van haar favoriete plantenkwekerij. Ze heeft al twee potplanten op elk van de veertig vensterrandjes van haar grote landhuis. Ze heeft besloten om morgen een potje met planten van elke richel aan vrienden en familie te geven. Hoeveel potplanten zal Mary bij zich houden? ;58
Jerome had 4 vrienden die hem op een bepaalde dag kwamen bezoeken. De eerste vriend drukte 20 keer op de deurbel voordat Jerome opende, de tweede vriend drukte 1/4 keer meer op de deurbel dan de eerste vriend van Jerome. De derde vriend drukte tien keer zo hard op de deurbel als de vierde vriend. Als de vierde vriend 60 keer op de deurbel drukte, hoeveel ringen maakte de deurbel? ;175
Solo moet 4 pagina's uit zijn wetenschappelijk handboek lezen, 20 pagina's uit zijn sociaalwetenschappelijk handboek, 7 pagina's uit zijn geschiedenishandboek en 8 pagina's uit zijn geografiehandboek. Solo las maandag 15 pagina's. Als hij nog 4 dagen heeft om alles te lezen, hoeveel bladzijden moet hij dan gemiddeld lezen op één dag? ;6
John drinkt graag een glas water bij het ontbijt, de lunch en het diner. Eindelijk heeft hij er ook een voor hij naar bed gaat. John doet dit elke werkdag, maar in het weekend ontspant hij zich graag en drinkt hij een frisdrank bij het eten. Hoeveel glazen water drinkt John in een week? ;26
Een mistbank komt van de oceaan om een stad te bedekken. Het duurt 10 minuten om elke 3 mijl van de stad te bestrijken. Als de stad 42 mijl over de kustlijn ligt, hoeveel minuten duurt het voor de mist de hele stad bedekt? ;140
Poppy lost een puzzel op van 1000 stukken. Ze plaatst een kwart van de stukken op het bord, dan plaatst haar moeder een derde van de resterende stukken. Hoeveel puzzelstukken moeten er nog geplaatst worden? ;500
Cody eet drie keer zoveel koekjes als Amir. Als Amir 5 koekjes eet, hoeveel koekjes eten ze dan samen? ;20
John heeft drie dozen. Elke doos is 5 inch bij 6 inch bij 4 inch. De muren zijn een centimeter dik. Wat is het totale volume van alle drie de dozen? ;72
Frankie kijkt elke avond tv nadat hij zijn huiswerk gedaan heeft. Op maandag en dinsdag keek hij elke avond naar een aflevering van zijn favoriete programma. Op woensdag keek hij een paar afleveringen van een show van 30 minuten. Donderdag maakte hij zijn huiswerk vroeg af en keek naar een aflevering van een uur en een show van 30 minuten. Vrijdag moest hij het weekend lang opblijven, dus hij keek naar twee afleveringen van één uur. Als hij in totaal 7 uur tv keek, hoeveel afleveringen van 30 minuten keek hij dan woensdag? ;3
Henry maakt koekjes voor een lokale bakwedstrijd. Hij wil twee keer zoveel verdienen als vorig jaar. Als hij klaar is met bakken, beseft hij dat hij 15 koekjes meer gebakken heeft dan hij bedoelde. Hij laat vijf van zijn koekjes vallen terwijl hij ze uitzet om ze af te koelen, en nu heeft hij in totaal 110 koekjes. Hoeveel koekjes heeft Henry vorig jaar gebakken? ;50
Een lokale tankstation verkoopt gas voor $3,00 per gallon. Een app bedrijf biedt $ 20 cashback per gallon als je bij dit station vol tankt. Als iemand 10 gallon benzine koopt, hoeveel geld heeft hij dan nog, na de cashback beloningen? ;28
Marcell en Beatrice hebben een wedstrijd om te zien wie de meeste fruit roll-ups kan eten, dus ze rollen er zoveel uit als ze kunnen vinden. Helaas maakt iemand een fout en Beatrice's was twee roll-ups breed en 24 roll-ups lang terwijl Marcell's 3 roll-ups breed en 14 roll-ups lang was. Als ze allebei hun hele hoeveelheid aten, hoeveel aten ze dan gemiddeld? ;45
Julia's boot lekt terwijl ze op het meer is. De boot nam twee liter water op voor elke tien voet die ze terug naar de kust roeide. Het duurde haar zestien seconden om zes meter te roeien. De kust was 64 seconden verwijderd. Hoeveel water had de boot op genomen tegen de tijd dat Julia de kust bereikte? ;16
Een klas heeft een whiteboard dat wordt gedeeld door de 4 leraren die om beurten het klaslokaal gebruiken. Elke leraar heeft 2 lessen per dag en gebruikt het whiteboard in elke les. Als het whiteboard 3 keer per les wordt schoongemaakt, hoeveel keer wordt het whiteboard dan schoongemaakt per dag? ;24
Ryan plant twee bloemen per dag in zijn tuin. Na 15 dagen, hoeveel bloemen heeft hij als 5 niet groeiden? ;25
Jamal's telefoon kan 6 keer meer foto's bevatten dan Brittany's telefoon. Het maximale aantal foto's dat Brittany's telefoon kan bevatten is 50 keer meer dan het aantal vogels op Jamal's foto van de eenden in de dierentuin. Als Jamals telefoon 1800 foto's kan bevatten, hoeveel eenden zijn er dan te zien op Jamals foto van eenden in de dierentuin? ;6
Sasha merkt op dat de prijzen voor hout de laatste paar maanden met 50% zijn gestegen nadat ze wat hout heeft gekocht. Omdat ze nog wat over heeft, besluit ze het te verkopen. Ze heeft tien overgebleven 2 x 4 x 10 planken die haar $10 per stuk kosten. Ze heeft ook vijf 4 x 4 x 10 planken die ze voor $16 per stuk heeft gekocht. Als ze ze allemaal verkoopt, hoeveel winst maakt ze dan? ;90
Katy maakt koffie met theelepels suiker en kopjes water in de verhouding 7:13. Als ze in totaal 120 theelepels suiker en kopjes water heeft gebruikt, bereken dan hoeveel theelepels suiker ze heeft gebruikt. ;42
John koopt 2 paar schoenen voor elk van zijn 3 kinderen. Ze kosten $60 per stuk. Hoeveel heeft hij betaald? ;360
Een douaneambtenaar in de belangrijkste haven van SeaSide heeft twee containers met ingevoerde voertuigen geteld, elk met vijf voertuigen erin. De volgende dag werden er nog meer containers binnengebracht, zodat het totale aantal voertuigen in de haven 30 werd. Bereken het aantal containers dat op de tweede dag is ingevoerd, ervan uitgaande dat alle containers 5 voertuigen bevatten. ;4
Het totale salaris van Adrien was 30 procent hoger dan dat van Lylah. Vier jaar later was zijn salaris gestegen en verdiende hij 40% meer dan vier jaar geleden. Als Adrien en Lylah's salaris tegelijk is gestegen, en Adrien vier jaar geleden $40.000 verdiende, bereken dan het totale salaris dat de twee vier jaar later ontvingen? ;95200
Miguel gebruikt twee blokjes papier per week voor zijn tekening. Als er 30 vellen papier op een pad zijn, hoeveel vellen papier gebruikt hij dan per maand? ;240
Morisette en Kael moesten fruit brengen. Morisette bracht 5 appels en 8 sinaasappels mee, terwijl Kael twee keer zoveel appels en de helft zoveel sinaasappels bracht als Morisette. Hoeveel vruchten hebben ze in totaal? ;27
Sadie heeft maandag 8 uur geslapen. De volgende twee dagen sliep ze twee uur minder, omdat ze een paar opdrachten moest afmaken. Als ze de rest van de week 1 uur meer sliep dan die twee dagen, hoeveel uur heeft ze dan in totaal geslapen gedurende de hele week? ;48
Rosie kan drie uur lang 10 mijl per uur lopen. Daarna loopt ze 8 km per uur. Hoeveel mijl kan ze in 7 uur lopen? ;50
Jennie helpt op het kantoor van haar moeder. Ze heeft een stapel van 60 brieven die stempels nodig hebben, en een stapel brieven die al gestempeld zijn. Ze zet zegels op een derde van de brieven die zegels nodig hebben. Als er nu 30 brieven zijn in de stapel van al gestempelde brieven, hoeveel waren er dan in die stapel toen Jennie begon? ;10
Julia was bezig met een etentje in haar huis, waar ze stoofpot wilde serveren. Ze merkte dat ze geen plastic lepels meer had, dus kocht ze een nieuw pakje lepels. Later kocht haar man ook een pakje van 5 nieuwe lepels en gaf ze aan Julia. Terwijl Julia de stoofpot maakte, gebruikte ze drie van de lepels om haar stoofpot te proeven. Later, toen ze de tafel ging dekken, had ze in totaal 12 lepelletjes. Hoeveel lepels waren er in het pakje dat Julia kocht? ;10
Dylan had kippenworstjes en visworstjes nodig om worstbroodjes te maken op een feestje. Hij kocht 38 kipworstjes en 6 meer visworstjes dan kipworstjes. Hoeveel worstjes heeft Dylan in totaal gekocht? ;82
Na het overplaatsen naar een nieuwe school, Amy maakte 20 meer vrienden dan Lily. Als Lily 50 vrienden heeft, hoeveel vrienden hebben Lily en Amy dan samen? ;120
Wel's moeder verkoopt watermeloenen, paprika's en sinaasappels in de plaatselijke winkel. Een watermeloen kost drie keer zoveel als elke peper. Een sinaasappel kost 5 minder dan een watermeloen. Dillon wordt naar de winkel gestuurd om 4 watermeloenen, 20 paprika's en 10 sinaasappels te kopen. Wat is het totale bedrag dat hij zal uitgeven als elke peper 15 dollar kost? ;880
Een ziekenhuis ziet 500 mensen per dag. Elke patiënt wordt gemiddeld 24 minuten gezien. De artsen rekenen $150 per uur aan het ziekenhuis en het ziekenhuis rekent de patiënten $200 per uur. Hoeveel winst maakt het ziekenhuis met deze bezoeken? ;10000
Nissa huurt 60 seizoensarbeiders in om elfjes te spelen in het kerstman dorp van haar warenhuis. Een derde van de elfen stopte nadat kinderen op hen hadden overgegeven, en 10 van de overige elfen stopten nadat kinderen hun scheenbeen hadden getrapt. Hoeveel elfen zijn er nog over? ;30
De uitgaven van Joseph in mei waren $500. In juni was zijn uitgaven $60 minder. Hoeveel was zijn totale uitgaven voor die twee maanden? ;940
Pam en Fred zijn naar een kermis geweest. Pam reed twee keer op de achtbaan, terwijl Fred er vier keer op reed. Daarna besloten ze om twee keer op de luge te rijden. Als elke rit 6 kaartjes kost, hoeveel kaartjes hebben ze dan die dag gebruikt? ;60
Maandag liep Walt zes kilometer. Dinsdag liep hij zes keer zoveel kilometers als maandag. Zijn totale kilometers van maandag tot woensdag waren 41 mijl. Hoeveel mijl liep hij woensdag? ;13
Tom krijgt vier auto's per maand gewassen. Als elke wasstraat 15 dollar kost, hoeveel betaalt hij dan per jaar? ;720
Brian's vriend Bobby heeft 5 minder dan 3 keer zoveel videogames als Brian. Als Brian 20 videogames heeft, maar er 5 verloor vlak voor de vergelijking, hoeveel heeft Bobby dan? ;40
Er zijn nog 27 eenhoorns over in de wereld. Een derde van hen is in de Schotse Hooglanden. Twee derde van de Schotse eenhoorns zijn vrouwelijk. Hoeveel vrouwelijke Schotse eenhoorns zijn er? ;6
Rory bestelt 2 broodjes voor $7.50 per stuk, 2 zakken chips voor $1.50 per stuk en 2 koekjes voor $1.00 per stuk voor levering. Er is een 20% bezorgkosten toegevoegd bij het uitchecken en ze wil een $ 5 fooi toevoegen. Wat kost haar bestelling? ;29
Mark heeft gisteren een test gedaan die uit 75 vragen bestond. Hij voltooide de test met een snelheid van 5 vragen per uur. Vandaag deed hij nog een test van 100 vragen met hetzelfde tempo. Als Mark 8 uur had om de eerste test af te ronden en 6 uur om de tweede te voltooien, hoeveel vragen heeft hij dan onvolledig gelaten? ;105
In een snoepmachine zitten er 22 roze kauwgomballen, vier keer zoveel als blauwe kauwgomballen. Als er 12 blauwe kauwgomballen zijn, hoeveel roze zijn er dan? ;70
Van de 20 auto's die te huur zijn, zijn er 12 automatische auto's, 4 handmatige auto's en de rest semi-automatische auto's. Hoeveel procent van de auto's zijn semi-automatisch? ;20
Er zijn 700 bijen in een korf. Er zijn twee keer zoveel werkbijen als babybijen, en er zijn twee keer zoveel baby's als koninginnen. Hoeveel werkbijen zijn er? ;400
Jordan speelt elke dag twee uur videospelletjes. Hij heeft ook een deeltijdbaan waar hij 10 dollar per uur verdient. Hoeveel geld zou Jordan verdienen in een week als hij zijn videospeltijd in plaats daarvan zou doorbrengen met werken? ;140
John koopt melk voor 2 dollar, eieren voor 3 dollar, gloeilampen voor 3 dollar, bekers voor 3 dollar en kakkerlakvallen voor 4 dollar. Als er een 10% belasting is op alle niet-voedselproducten, hoeveel kost alles dan? ;16
Kim heeft zijn eigen huishoudelijke zaak begonnen en berekent hoeveel winst hij van zijn klanten zal maken. Hij heeft al drie klanten, maar praat met nog vijf potentiële klanten en voelt zich zelfverzekerd genoeg om ze in zijn berekeningen op te nemen. Elke klant heeft 2 flessen bleekmiddel en een zakje doekjes nodig om schoon te maken. Flessen bleekmiddel kosten 2 dollar en doekenpakken 5 dollar. Dit zijn zijn enige uitgaven. Hij berekent dat zijn totale inkomen per week 92 dollar zal zijn. Winst is het verschil tussen de totale inkomsten en de totale uitgaven, dus hoeveel winst, in dollars, zal Lucas elke week maken? ;20
John heeft 10 hectare ananasveld. Er zijn 100 ananassen per hectare. John kan zijn ananas elke 3 maanden oogsten. Hoeveel ananassen kan John binnen een jaar oogsten? ;4000
Johnny haalt de speelgoedjes op van de vloer van zijn kamer. Hij had een lego-box met 500 stukken op de vloer gedumpt, en een andere met 3 keer zoveel stukken als de 500 stukken, en een andere met 1/4 van het aantal stukken. Hoeveel blokken haalt Johnny op als hij alle Lego's ophaalt? ;2125
Debra controleert een bijenkorf om te zien hoeveel bijen er komen en gaan per dag. Ze ziet 30 bijen de korf verlaten in de eerste 6 uur, en dan ziet ze de helft van die bijen terugkeren in de volgende 6 uur. Ze ziet twee keer zoveel bijen als ze zag, die de korf verlaten. Ze vliegen de korf uit en vertrekken in de komende zes uur. Dan keert elke bij die eerder vertrok en nog niet terug, terug naar de korf in de komende 6 uur. Hoeveel bijen zag Debra terugkeren naar de korf in de laatste 6 uur van de dag? ;75
Brittany en haar moeder gaan naar het museum. De toegangskosten bedragen $12 voor volwassenen en $10 voor kinderen. Brittany's moeder geeft de kassier geld voor 1 kinderticket en 1 volwassen ticket. Als ze $8 in wisselgeld kreeg, hoeveel geld, in dollars, gaf ze dan aan de kassier? ;30
Charlie heeft drie keer zoveel Facebook vrienden als Dorothy. James heeft vier keer zoveel vrienden op Facebook als Dorothy. Als Charlie 12 vrienden op Facebook heeft, hoeveel Facebook vrienden heeft James dan? ;16
Steve en Tim beslissen om te kijken wie het snelst thuis kan komen van school. Steve woont verder weg dan Tim, dus hij mag op zijn fiets rijden. Steve woont 3 mijl van de school en kan op 440 voet per minuut fietsen. Tim woont twee mijl van de school. Als Tim met zijn skateboard met 264 voet per minuut kan rijden, hoe lang zal de winnaar dan wachten bij hun huis voordat de verliezer de race afmaakt? ;4
Shawnda besluit dat de kinderen van haar buurt een fietsverbeteringsservice kunnen gebruiken. Ze beslist dat de beste manier om te laden is door de band. Elke band kost 25 cent om op te blazen. Op de eerste dag kwamen er vijf mensen op fietsen langs om beide banden op te blazen. Drie mensen kwamen langs om hun driewielerbanden op te blazen. Eindelijk kwam er iemand langs op een eenwieler. Hoeveel dollar heeft ze die dag verdiend? ;5
Carl koopt tien pakjes koekjes. Elke doos koekjes bevat zes koekjes. Elke koekje kostte $0.10. Hoeveel wisselgeld krijgt Carl als hij met een briefje van tien dollar betaalt? ;4
Dave kocht een groot pakje frietjes en at er veertien voordat een hongerige meeuw het pakje uit zijn hand stal. Toen de meeuw landde, verslond hij de helft van de hoeveelheid friet die Dave at. Toen dreven drie duiven hem weg van het eten en aten elk drie frietjes. Later stal een wasbeer twee derde van de overgebleven frietjes. Mieren hebben een laatste friet meegenomen, en vijf achtergelaten. Hoeveel frietjes waren er in het pak toen Dave het kocht? ;48
Op maandag, woensdag en vrijdag heeft studentenstudent Kimo drie lessen van één uur per dag. Op dinsdag en donderdag heeft hij twee lessen van twee uur per dag. In één semester zijn er 16 weken school. Hoeveel uur gaat Kimo in een semester naar de lessen? ;272
Bill bakt 300 broodjes, 120 chocoladekruisants en 60 baguettes elke dag. Elke rol is 10 centimeter lang, elke croissant is 20 centimeter lang en elke baguette is 60 centimeter lang. Als Bill alle gebakken producten eind aan eind zet, hoe lang zijn ze dan in voeten? ;280
De dierenverzorger voedt alle apen in de dierentuin. Hij bestelt alle bananen van een plaatselijke boerderij om de twee maanden. Als de apen 200 bananen nodig hebben, de gorilla's 400 bananen, en de bavianen 100 bananen per maand, hoeveel bananen moet hij dan bestellen om 2 maanden vol te houden? ;1400
Blake en Kelly doen een wedstrijd om te zien wie het meest kan rennen in 15 minuten. Ze besluiten het te doen op een voetbalveld dat 100 meter lang is. Blake loopt 15 keer heen en weer. Kelly loopt een keer heen en weer, en besluit dan dat ze niet naast Blake wil rennen, dus begint ze naar de 40-yard lijn te rennen en terug. Ze doet dit 34 keer. Hoe ver loopt de winnaar dan de verliezer? ;80
Raphael ging schoolbenodigdheden kopen. Hij kocht 4 pennen die elk 1,5 dollar kostten, 2 notitieboeken die elk 4 dollar kostten en een randje papier voor obligaties die 20 dollar kostte. Hoeveel heeft Raphael aan alles uitgegeven? ;34
Finn ziet elf kikkervisjes zwemmen in de vijver. Plots ziet hij zes van hen uit hun schuilplaats komen onder een lelie pad, dan ziet hij twee van hen onder een rots verstoppen. Hoeveel kikkervisjes kan Finn nu in de vijver zien? ;15
Een watertenk is op maandag 5 meter diep. Dinsdag had de tank 2 meter meer water. Op woensdag is de diepte van het water tweederde van die van dinsdag. Wat is de waterdiepte van de tank op woensdag? ;16
Anakin en Locsin zijn naar het strand gegaan. Anakin vangt 10 zeesterren, 6 zeeponi's en 3 clownvissen. Terwijl Locsin 5 minder zeesterren gevangen heeft dan Anakin, 3 minder zeehonden dan Anakin, en 2 meer clownvissen dan Anakin. Hoeveel vissen konden ze vangen? ;32
Als een zak knikkers 20 dollar kost en de prijs elke twee maanden met 20 procent van de oorspronkelijke prijs stijgt, hoeveel zou een zak knikkers dan na 36 maanden kosten? ;92
In een kamer zijn er verschillende speelgoed: 5 rode auto's, 3 actiestukken en een pop. De pop kostte drie actionfiguren en een rode auto kostte vier dollar. Hoeveel zijn alle speelgoed waard, van een actiestuk dat $5 kost? ;50
Jackie probeert te beslissen of ze haar belastingen zelf moet doen of een accountant inhuurt. Als ze de belastingen zelf doet, kan ze 3 uur minder freelance werk doen, en $35 per uur aan gemiste inkomsten verliezen. De accountant vraagt $90. Hoeveel meer geld heeft ze als ze de accountant inhuurt? ;15
Voor zijn dertigste verjaardag koos Elvira een nieuwe computer met veel accessoires als geschenk. Ze heeft een budget van 1500 euro dat door haar hele familie is gedoneerd en denkt dat ze een beetje geld kan houden om een kledingstuk te kopen. Ze gaat naar een computerwinkel en kiest een apparaat dat € 1090 kost met een scherm, toetsenbord en muis. Ze neemt ook een scanner voor €157, een cd-brander voor €74 en een printer voor €102. Hoeveel geld zal ze nog over hebben voor haar kleding? ;77
Sandra's buurman geeft haar een mandje met 9 eieren elke keer als ze op hun dochter past. Om een Spaanse flan te maken, heeft ze drie eieren nodig. Als Sandra 15 Spaanse flanen moet maken voor de fondsenwerving van haar school, hoe vaak moet Sandra dan oppassen? ;5
Seth is twee keer zo oud als Brooke. Over twee jaar is de som van hun leeftijden 28. Hoe oud is Seth? ;16
Jimmy heeft twee dollar meer dan Ethel. Als Ethal acht dollar heeft, hoeveel geld heeft Jimmy dan? ;18
Pancho loopt 30 kilometer per dag. Behalve in het weekend, als hij 10 mijl loopt. Hoeveel mijl loopt hij in een week? ;120
De fanfare bestelt nieuwe uniformen. Elk uniform wordt geleverd met een hoed die $25 kost, een jasje dat drie keer zoveel kost als de hoed, en broeken die gemiddeld de kosten van de hoed en het jasje kosten. Hoeveel kost elk uniform? ;150
Jake loopt door het Museum van Entomologie. Hij ziet 80 spinnen met elk 8 poten, 90 insecten met elk 6 poten en 3 zeldzame mutante ongewervelde dieren met elk 10 poten. Hoeveel benen ziet Jake in totaal? ;1210
Er zijn vier vogels in de Caboose. Sally Twee is drie jaar ouder dan oma Rood. Oma Red is twee keer zo oud als Sally Four. Als Sally Four dezelfde leeftijd heeft als Sally Thirtytwo, en Sally Thirtytwo is 8 jaar oud, wat is de totale leeftijd van de vier vogels? ;51
Jessica probeert uit te zoeken hoeveel ze elke maand aan al haar schulden moet betalen. Haar studieleningen hebben een minimum betaling van $300 per maand, haar creditcard minimum is $200 per maand, en haar hypotheek minimum is $500 per maand. Als Jessica 50% meer wil betalen dan het minimum, hoeveel betaalt ze dan in een jaar? ;18000
Billy schilt en snijdt aardappelen in voorbereiding op het maken van aardappelsalade voor zijn grote familiereünie barbecue. Het is een groot evenement, dus hij heeft 60 aardappelen om door te komen. De aardappelen zijn ongeveer even groot, dus het duurt ongeveer even lang om ze te schillen en te snijden. Billy heeft anderhalve minuut nodig om een aardappel te schillen, maar slechts vijf seconden om hem op te snijden. Hoelang duurt het voordat Billy de aardappelen klaar heeft? ;95
Juan en zijn broer Carlos verkopen limonade. Voor elke gallon kosten ze 3 dollar voor citroenen en 2 dollar voor suiker. Ze verkopen elk glas voor $0.50 en krijgen 20 glazen per gallon. Als ze $25 winst maakten, hoeveel hebben ze dan aan citroenen uitgegeven? ;15
In een wedstrijd met 240 Aziaten waren er 80 Japanners en de rest Chinezen. Als het aantal jongens in het Chinese team 60 was, hoeveel meisjes waren er dan in het Chinese team? ;100
Zaid besteedt een kwart van zijn salaris aan huur, een derde aan brandstof voor zijn auto en de helft van het resterende bedrag aan zijn favoriete liefdadigheidsinstelling. Hij geeft zijn dochter 200 dollar om haar wekelijkse uitgaven te betalen en 700 dollar aan zijn vrouw om boodschappen en andere huishoudelijke goederen te kopen. Als Zaid 6000 dollar per maand verdient, hoeveel geld heeft hij dan nog na al die uitgaven en donaties? ;350
Rani heeft tien krabben meer dan Monic, die vier krabben minder heeft dan Bo. Als Bo 40 krabben heeft, bereken dan het totale aantal krabben dat de drie samen hebben. ;122
Lloyd verdient 10 dollar per uur aan wiskunde bijles. Hij gaf 5 uur bijles in de eerste week en 8 uur in de tweede week. Hoeveel verdiende hij in de eerste twee weken? ;130
Twee kandidaten lopen voor klasvertegenwoordiger op Sarai's school. Als de winnaar 3/4 van de stemmen kreeg en het totale aantal studenten dat in de klas stemde 80 was, bereken dan het aantal stemmen dat de verliezer kreeg. ;20
Sandra, de bloemist om de hoek, is erg ongelukkig met Fred's onvolledige bestelling. Sandra had vier keer zoveel rode rozen besteld als witte anjers. Ze bestelde ook 200 roze callalelieën, vijf keer zoveel witte anjers. Sandra heeft gedreigd met een andere leverancier als de ontbrekende rode rozen niet voor 5 uur geleverd zijn. Om Sandra's zaak te houden, hoeveel rode rozen moet Fred leveren voor 5 uur? ;160
Jean is twee jaar ouder dan Mark. Twee jaar geleden was Mark vijf jaar ouder dan Jan. Als Jan 30 is, hoe oud is Jean dan? ;23
"Twee teams op de baan strijden tegen elkaar in een 4 bij 400 meter relay; een race waarbij elk team vier leden heeft die elk 400 meter of één ronde lopen rond een standaard baan. Een van de twee teams is zeer goed afgerond en elk van hun leden zal hun 400 meter been lopen in precies 55 seconden. Het andere team is minder goed afgerond; hun eerste hardloper zal hun 400 meter-leg in 60 seconden lopen, dan zal elke volgende hardloper 3 seconden sneller zijn dan de vorige hardloper. Met deze informatie, hoeveel seconden zal het snellere team winnen? ";2
Jerry gooit een zeszijdige dobbelsteen. Hoeveel groter is de kans (uitgedrukt in procent) dat hij een getal groter dan 3 gooit dan dat hij twee even getallen achter elkaar gooit? ;25
Jenna en haar moeder plukten wat appels van hun appelboerderij. Jenna plukte de helft van de appels van haar moeder. Als haar moeder 20 appels kreeg, hoeveel appels hebben ze dan allebei geplukt? ;30
Russell werkt in een dierenwinkel en verdeelt stro onder de knaagdieren. De ratten worden in drie kooien in gelijke groepen gehouden en elke rat krijgt 6 stukken stro. Er zijn 10 kooien met hamsters die alleen worden gehouden en elke hamster krijgt 5 stukken stro. Er is ook een konijnenhok waar 20 stukken stro onder de konijnen worden verdeeld. Er wordt nergens anders in de winkel stro gebruikt. Als er 160 stro stukken onder de kleine knaagdieren zijn verdeeld, hoeveel ratten zitten er dan in elke kooi? ;5
Mandy is Benedict 100 dollar schuldig. Zij zijn overeengekomen om een maandelijkse rente van 2% te hebben. Als Mandy het na drie maanden kon betalen, hoeveel zou ze dan aan Benedict moeten geven? ;106
Een handelaar koopt enkele zakken tarwe van een boer voor 20 dollar per zak. Als het 2 dollar kost om elke zak van de boerderij naar het magazijn te vervoeren, en de handelaar een totale winst van 400 dollar heeft gemaakt nadat hij alle zakken tegen een tarief van 30 dollar per stuk heeft verkocht, hoeveel zakken heeft hij dan verkocht? ;50
Drie vrienden hebben $20,25 uitgegeven aan drie kaartjes voor de kermis. Ook besteedden zij $4,50 minder aan eten dan aan de kaartjes. Ze gingen ook op twee verschillende ritten die $33 per rit kosten. Als ze alle kosten gelijk zouden verdelen, hoeveel zou dan ieder van hen betalen? ;34
John verzamelt perziken voor 3 uur. Hij kan twee perziken per minuut verzamelen. Hoeveel perziken verzamelt hij? ;360
Eenden moeten elke week 2,5 kilo insecten eten om te overleven. Als er een kudde van tien eenden is, hoeveel kilo insecten hebben ze per dag nodig? ;5
Tom plant tien bomen per jaar. Elk jaar hakt hij ook 2 bomen om. Hij begint met 50 bomen. Na 10 jaar sterft 30% van de bomen. Hoeveel bomen heeft hij nog? ;91
Sue woont in een leuke buurt. Op een weekend besloten de buren een grapje te maken met Sue. Op vrijdagmorgen hebben de buren 18 roze plastic flamingo's op de voortuin van Sue gezet. Op zaterdagochtend namen de buren een derde van de flamingo's terug, schilderden ze wit en zetten deze nieuw geschilderde witte flamingo's weer op de voortuin van Sue. Toen, op zondagochtend, voegden ze nog eens 18 roze plastic flamingo's aan de collectie toe. Op zondagmiddag, hoeveel meer roze plastic flamingo's waren er dan witte plastic flamingo's? ;24
Violetta wil nieuwe kleurpotloden kopen. Ze heeft ze nodig in 5 verschillende kleuren en heeft 20 dollar voor deze aankoop voorbereid. Een potlood kost $2. Hoeveel wisselgeld krijgt ze? ;10
Een pen kost evenveel als een potlood en een uitveeg. Een potlood kost $1,20 en een uitveeg kost $0,30. Hoeveel kost 8 pennen? ;12
Er moeten 200 pond wortels worden uitgedeeld aan 40 restaurants in een bepaalde stad. Elk restaurant krijgt een pond wortels. Hoeveel kilo wortels worden er niet gebruikt? ;120
In de stad Soda wonen precies 23786 inwoners. Daaronder vallen 8417 mannen en 9092 vrouwen. De rest van de bevolking bestaat uit kinderen. Hoeveel kinderen zijn er in Soda? ;6277
Elaine had aanvankelijk 20 Pokémon kaarten. Na een maand had ze drie keer zoveel geld verzameld. In de tweede maand verzamelde ze 20 kaarten minder dan in de eerste maand. In de derde maand verzamelde ze twee keer zoveel pokemon kaarten als in de eerste en tweede maand. Hoeveel pokemon kaarten heeft ze nu in totaal? ;320
Mark is een copy-editor. Hij redigeert elke week een gelijk aantal zinnen voor twee verschillende uitgevers, die hem elk een ander tarief per zin betalen. Uitgever B betaalt Mark twee keer zoveel als Uitgever A. Mark redigeert in totaal 1000 zinnen per week en uitgever A betaalt hem 5 cent per zin. Hoeveel verdient Mark per week, in centen? ;7500
Baldur haalt water uit een bron. Hij krijgt elke ochtend 5 emmers water en elke middag 6 emmers water. Als elke emmer 5 liter water bevat, hoeveel liter water krijgt hij dan per dag? ;55
John wint een prijs op het werk. De prijs heeft een eenmalige geldelijke beloning van $5000 en een 5% salarisverhoging. Als hij 2000 per week verdient, elke week van het jaar en hij kreeg de prijs op de eerste dag van het jaar hoeveel geld heeft hij dat jaar verdiend? ;114200
Josie kweekt druiven op haar boerderij van 10 hectare. Elke hectare produceert 5 ton druiven per jaar, en elke ton druiven maakt 2 vaten wijn. Hoeveel vaten wijn produceert haar boerderij per jaar? ;100
Carl's lievelingseten is kaas. Hij at deze week elke dag een broodje voor de lunch en gebruikte 2 plakjes kaas op elke broodje. Hij at kaas- en ei-omeletten voor het ontbijt drie dagen per week... met één stuk meer per omelet dan per broodje. Hij maakte een groot bord macaroni met kaas, genoeg voor meerdere maaltijden in de week, en gebruikte er acht plakken kaas in. Hoeveel stukjes kaas heeft hij gebruikt? ;31
Janet had 22 groene pennen en 10 gele pennen. Toen kocht ze 6 zakken blauwe pennen en 2 zakken rode pennen. Er waren 9 pennen in elke zak blauw en 6 pennen in elke zak rood. Hoeveel pennen heeft Janet nu? ;98
Brinley zit in Mr. Bert's wiskundeles. Mr Bert geeft zes tests per semester. Hij laat de studenten de laagste score van het gemiddelde aftrekken elk semester. Als Brinley een score van 89, 71, 92, 100 en 86 heeft op de eerste vijf tests, welke score heeft ze nodig op de zesde test om een gemiddelde van 93 te krijgen? ;98
Michael houdt van fietsen. Hij reed er minstens vijf keer per week op en maakte elke keer 25 kilometer. Hij deed dat vier weken lang, en toen besloot hij, om slechts twee keer per week op de fiets te rijden, maar voor 60 kilometer elke keer, en dat deed hij drie weken lang. Hoeveel kilometer heeft Michael in totaal gereden? ;860
Joe's zak met Halloween snoep heeft 25 chocoladerepen en 80 geconfectioneerde appels. Elke chocoladereep weegt twee keer zoveel als elke gezoete appel. Als elke chocoladereep 40 gram weegt, hoeveel weegt Joe's zak snoep dan, in gram? ;2600
Rose ging maandag naar de winkel en kocht vier taarten. Dinsdag ging ze naar een andere winkel en kocht drie keer zoveel gebak. Op woensdag ging ze naar een andere winkel en kocht 5 keer zoveel gebak als op dinsdag. Hoeveel koekjes heeft ze na drie dagen gekocht? ;76
Twintig dozijn kopjes kosten $1200 minder dan de totale kosten van een half dozijn borden die elk $6000 kosten. Bereken de totale kosten van de aankoop van elke beker. ;145
Sara wil een nieuw jasje en twee paar schoenen kopen. Het jasje kost 30 dollar en de schoenen 20 dollar. Sara babysit de kinderen van de buren vier keer, en verdient $5 voor elke keer dat ze op ze past. Haar ouders betalen haar $4 voor elke keer dat ze het gras maagt. Als Sara al tien dollar had gespaard voor ze begon met babysitten, hoe vaak moet ze dan het gras maaien voor ze het jasje en de schoenen kan betalen? ;10
Jerry heeft een kudde kippen. De rode kippen produceren 3 eieren per dag en de witte kippen produceren 5 eieren per dag. Elke dag verzamelt Jerry 42 eieren. Als hij twee meer witte kippen heeft dan rode kippen, hoeveel rode kippen heeft hij dan? ;4
Gary wandelt graag rond de rand van het plaatselijke park, een rechthoek die 1,5 bij 6 mijl is. Als hij loopt met 5 km/uur, hoeveel uur loopt hij dan? ;5
Sloane telt 100 klanten die de winkel binnenkomen. De volgende dag telt ze 50 klanten meer dan de eerste dag. Als het totale aantal klanten op de derde dag 500 was, hoeveel klanten had ze dan op de derde dag? ;250
Jerry heeft twee zwembaden, beide met lekkages die ze leegmaken met 4 gallons per minuut. Vier minuten geleden had het grote zwembad twee keer zoveel water als het kleine. Nu heeft het grote zwembad vier keer zoveel water als het kleine zwembad. Hoeveel water heeft het kleine zwembad nu? ;8
Lori wil een paar schoenen van $320 kopen en een bijpassende riem die $32.00 kost. Haar deeltijdbaan betaalt haar $8 per uur. Hoeveel uren moet ze werken voor ze haar aankoop kan doen? ;44
Janeth leende 2000 dollar en beloofde het terug te betalen met nog eens 10% van het bedrag. Als zij gedurende 12 maanden 165 dollar per maand gaat betalen, hoeveel zal Janeth dan nog over hebben? ;220
Er zitten vier rozen in de vaas. Er zitten 7 meer dahlia's dan rozen in de vaas. Hoeveel bloemen zijn er in totaal in de vaas? ;15
Adrian is drie keer zo oud als Harriet, en Harriet is de helft zo oud als Zack. Bereken de gemiddelde leeftijd van de drie over drie jaar als Harriet nu 21 is. ;45
Vier studenten scoorden in totaal 251 punten in een bordspel. Naomi scoorde 68 punten. Yuri scoorde 10 punten meer dan de helft van Naomi en Brianna scoorde 17 punten meer dan Naomi. Hoeveel punten scoorde Jojo? ;54
Carmen heeft tien minuten nodig om een kruiswoordpuzzel te maken en vijf minuten om een sudoku puzzel te maken. In het weekend heeft ze drie kruiswoordpuzzels en acht sudoku puzzels opgelost. Hoeveel tijd besteedde ze aan deze spelletjes? ;70
Een waterreservoir is gevuld met 120 liter water. Celine gebruikte 90 liter water uit de tank om haar kleine tuin te bewateren. Ze was toen in staat om twee keer zoveel regenwater op te vangen als wat er over was. Hoeveel liter water zit er nu in de tank? ;90
Andy plant 90 geraniums en 40 minder petunias dan geraniums. Hoeveel bloemen plant hij in totaal? ;140
Een bedrijf besteedt 15.000 dollar aan reclame voor een jaar, en dan besteedt een derde van dat bedrag aan reclame voor een volgend jaar. Wat is het totale bedrag dat het bedrijf besteedde aan reclame voor de twee jaar? ;20000
Carlos en Benji zijn op het strand. Carlos huurt een kano voor $30 per uur en Benji huurt een bananenboot voor $18 per uur. Als Carlos de boot 3 uur gebruikt en Benji de vlot 5 uur, hoeveel betalen ze dan voor hun huur? ;180
Andrew is van plan een road trip te maken van New Jersey naar Rochester. Het duurt zes dagen om met de bus te reizen en half zoveel dagen om met de auto van New Jersey naar Rochester te reizen. Hoeveel dagen zal hij reizen als hij van plan is om naar Rochester te gaan met de bus en terug te keren van Rochester met de auto? ;9
James telt zijn Pokémon kaarten. Hij heeft 30 vuur type, 20 gras type, en 40 water type. Als hij 8 van het watertype verliest en 14 van het grastype koopt, wat is de kans (afgerond op het dichtstbijzijnde gehele getal) dat een willekeurig gekozen kaart een watertype is? ;33
Chad bestelde een 'bouw-je-eigen-burrito' voor de lunch. De burrito kost $6.50. Hij voegt extra vlees toe voor $2, extra kaas voor $1, avocado voor $1, en 2 sauzen voor $0,25 per stuk. Hij besluit zijn maaltijd te verbeteren voor een extra $3.00 waarmee hij chips en een drankje toevoegt. Hij heeft een cadeaukaart van $5,00 die hij gebruikt bij het uitchecken. Hoeveel is hij nog schuldig? ;9
Kalinda werkt aan een puzzel met 360 stukken met haar moeder. Kalinda kan normaal 4 stukken per minuut toevoegen. Haar moeder kan meestal de helft zoveel stukken per minuut plaatsen als Kalinda. Hoeveel uur zullen ze nodig hebben om deze puzzel te voltooien? ;1
Een watermeloenboerderij bracht 120 babywatermeloenen voort. Ashlyn ging na twee maanden naar de boerderij en ontdekte dat 30% van de watermeloenen klaar was voor de oogst, dus nam ze ze mee naar huis. Toen ze twee weken later terugkwam, waren driekwart van de overgebleven meloenen klaar, dus oogstte ze ze. Hoeveel meloenen waren er na twee weken nog niet klaar om geoogst te worden? ;21
Mark koopt een vloot van 12 auto's voor zijn bedrijf. Elke auto verkoopt voor 20.000 dollar. Hij betaalt 10% belasting op de auto's en nog eens 1000 dollar voor de registratie van elk van hen. Hoeveel betaalt hij voor alles? ;276000
Kylie en Robert gaan graag naar het strand om schelpen te verzamelen. Op maandag verzamelt Kylie 5 meer kogels dan Robert, die 20 verzamelt. Op dinsdag verzamelt Kylie twee keer zoveel kogels als op maandag. Hoeveel kogels verzamelt Kylie op dinsdag? ;50
Dax ging naar hun boerderij om wat appels te plukken en vond de helft zoveel insecten als mieren in de tuin. Als er 50 mieren waren, bereken dan het totale aantal insecten in de tuin. ;75
Er zijn 36 pinguïns die in de sneeuw zonnebaden. Een derde van hen springt in en zwemt in de oceaan. Een derde gaat de grot in om te eten. Hoeveel pinguïns zijn er nog over om te zonnebaden? ;12
Steve besluit om meer tomaten te gaan eten en besluit om zijn eigen cherry tomaten te kweken. Hij eet twee keer zoveel als zijn vriendin. Hij eet er zes per dag. Als een wijnstok 3 tomaten per week kan produceren, hoeveel wijnstokken heeft hij dan nodig? ;21
John bestelt wat pizza's om met zijn vrienden te delen. Er zijn in totaal 20 vrienden en John wil ervoor zorgen dat iedereen 4 plakjes kan krijgen. Pizza's worden alleen verkocht in 8 porties gesneden. Hoeveel pizza's moet John bestellen? ;10
Ram gebruikt veel pennen. Hij ontdekte dat hij geld kon besparen door de inkt van vijf lege pennen te mengen tot één volle pen. Als hij 25 pennen koopt en ze vervolgens gebruikt om nieuwe pennen te maken als de inkt op is, hoeveel pennen krijgt hij dan in totaal? ;31
Johnny nam zijn zakgeld van $20 en voegde er nog eens $10 aan toe. Hij investeerde dit bedrag, dat in een jaar drie keer zo groot was geworden. Hoeveel geld had hij na een jaar? ;90
Mary is twee jaar jonger dan Joan, die vijf jaar ouder is dan Jessa. Als Jessa 20 jaar oud is, wat is dan de som van de leeftijden van de drie meisjes? ;68
Het aantal leerlingen in een schoolzaal was 1000. De hal had 3 ingangen A, B en C die ook als uitgangen dienden. Als na een vergadering 30% van de studenten het gebouw via uitgang A verlaten heeft, 3/5 van de resterende via uitgang B en de rest via uitgang C, bereken dan het aantal studenten dat via uitgang C is uitgegaan. ;280
James heeft zes snoepjes meer dan Robert. John heeft twee keer zoveel snoep als Robert. Als John 54 snoepjes heeft, hoeveel snoepjes heeft John dan James? ;21
Dolly heeft twee boeken. Pandora heeft er een. Als Dolly en Pandora elkaars boeken lezen, en ook hun eigen boeken, hoeveel boeken zullen ze dan samen hebben gelezen? ;6
Mike had vijf penvrienden. Hij was geen briefvriend meer met twee van hen. Ze sturen elk twee brieven per week die vijf pagina's lang zijn. Hij reageert op dezelfde manier. Hij kan elke zes minuten een bladzijde schrijven. Hoeveel uur per week schrijft hij? ;3
Jason heeft een telefoonplan van 1000 minuten per maand. Elke dag heeft hij 15 minuten met zijn baas en hij heeft deze maand 300 extra minuten gehad met andere mensen. Hoeveel minuten heeft Jason nog over als deze maand 30 dagen heeft? ;250
Griffin had 24 frietjes, maar Kyle nam er vijf. Billy nam twee keer zoveel als Kyle. Ginger gaf Griffin een handvol van haar frietjes, en toen nam Colby van Griffin 3 minder dan het aantal frietjes dat Kyle had genomen. Als Griffin uiteindelijk 27 frietjes had, hoeveel frietjes gaf Ginger Griffin dan? ;20
Er zijn 4 slakken in één aquarium en 32 slakken in een ander aquarium. Het verschil tussen het aantal slakken in de twee aquaria is twee keer zo groot als het aantal vissen in beide aquaria. Als beide aquaria hetzelfde aantal vissen bevatten, hoeveel vissen zijn er dan in elk aquarium? ;7
Jeans make-up artist rekent haar 250 dollar per uur. Ze heeft heel dure make-up nodig voor een film waar ze in speelt en het duurt 6 uur om het te doen elke dag en ze moet het 4 keer per week doen. De film duurt vijf weken. Na afloop van de film geeft de make-up artist Jean 10% korting vanwege de hoeveelheid werk die is gedaan. Hoeveel heeft Jean betaald? ;27000
Isabelle kocht feestartikelen voor het verjaardagsfeestje van haar zusje. Ze gaf $12 uit aan ingrediënten voor de taart, $43 aan verjaardagscadeaus, $15 aan decoraties, $4 aan uitnodigingen en $22 aan goodies voor de feestgasten. Ze deelde de kosten gelijkmatig met haar beide ouders. Hoeveel dollar heeft elke persoon betaald? ;32
Een chef kocht 4 zakken uien. Elke zak weegt 50 pond. Een pond uien kost $1,50. Hoeveel heeft de chef-kok uitgegeven? ;300
Op maandag at Sue vier keer zoveel koekjes als haar zus. Op dinsdag at ze twee keer zoveel koekjes als haar zus. Haar zuster at 5 koekjes op maandag en 13 de volgende dag. Als 1 koekje 200 calorieën bevat, hoeveel calorieën heeft Sue dan meer verbruikt dan haar zus? ;5600
